[92mINFO [0m:      Starting Flower SuperNode
[92mINFO [0m:      Flower Deployment Runtime: Starting ClientAppIo API on 0.0.0.0:9094
[92mINFO [0m:      SuperNode ID: 9330532410756169329
[92mINFO [0m:      Starting Flower SuperExec
[92mINFO [0m:      
[92mINFO [0m:      [RUN 10048486011876909256]
[92mINFO [0m:      Receiving: evaluate message (ID: ba22ada125bdc9d3f599f63da6d2012dfd5c43a13584e3d7ff2c21fe201bb036)
[92mINFO [0m:      Received successfully
[92mINFO [0m:      Start `flwr-clientapp` process
[92mINFO [0m:      
[92mINFO [0m:      
[92mINFO [0m:      [RUN 10048486011876909256]
[92mINFO [0m:      Sending: evaluate message (ID: 3c789ce7a66719394518f1927dc696a9b3d0bd818ca30729ae6354a54140782c)
[92mINFO [0m:      Sent successfully
[92mINFO [0m:      
[92mINFO [0m:      [RUN 10048486011876909256, ROUND 1]
[92mINFO [0m:      Receiving: train message (ID: 9ebe7d13439e5095331ac70f776b9e8d83308ed7b8eea7566a127700a4686024)
[92mINFO [0m:      Received successfully
[92mINFO [0m:      Start `flwr-clientapp` process
[pipeline] conectando ao banco: postgresql://mosaicfl:senhaForte@localhost:5432/mo...
[pipeline] conexão OK
[pipeline] executando query (max_seq_len=128 — pode levar alguns minutos)...
[pipeline] query concluída em 8.3s — 1,681,666 linhas
[pipeline] filtrado para hospital_id='BPSP' — 1,681,666 linhas
[pipeline] 43,105 atendimentos únicos encontrados
[pipeline] usando vocabulário pré-compartilhado — 541 tokens
[pipeline] construindo tensores para 43,105 sequências...
[pipeline] tensores: 4,310/43,105 (10%)
[pipeline] tensores: 8,620/43,105 (20%)
[pipeline] tensores: 12,930/43,105 (30%)
[pipeline] tensores: 17,240/43,105 (40%)
[pipeline] tensores: 21,550/43,105 (50%)
[pipeline] tensores: 25,860/43,105 (60%)
[pipeline] tensores: 30,170/43,105 (70%)
[pipeline] tensores: 34,480/43,105 (80%)
[pipeline] tensores: 38,790/43,105 (90%)
[pipeline] tensores: 43,100/43,105 (100%)
[pipeline] tensores prontos em 5.1s
[pipeline] concluído em 13.8s total — 43,105 pacientes | dist={0: 29385, 1: 380, 2: 249, 3: 10267, 4: 2824} | demográficos: age_mean=0.49 sex_M=20267/43105
[92mINFO [0m:      
[92mINFO [0m:      [RUN 10048486011876909256, ROUND 1]
[92mINFO [0m:      Sending: train message (ID: 145cbd3f2984edc8792b90f5e606e09ed488e3aefe64556f4b0b9e4970f45227)
[92mINFO [0m:      
[92mINFO [0m:      Sent successfully
[92mINFO [0m:      
[92mINFO [0m:      [RUN 10048486011876909256, ROUND 1]
[92mINFO [0m:      Receiving: evaluate message (ID: 54a8aeb077a9c9f6a73df67f4a296715c2e24c560d96db6518153f70a1064844)
[92mINFO [0m:      Received successfully
[92mINFO [0m:      Start `flwr-clientapp` process
[pipeline] conectando ao banco: postgresql://mosaicfl:senhaForte@localhost:5432/mo...
[pipeline] conexão OK
[pipeline] executando query (max_seq_len=128 — pode levar alguns minutos)...
[pipeline] query concluída em 8.3s — 1,681,666 linhas
[pipeline] filtrado para hospital_id='BPSP' — 1,681,666 linhas
[pipeline] 43,105 atendimentos únicos encontrados
[pipeline] usando vocabulário pré-compartilhado — 541 tokens
[pipeline] construindo tensores para 43,105 sequências...
[pipeline] tensores: 4,310/43,105 (10%)
[pipeline] tensores: 8,620/43,105 (20%)
[pipeline] tensores: 12,930/43,105 (30%)
[pipeline] tensores: 17,240/43,105 (40%)
[pipeline] tensores: 21,550/43,105 (50%)
[pipeline] tensores: 25,860/43,105 (60%)
[pipeline] tensores: 30,170/43,105 (70%)
[pipeline] tensores: 34,480/43,105 (80%)
[pipeline] tensores: 38,790/43,105 (90%)
[pipeline] tensores: 43,100/43,105 (100%)
[pipeline] tensores prontos em 5.2s
[pipeline] concluído em 14.0s total — 43,105 pacientes | dist={0: 29385, 1: 380, 2: 249, 3: 10267, 4: 2824} | demográficos: age_mean=0.49 sex_M=20267/43105
[92mINFO [0m:      
[92mINFO [0m:      [RUN 10048486011876909256, ROUND 1]
[92mINFO [0m:      Sending: evaluate message (ID: 22452fb217d8eaed329575a1b99735e492fa0a31e109ad5141a193111c9ec651)
[92mINFO [0m:      Sent successfully
[92mINFO [0m:      
[92mINFO [0m:      
[92mINFO [0m:      [RUN 10048486011876909256, ROUND 2]
[92mINFO [0m:      Receiving: train message (ID: 9a0bdb109e9edaf12e70b8e965457cd27632d97362d7755454f034f9e525d96b)
[92mINFO [0m:      Received successfully
[92mINFO [0m:      Start `flwr-clientapp` process
[pipeline] conectando ao banco: postgresql://mosaicfl:senhaForte@localhost:5432/mo...
[pipeline] conexão OK
[pipeline] executando query (max_seq_len=128 — pode levar alguns minutos)...
[pipeline] query concluída em 8.4s — 1,681,666 linhas
[pipeline] filtrado para hospital_id='BPSP' — 1,681,666 linhas
[pipeline] 43,105 atendimentos únicos encontrados
[pipeline] usando vocabulário pré-compartilhado — 541 tokens
[pipeline] construindo tensores para 43,105 sequências...
[pipeline] tensores: 4,310/43,105 (10%)
[pipeline] tensores: 8,620/43,105 (20%)
[pipeline] tensores: 12,930/43,105 (30%)
[pipeline] tensores: 17,240/43,105 (40%)
[pipeline] tensores: 21,550/43,105 (50%)
[pipeline] tensores: 25,860/43,105 (60%)
[pipeline] tensores: 30,170/43,105 (70%)
[pipeline] tensores: 34,480/43,105 (80%)
[pipeline] tensores: 38,790/43,105 (90%)
[pipeline] tensores: 43,100/43,105 (100%)
[pipeline] tensores prontos em 5.1s
[pipeline] concluído em 13.9s total — 43,105 pacientes | dist={0: 29385, 1: 380, 2: 249, 3: 10267, 4: 2824} | demográficos: age_mean=0.49 sex_M=20267/43105
[92mINFO [0m:      
[92mINFO [0m:      
[92mINFO [0m:      [RUN 10048486011876909256, ROUND 2]
[92mINFO [0m:      Sending: train message (ID: 72759beeef0b7cec6939ccb22152d386a5a1f0a13ecf2fb5d530e58b72a154de)
[92mINFO [0m:      Sent successfully
[92mINFO [0m:      
[92mINFO [0m:      [RUN 10048486011876909256, ROUND 2]
[92mINFO [0m:      Receiving: evaluate message (ID: acd6c4e1533c46c50c61379a5386b2e3a1ed2df941ed1efc9f2e9290760de518)
[92mINFO [0m:      Received successfully
[92mINFO [0m:      Start `flwr-clientapp` process
[pipeline] conectando ao banco: postgresql://mosaicfl:senhaForte@localhost:5432/mo...
[pipeline] conexão OK
[pipeline] executando query (max_seq_len=128 — pode levar alguns minutos)...
[pipeline] query concluída em 8.3s — 1,681,666 linhas
[pipeline] filtrado para hospital_id='BPSP' — 1,681,666 linhas
[pipeline] 43,105 atendimentos únicos encontrados
[pipeline] usando vocabulário pré-compartilhado — 541 tokens
[pipeline] construindo tensores para 43,105 sequências...
[pipeline] tensores: 4,310/43,105 (10%)
[pipeline] tensores: 8,620/43,105 (20%)
[pipeline] tensores: 12,930/43,105 (30%)
[pipeline] tensores: 17,240/43,105 (40%)
[pipeline] tensores: 21,550/43,105 (50%)
[pipeline] tensores: 25,860/43,105 (60%)
[pipeline] tensores: 30,170/43,105 (70%)
[pipeline] tensores: 34,480/43,105 (80%)
[pipeline] tensores: 38,790/43,105 (90%)
[pipeline] tensores: 43,100/43,105 (100%)
[pipeline] tensores prontos em 5.0s
[pipeline] concluído em 13.7s total — 43,105 pacientes | dist={0: 29385, 1: 380, 2: 249, 3: 10267, 4: 2824} | demográficos: age_mean=0.49 sex_M=20267/43105
[92mINFO [0m:      
[92mINFO [0m:      
[92mINFO [0m:      [RUN 10048486011876909256, ROUND 2]
[92mINFO [0m:      Sending: evaluate message (ID: e0ae9c181053dfd74234f0c56e5e3ebe22df614b3aa55d71fa87fbf57637a4f6)
[92mINFO [0m:      Sent successfully
[92mINFO [0m:      
[92mINFO [0m:      [RUN 10048486011876909256, ROUND 3]
[92mINFO [0m:      Receiving: train message (ID: 78519cf172c666cef456b0d63157a07c043843cd06b4dff2e733864cd4b37e07)
[92mINFO [0m:      Received successfully
[92mINFO [0m:      Start `flwr-clientapp` process
[pipeline] conectando ao banco: postgresql://mosaicfl:senhaForte@localhost:5432/mo...
[pipeline] conexão OK
[pipeline] executando query (max_seq_len=128 — pode levar alguns minutos)...
[pipeline] query concluída em 8.3s — 1,681,666 linhas
[pipeline] filtrado para hospital_id='BPSP' — 1,681,666 linhas
[pipeline] 43,105 atendimentos únicos encontrados
[pipeline] usando vocabulário pré-compartilhado — 541 tokens
[pipeline] construindo tensores para 43,105 sequências...
[pipeline] tensores: 4,310/43,105 (10%)
[pipeline] tensores: 8,620/43,105 (20%)
[pipeline] tensores: 12,930/43,105 (30%)
[pipeline] tensores: 17,240/43,105 (40%)
[pipeline] tensores: 21,550/43,105 (50%)
[pipeline] tensores: 25,860/43,105 (60%)
[pipeline] tensores: 30,170/43,105 (70%)
[pipeline] tensores: 34,480/43,105 (80%)
[pipeline] tensores: 38,790/43,105 (90%)
[pipeline] tensores: 43,100/43,105 (100%)
[pipeline] tensores prontos em 5.2s
[pipeline] concluído em 13.9s total — 43,105 pacientes | dist={0: 29385, 1: 380, 2: 249, 3: 10267, 4: 2824} | demográficos: age_mean=0.49 sex_M=20267/43105
[92mINFO [0m:      
[92mINFO [0m:      
[92mINFO [0m:      [RUN 10048486011876909256, ROUND 3]
[92mINFO [0m:      Sending: train message (ID: 1526188742d21f4725fde0f8569bdda093707122b9451104b83dc73bec7e78c6)
[92mINFO [0m:      Sent successfully
[92mINFO [0m:      
[92mINFO [0m:      [RUN 10048486011876909256, ROUND 3]
[92mINFO [0m:      Receiving: evaluate message (ID: 420dd3c9af574605fc428cceef9bf100b3eb6931d4f0ee3a4edebde19fe5d477)
[92mINFO [0m:      Received successfully
[92mINFO [0m:      Start `flwr-clientapp` process
[pipeline] conectando ao banco: postgresql://mosaicfl:senhaForte@localhost:5432/mo...
[pipeline] conexão OK
[pipeline] executando query (max_seq_len=128 — pode levar alguns minutos)...
[pipeline] query concluída em 8.3s — 1,681,666 linhas
[pipeline] filtrado para hospital_id='BPSP' — 1,681,666 linhas
[pipeline] 43,105 atendimentos únicos encontrados
[pipeline] usando vocabulário pré-compartilhado — 541 tokens
[pipeline] construindo tensores para 43,105 sequências...
[pipeline] tensores: 4,310/43,105 (10%)
[pipeline] tensores: 8,620/43,105 (20%)
[pipeline] tensores: 12,930/43,105 (30%)
[pipeline] tensores: 17,240/43,105 (40%)
[pipeline] tensores: 21,550/43,105 (50%)
[pipeline] tensores: 25,860/43,105 (60%)
[pipeline] tensores: 30,170/43,105 (70%)
[pipeline] tensores: 34,480/43,105 (80%)
[pipeline] tensores: 38,790/43,105 (90%)
[pipeline] tensores: 43,100/43,105 (100%)
[pipeline] tensores prontos em 5.1s
[pipeline] concluído em 13.9s total — 43,105 pacientes | dist={0: 29385, 1: 380, 2: 249, 3: 10267, 4: 2824} | demográficos: age_mean=0.49 sex_M=20267/43105
[92mINFO [0m:      
[92mINFO [0m:      [RUN 10048486011876909256, ROUND 3]
[92mINFO [0m:      Sending: evaluate message (ID: 54305fbaeac7d1f320ce068353e90bc82933513ae3fa8d514fecb9821c278ffd)
[92mINFO [0m:      Sent successfully
[92mINFO [0m:      
[92mINFO [0m:      
[92mINFO [0m:      [RUN 10048486011876909256, ROUND 4]
[92mINFO [0m:      Receiving: train message (ID: 2917c98f5bd616d7a64ff70a58b230a1d0ca7e9b789ac7c8a11951015e6e1929)
[92mINFO [0m:      Received successfully
[92mINFO [0m:      Start `flwr-clientapp` process
[pipeline] conectando ao banco: postgresql://mosaicfl:senhaForte@localhost:5432/mo...
[pipeline] conexão OK
[pipeline] executando query (max_seq_len=128 — pode levar alguns minutos)...
[pipeline] query concluída em 8.3s — 1,681,666 linhas
[pipeline] filtrado para hospital_id='BPSP' — 1,681,666 linhas
[pipeline] 43,105 atendimentos únicos encontrados
[pipeline] usando vocabulário pré-compartilhado — 541 tokens
[pipeline] construindo tensores para 43,105 sequências...
[pipeline] tensores: 4,310/43,105 (10%)
[pipeline] tensores: 8,620/43,105 (20%)
[pipeline] tensores: 12,930/43,105 (30%)
[pipeline] tensores: 17,240/43,105 (40%)
[pipeline] tensores: 21,550/43,105 (50%)
[pipeline] tensores: 25,860/43,105 (60%)
[pipeline] tensores: 30,170/43,105 (70%)
[pipeline] tensores: 34,480/43,105 (80%)
[pipeline] tensores: 38,790/43,105 (90%)
[pipeline] tensores: 43,100/43,105 (100%)
[pipeline] tensores prontos em 5.2s
[pipeline] concluído em 13.8s total — 43,105 pacientes | dist={0: 29385, 1: 380, 2: 249, 3: 10267, 4: 2824} | demográficos: age_mean=0.49 sex_M=20267/43105
[92mINFO [0m:      
[92mINFO [0m:      
[92mINFO [0m:      [RUN 10048486011876909256, ROUND 4]
[92mINFO [0m:      Sending: train message (ID: 340268b9445f9869c260e1984b6242111aab374d5ce81a9f07072309b005c2a5)
[92mINFO [0m:      Sent successfully
[92mINFO [0m:      
[92mINFO [0m:      [RUN 10048486011876909256, ROUND 4]
[92mINFO [0m:      Receiving: evaluate message (ID: e3b2772dbe59eb9c9c0c7c7c49b93d354f3f100f88870075c0d1038d40c489c2)
[92mINFO [0m:      Received successfully
[92mINFO [0m:      Start `flwr-clientapp` process
[pipeline] conectando ao banco: postgresql://mosaicfl:senhaForte@localhost:5432/mo...
[pipeline] conexão OK
[pipeline] executando query (max_seq_len=128 — pode levar alguns minutos)...
[pipeline] query concluída em 8.3s — 1,681,666 linhas
[pipeline] filtrado para hospital_id='BPSP' — 1,681,666 linhas
[pipeline] 43,105 atendimentos únicos encontrados
[pipeline] usando vocabulário pré-compartilhado — 541 tokens
[pipeline] construindo tensores para 43,105 sequências...
[pipeline] tensores: 4,310/43,105 (10%)
[pipeline] tensores: 8,620/43,105 (20%)
[pipeline] tensores: 12,930/43,105 (30%)
[pipeline] tensores: 17,240/43,105 (40%)
[pipeline] tensores: 21,550/43,105 (50%)
[pipeline] tensores: 25,860/43,105 (60%)
[pipeline] tensores: 30,170/43,105 (70%)
[pipeline] tensores: 34,480/43,105 (80%)
[pipeline] tensores: 38,790/43,105 (90%)
[pipeline] tensores: 43,100/43,105 (100%)
[pipeline] tensores prontos em 5.1s
[pipeline] concluído em 13.8s total — 43,105 pacientes | dist={0: 29385, 1: 380, 2: 249, 3: 10267, 4: 2824} | demográficos: age_mean=0.49 sex_M=20267/43105
[92mINFO [0m:      
[92mINFO [0m:      
[92mINFO [0m:      [RUN 10048486011876909256, ROUND 4]
[92mINFO [0m:      Sending: evaluate message (ID: 3c8c521c3a4829dccf412c0b790ee70dd7879ca903b7421ba0fae867b755bd11)
[92mINFO [0m:      Sent successfully
[92mINFO [0m:      
[92mINFO [0m:      [RUN 10048486011876909256, ROUND 5]
[92mINFO [0m:      Receiving: train message (ID: 005cd072d0c45a11c450b305be695d75913c3560ad8a72b6f54a67a229e87549)
[92mINFO [0m:      Received successfully
[92mINFO [0m:      Start `flwr-clientapp` process
[pipeline] conectando ao banco: postgresql://mosaicfl:senhaForte@localhost:5432/mo...
[pipeline] conexão OK
[pipeline] executando query (max_seq_len=128 — pode levar alguns minutos)...
[pipeline] query concluída em 8.3s — 1,681,666 linhas
[pipeline] filtrado para hospital_id='BPSP' — 1,681,666 linhas
[pipeline] 43,105 atendimentos únicos encontrados
[pipeline] usando vocabulário pré-compartilhado — 541 tokens
[pipeline] construindo tensores para 43,105 sequências...
[pipeline] tensores: 4,310/43,105 (10%)
[pipeline] tensores: 8,620/43,105 (20%)
[pipeline] tensores: 12,930/43,105 (30%)
[pipeline] tensores: 17,240/43,105 (40%)
[pipeline] tensores: 21,550/43,105 (50%)
[pipeline] tensores: 25,860/43,105 (60%)
[pipeline] tensores: 30,170/43,105 (70%)
[pipeline] tensores: 34,480/43,105 (80%)
[pipeline] tensores: 38,790/43,105 (90%)
[pipeline] tensores: 43,100/43,105 (100%)
[pipeline] tensores prontos em 5.1s
[pipeline] concluído em 13.8s total — 43,105 pacientes | dist={0: 29385, 1: 380, 2: 249, 3: 10267, 4: 2824} | demográficos: age_mean=0.49 sex_M=20267/43105
[92mINFO [0m:      
[92mINFO [0m:      [RUN 10048486011876909256, ROUND 5]
[92mINFO [0m:      Sending: train message (ID: 828d6d1e65616749c50d7631edbfb884dc924a5095486b44c536d09c09b21f99)
[92mINFO [0m:      
[92mINFO [0m:      Sent successfully
[92mINFO [0m:      
[92mINFO [0m:      [RUN 10048486011876909256, ROUND 5]
[92mINFO [0m:      Receiving: evaluate message (ID: 2b0dd0da85093a1fb91a7b0824a68e5e1982fed1b02b93716a3712171fed5537)
[92mINFO [0m:      Received successfully
[92mINFO [0m:      Start `flwr-clientapp` process
[pipeline] conectando ao banco: postgresql://mosaicfl:senhaForte@localhost:5432/mo...
[pipeline] conexão OK
[pipeline] executando query (max_seq_len=128 — pode levar alguns minutos)...
[pipeline] query concluída em 8.4s — 1,681,666 linhas
[pipeline] filtrado para hospital_id='BPSP' — 1,681,666 linhas
[pipeline] 43,105 atendimentos únicos encontrados
[pipeline] usando vocabulário pré-compartilhado — 541 tokens
[pipeline] construindo tensores para 43,105 sequências...
[pipeline] tensores: 4,310/43,105 (10%)
[pipeline] tensores: 8,620/43,105 (20%)
[pipeline] tensores: 12,930/43,105 (30%)
[pipeline] tensores: 17,240/43,105 (40%)
[pipeline] tensores: 21,550/43,105 (50%)
[pipeline] tensores: 25,860/43,105 (60%)
[pipeline] tensores: 30,170/43,105 (70%)
[pipeline] tensores: 34,480/43,105 (80%)
[pipeline] tensores: 38,790/43,105 (90%)
[pipeline] tensores: 43,100/43,105 (100%)
[pipeline] tensores prontos em 5.1s
[pipeline] concluído em 13.9s total — 43,105 pacientes | dist={0: 29385, 1: 380, 2: 249, 3: 10267, 4: 2824} | demográficos: age_mean=0.49 sex_M=20267/43105
[92mINFO [0m:      
[92mINFO [0m:      
[92mINFO [0m:      [RUN 10048486011876909256, ROUND 5]
[92mINFO [0m:      Sending: evaluate message (ID: d30c961b21354b616b62ab71318bee4d433aae704f196b564808a45c28b6825a)
[92mINFO [0m:      Sent successfully
[92mINFO [0m:      
[92mINFO [0m:      [RUN 10048486011876909256, ROUND 6]
[92mINFO [0m:      Receiving: train message (ID: 2316e2525a6b299b4185295c70e130aec936bee33ba993827c85af414215674f)
[92mINFO [0m:      Received successfully
[92mINFO [0m:      Start `flwr-clientapp` process
[pipeline] conectando ao banco: postgresql://mosaicfl:senhaForte@localhost:5432/mo...
[pipeline] conexão OK
[pipeline] executando query (max_seq_len=128 — pode levar alguns minutos)...
[pipeline] query concluída em 8.3s — 1,681,666 linhas
[pipeline] filtrado para hospital_id='BPSP' — 1,681,666 linhas
[pipeline] 43,105 atendimentos únicos encontrados
[pipeline] usando vocabulário pré-compartilhado — 541 tokens
[pipeline] construindo tensores para 43,105 sequências...
[pipeline] tensores: 4,310/43,105 (10%)
[pipeline] tensores: 8,620/43,105 (20%)
[pipeline] tensores: 12,930/43,105 (30%)
[pipeline] tensores: 17,240/43,105 (40%)
[pipeline] tensores: 21,550/43,105 (50%)
[pipeline] tensores: 25,860/43,105 (60%)
[pipeline] tensores: 30,170/43,105 (70%)
[pipeline] tensores: 34,480/43,105 (80%)
[pipeline] tensores: 38,790/43,105 (90%)
[pipeline] tensores: 43,100/43,105 (100%)
[pipeline] tensores prontos em 5.1s
[pipeline] concluído em 13.9s total — 43,105 pacientes | dist={0: 29385, 1: 380, 2: 249, 3: 10267, 4: 2824} | demográficos: age_mean=0.49 sex_M=20267/43105
[92mINFO [0m:      
[92mINFO [0m:      
[92mINFO [0m:      [RUN 10048486011876909256, ROUND 6]
[92mINFO [0m:      Sending: train message (ID: 2b7b1b5b9af10cf676f41942b9204feb211105f12da654fc402520b6b154a815)
[92mINFO [0m:      Sent successfully
[92mINFO [0m:      
[92mINFO [0m:      [RUN 10048486011876909256, ROUND 6]
[92mINFO [0m:      Receiving: evaluate message (ID: 7a1485075d28a81b79ec29d754265d55e66ce324163fda54869616cffaf8967e)
[92mINFO [0m:      Received successfully
[92mINFO [0m:      Start `flwr-clientapp` process
[pipeline] conectando ao banco: postgresql://mosaicfl:senhaForte@localhost:5432/mo...
[pipeline] conexão OK
[pipeline] executando query (max_seq_len=128 — pode levar alguns minutos)...
[pipeline] query concluída em 8.4s — 1,681,666 linhas
[pipeline] filtrado para hospital_id='BPSP' — 1,681,666 linhas
[pipeline] 43,105 atendimentos únicos encontrados
[pipeline] usando vocabulário pré-compartilhado — 541 tokens
[pipeline] construindo tensores para 43,105 sequências...
[pipeline] tensores: 4,310/43,105 (10%)
[pipeline] tensores: 8,620/43,105 (20%)
[pipeline] tensores: 12,930/43,105 (30%)
[pipeline] tensores: 17,240/43,105 (40%)
[pipeline] tensores: 21,550/43,105 (50%)
[pipeline] tensores: 25,860/43,105 (60%)
[pipeline] tensores: 30,170/43,105 (70%)
[pipeline] tensores: 34,480/43,105 (80%)
[pipeline] tensores: 38,790/43,105 (90%)
[pipeline] tensores: 43,100/43,105 (100%)
[pipeline] tensores prontos em 5.1s
[pipeline] concluído em 13.9s total — 43,105 pacientes | dist={0: 29385, 1: 380, 2: 249, 3: 10267, 4: 2824} | demográficos: age_mean=0.49 sex_M=20267/43105
[92mINFO [0m:      
[92mINFO [0m:      
[92mINFO [0m:      [RUN 10048486011876909256, ROUND 6]
[92mINFO [0m:      Sending: evaluate message (ID: 978ea46c6a7cc0bbf2c9bc4ac14ac4d5abd04d41e7688646b94d7231cd6ef657)
[92mINFO [0m:      Sent successfully
[92mINFO [0m:      
[92mINFO [0m:      [RUN 10048486011876909256, ROUND 7]
[92mINFO [0m:      Receiving: train message (ID: d8dd51b91ad273139437233f6cd20a78fef64183ac7ade780483e26951269768)
[92mINFO [0m:      Received successfully
[92mINFO [0m:      Start `flwr-clientapp` process
[pipeline] conectando ao banco: postgresql://mosaicfl:senhaForte@localhost:5432/mo...
[pipeline] conexão OK
[pipeline] executando query (max_seq_len=128 — pode levar alguns minutos)...
[pipeline] query concluída em 8.3s — 1,681,666 linhas
[pipeline] filtrado para hospital_id='BPSP' — 1,681,666 linhas
[pipeline] 43,105 atendimentos únicos encontrados
[pipeline] usando vocabulário pré-compartilhado — 541 tokens
[pipeline] construindo tensores para 43,105 sequências...
[pipeline] tensores: 4,310/43,105 (10%)
[pipeline] tensores: 8,620/43,105 (20%)
[pipeline] tensores: 12,930/43,105 (30%)
[pipeline] tensores: 17,240/43,105 (40%)
[pipeline] tensores: 21,550/43,105 (50%)
[pipeline] tensores: 25,860/43,105 (60%)
[pipeline] tensores: 30,170/43,105 (70%)
[pipeline] tensores: 34,480/43,105 (80%)
[pipeline] tensores: 38,790/43,105 (90%)
[pipeline] tensores: 43,100/43,105 (100%)
[pipeline] tensores prontos em 5.0s
[pipeline] concluído em 13.7s total — 43,105 pacientes | dist={0: 29385, 1: 380, 2: 249, 3: 10267, 4: 2824} | demográficos: age_mean=0.49 sex_M=20267/43105
[92mINFO [0m:      
[92mINFO [0m:      
[92mINFO [0m:      [RUN 10048486011876909256, ROUND 7]
[92mINFO [0m:      Sending: train message (ID: 0b0e49546e83ddad4e6cd31125661b9e5ed5e75ab1ad48c6326f6da05ad3d7ff)
[92mINFO [0m:      Sent successfully
[92mINFO [0m:      
[92mINFO [0m:      [RUN 10048486011876909256, ROUND 7]
[92mINFO [0m:      Receiving: evaluate message (ID: 7cd774cdcdcc578bef8719a914f5dd2f51cbc5719cdb3e688ad6c269b5d05887)
[92mINFO [0m:      Received successfully
[92mINFO [0m:      Start `flwr-clientapp` process
[pipeline] conectando ao banco: postgresql://mosaicfl:senhaForte@localhost:5432/mo...
[pipeline] conexão OK
[pipeline] executando query (max_seq_len=128 — pode levar alguns minutos)...
[pipeline] query concluída em 8.4s — 1,681,666 linhas
[pipeline] filtrado para hospital_id='BPSP' — 1,681,666 linhas
[pipeline] 43,105 atendimentos únicos encontrados
[pipeline] usando vocabulário pré-compartilhado — 541 tokens
[pipeline] construindo tensores para 43,105 sequências...
[pipeline] tensores: 4,310/43,105 (10%)
[pipeline] tensores: 8,620/43,105 (20%)
[pipeline] tensores: 12,930/43,105 (30%)
[pipeline] tensores: 17,240/43,105 (40%)
[pipeline] tensores: 21,550/43,105 (50%)
[pipeline] tensores: 25,860/43,105 (60%)
[pipeline] tensores: 30,170/43,105 (70%)
[pipeline] tensores: 34,480/43,105 (80%)
[pipeline] tensores: 38,790/43,105 (90%)
[pipeline] tensores: 43,100/43,105 (100%)
[pipeline] tensores prontos em 5.2s
[pipeline] concluído em 14.0s total — 43,105 pacientes | dist={0: 29385, 1: 380, 2: 249, 3: 10267, 4: 2824} | demográficos: age_mean=0.49 sex_M=20267/43105
[92mINFO [0m:      
[92mINFO [0m:      
[92mINFO [0m:      [RUN 10048486011876909256, ROUND 7]
[92mINFO [0m:      Sending: evaluate message (ID: a3934fa3eab8028b3554eae5139a49fb14bef98ae80f979fa947e69b759015bc)
[92mINFO [0m:      Sent successfully
[92mINFO [0m:      
[92mINFO [0m:      [RUN 10048486011876909256, ROUND 8]
[92mINFO [0m:      Receiving: train message (ID: 0f4bd709cc057ba042ce19dff8487a8bdd2e806d2e19c2f5cef1beac07f65734)
[92mINFO [0m:      Received successfully
[92mINFO [0m:      Start `flwr-clientapp` process
[pipeline] conectando ao banco: postgresql://mosaicfl:senhaForte@localhost:5432/mo...
[pipeline] conexão OK
[pipeline] executando query (max_seq_len=128 — pode levar alguns minutos)...
[pipeline] query concluída em 8.3s — 1,681,666 linhas
[pipeline] filtrado para hospital_id='BPSP' — 1,681,666 linhas
[pipeline] 43,105 atendimentos únicos encontrados
[pipeline] usando vocabulário pré-compartilhado — 541 tokens
[pipeline] construindo tensores para 43,105 sequências...
[pipeline] tensores: 4,310/43,105 (10%)
[pipeline] tensores: 8,620/43,105 (20%)
[pipeline] tensores: 12,930/43,105 (30%)
[pipeline] tensores: 17,240/43,105 (40%)
[pipeline] tensores: 21,550/43,105 (50%)
[pipeline] tensores: 25,860/43,105 (60%)
[pipeline] tensores: 30,170/43,105 (70%)
[pipeline] tensores: 34,480/43,105 (80%)
[pipeline] tensores: 38,790/43,105 (90%)
[pipeline] tensores: 43,100/43,105 (100%)
[pipeline] tensores prontos em 5.1s
[pipeline] concluído em 13.9s total — 43,105 pacientes | dist={0: 29385, 1: 380, 2: 249, 3: 10267, 4: 2824} | demográficos: age_mean=0.49 sex_M=20267/43105
[92mINFO [0m:      
[92mINFO [0m:      
[92mINFO [0m:      [RUN 10048486011876909256, ROUND 8]
[92mINFO [0m:      Sending: train message (ID: 805969236baf75ef3c9925cf90b20af5bdb6d4cbecb6432e73326bbe5168915f)
[92mINFO [0m:      Sent successfully
[92mINFO [0m:      
[92mINFO [0m:      [RUN 10048486011876909256, ROUND 8]
[92mINFO [0m:      Receiving: evaluate message (ID: 42ff8ae7d876070947b75a8eec5a3d63584b57a866685d0adbb5c99ecf551e4e)
[92mINFO [0m:      Received successfully
[92mINFO [0m:      Start `flwr-clientapp` process
[pipeline] conectando ao banco: postgresql://mosaicfl:senhaForte@localhost:5432/mo...
[pipeline] conexão OK
[pipeline] executando query (max_seq_len=128 — pode levar alguns minutos)...
[pipeline] query concluída em 8.3s — 1,681,666 linhas
[pipeline] filtrado para hospital_id='BPSP' — 1,681,666 linhas
[pipeline] 43,105 atendimentos únicos encontrados
[pipeline] usando vocabulário pré-compartilhado — 541 tokens
[pipeline] construindo tensores para 43,105 sequências...
[pipeline] tensores: 4,310/43,105 (10%)
[pipeline] tensores: 8,620/43,105 (20%)
[pipeline] tensores: 12,930/43,105 (30%)
[pipeline] tensores: 17,240/43,105 (40%)
[pipeline] tensores: 21,550/43,105 (50%)
[pipeline] tensores: 25,860/43,105 (60%)
[pipeline] tensores: 30,170/43,105 (70%)
[pipeline] tensores: 34,480/43,105 (80%)
[pipeline] tensores: 38,790/43,105 (90%)
[pipeline] tensores: 43,100/43,105 (100%)
[pipeline] tensores prontos em 5.2s
[pipeline] concluído em 13.9s total — 43,105 pacientes | dist={0: 29385, 1: 380, 2: 249, 3: 10267, 4: 2824} | demográficos: age_mean=0.49 sex_M=20267/43105
[92mINFO [0m:      
[92mINFO [0m:      
[92mINFO [0m:      [RUN 10048486011876909256, ROUND 8]
[92mINFO [0m:      Sending: evaluate message (ID: c2fb2d9b67fb21e0e4a126c8597af1e6dbb01ab76206eaf62f46dec43ec6f230)
[92mINFO [0m:      Sent successfully
[92mINFO [0m:      
[92mINFO [0m:      [RUN 10048486011876909256, ROUND 9]
[92mINFO [0m:      Receiving: train message (ID: 5e652586d96e69c3fdf44680bd9b2bdca40a2ed1feba86933692d9f9651de413)
[92mINFO [0m:      Received successfully
[92mINFO [0m:      Start `flwr-clientapp` process
[pipeline] conectando ao banco: postgresql://mosaicfl:senhaForte@localhost:5432/mo...
[pipeline] conexão OK
[pipeline] executando query (max_seq_len=128 — pode levar alguns minutos)...
[pipeline] query concluída em 8.4s — 1,681,666 linhas
[pipeline] filtrado para hospital_id='BPSP' — 1,681,666 linhas
[pipeline] 43,105 atendimentos únicos encontrados
[pipeline] usando vocabulário pré-compartilhado — 541 tokens
[pipeline] construindo tensores para 43,105 sequências...
[pipeline] tensores: 4,310/43,105 (10%)
[pipeline] tensores: 8,620/43,105 (20%)
[pipeline] tensores: 12,930/43,105 (30%)
[pipeline] tensores: 17,240/43,105 (40%)
[pipeline] tensores: 21,550/43,105 (50%)
[pipeline] tensores: 25,860/43,105 (60%)
[pipeline] tensores: 30,170/43,105 (70%)
[pipeline] tensores: 34,480/43,105 (80%)
[pipeline] tensores: 38,790/43,105 (90%)
[pipeline] tensores: 43,100/43,105 (100%)
[pipeline] tensores prontos em 5.1s
[pipeline] concluído em 13.9s total — 43,105 pacientes | dist={0: 29385, 1: 380, 2: 249, 3: 10267, 4: 2824} | demográficos: age_mean=0.49 sex_M=20267/43105
[92mINFO [0m:      
[92mINFO [0m:      
[92mINFO [0m:      [RUN 10048486011876909256, ROUND 9]
[92mINFO [0m:      Sending: train message (ID: cafd4e183ebba14aaafdd9446904ceba721f9914540d28eee196f839e3201ad2)
[92mINFO [0m:      Sent successfully
[92mINFO [0m:      
[92mINFO [0m:      [RUN 10048486011876909256, ROUND 9]
[92mINFO [0m:      Receiving: evaluate message (ID: 7a64f9dba88192545c63cfc0c7f41d85011de9e9597c103e7cfc37d069f58fad)
[92mINFO [0m:      Received successfully
[92mINFO [0m:      Start `flwr-clientapp` process
[pipeline] conectando ao banco: postgresql://mosaicfl:senhaForte@localhost:5432/mo...
[pipeline] conexão OK
[pipeline] executando query (max_seq_len=128 — pode levar alguns minutos)...
[pipeline] query concluída em 8.2s — 1,681,666 linhas
[pipeline] filtrado para hospital_id='BPSP' — 1,681,666 linhas
[pipeline] 43,105 atendimentos únicos encontrados
[pipeline] usando vocabulário pré-compartilhado — 541 tokens
[pipeline] construindo tensores para 43,105 sequências...
[pipeline] tensores: 4,310/43,105 (10%)
[pipeline] tensores: 8,620/43,105 (20%)
[pipeline] tensores: 12,930/43,105 (30%)
[pipeline] tensores: 17,240/43,105 (40%)
[pipeline] tensores: 21,550/43,105 (50%)
[pipeline] tensores: 25,860/43,105 (60%)
[pipeline] tensores: 30,170/43,105 (70%)
[pipeline] tensores: 34,480/43,105 (80%)
[pipeline] tensores: 38,790/43,105 (90%)
[pipeline] tensores: 43,100/43,105 (100%)
[pipeline] tensores prontos em 5.2s
[pipeline] concluído em 13.8s total — 43,105 pacientes | dist={0: 29385, 1: 380, 2: 249, 3: 10267, 4: 2824} | demográficos: age_mean=0.49 sex_M=20267/43105
[92mINFO [0m:      
[92mINFO [0m:      
[92mINFO [0m:      [RUN 10048486011876909256, ROUND 9]
[92mINFO [0m:      Sending: evaluate message (ID: 8bb7c94e12d6b7830bdaac388838d409eff8d9fd5cf170a946cecf65016eb262)
[92mINFO [0m:      Sent successfully
[92mINFO [0m:      
[92mINFO [0m:      [RUN 10048486011876909256, ROUND 10]
[92mINFO [0m:      Receiving: train message (ID: 5deca385680c8c2e315a1fe8bbc3bf9ead22727b23c5720a6998b4ff2df51d4c)
[92mINFO [0m:      Received successfully
[92mINFO [0m:      Start `flwr-clientapp` process
[pipeline] conectando ao banco: postgresql://mosaicfl:senhaForte@localhost:5432/mo...
[pipeline] conexão OK
[pipeline] executando query (max_seq_len=128 — pode levar alguns minutos)...
[pipeline] query concluída em 8.2s — 1,681,666 linhas
[pipeline] filtrado para hospital_id='BPSP' — 1,681,666 linhas
[pipeline] 43,105 atendimentos únicos encontrados
[pipeline] usando vocabulário pré-compartilhado — 541 tokens
[pipeline] construindo tensores para 43,105 sequências...
[pipeline] tensores: 4,310/43,105 (10%)
[pipeline] tensores: 8,620/43,105 (20%)
[pipeline] tensores: 12,930/43,105 (30%)
[pipeline] tensores: 17,240/43,105 (40%)
[pipeline] tensores: 21,550/43,105 (50%)
[pipeline] tensores: 25,860/43,105 (60%)
[pipeline] tensores: 30,170/43,105 (70%)
[pipeline] tensores: 34,480/43,105 (80%)
[pipeline] tensores: 38,790/43,105 (90%)
[pipeline] tensores: 43,100/43,105 (100%)
[pipeline] tensores prontos em 5.2s
[pipeline] concluído em 13.8s total — 43,105 pacientes | dist={0: 29385, 1: 380, 2: 249, 3: 10267, 4: 2824} | demográficos: age_mean=0.49 sex_M=20267/43105
[92mINFO [0m:      
[92mINFO [0m:      
[92mINFO [0m:      [RUN 10048486011876909256, ROUND 10]
[92mINFO [0m:      Sending: train message (ID: f9386f5988ffa1dbb3ac3266bd4814f1f8940628a4ed02e64876d96c47803776)
[92mINFO [0m:      Sent successfully
[92mINFO [0m:      
[92mINFO [0m:      [RUN 10048486011876909256, ROUND 10]
[92mINFO [0m:      Receiving: evaluate message (ID: 1a2afe65717e17d3e0e8ccd745f2e888bc1d95c0a659334b6f8d78db97f5ed9e)
[92mINFO [0m:      Received successfully
[92mINFO [0m:      Start `flwr-clientapp` process
[pipeline] conectando ao banco: postgresql://mosaicfl:senhaForte@localhost:5432/mo...
[pipeline] conexão OK
[pipeline] executando query (max_seq_len=128 — pode levar alguns minutos)...
[pipeline] query concluída em 8.3s — 1,681,666 linhas
[pipeline] filtrado para hospital_id='BPSP' — 1,681,666 linhas
[pipeline] 43,105 atendimentos únicos encontrados
[pipeline] usando vocabulário pré-compartilhado — 541 tokens
[pipeline] construindo tensores para 43,105 sequências...
[pipeline] tensores: 4,310/43,105 (10%)
[pipeline] tensores: 8,620/43,105 (20%)
[pipeline] tensores: 12,930/43,105 (30%)
[pipeline] tensores: 17,240/43,105 (40%)
[pipeline] tensores: 21,550/43,105 (50%)
[pipeline] tensores: 25,860/43,105 (60%)
[pipeline] tensores: 30,170/43,105 (70%)
[pipeline] tensores: 34,480/43,105 (80%)
[pipeline] tensores: 38,790/43,105 (90%)
[pipeline] tensores: 43,100/43,105 (100%)
[pipeline] tensores prontos em 5.0s
[pipeline] concluído em 13.7s total — 43,105 pacientes | dist={0: 29385, 1: 380, 2: 249, 3: 10267, 4: 2824} | demográficos: age_mean=0.49 sex_M=20267/43105
[92mINFO [0m:      
[92mINFO [0m:      
[92mINFO [0m:      [RUN 10048486011876909256, ROUND 10]
[92mINFO [0m:      Sending: evaluate message (ID: 4cbf96205e726ec4fba7b7cc6b3482ef0f531de51e3c67a597319457a12091d6)
[92mINFO [0m:      Sent successfully
[92mINFO [0m:      
[92mINFO [0m:      [RUN 10048486011876909256, ROUND 11]
[92mINFO [0m:      Receiving: train message (ID: eab4c1efd9442239c5851c5ae98af299c02ac551565aaa87b53f4aa00b2fef68)
[92mINFO [0m:      Received successfully
[92mINFO [0m:      Start `flwr-clientapp` process
[pipeline] conectando ao banco: postgresql://mosaicfl:senhaForte@localhost:5432/mo...
[pipeline] conexão OK
[pipeline] executando query (max_seq_len=128 — pode levar alguns minutos)...
[pipeline] query concluída em 8.2s — 1,681,666 linhas
[pipeline] filtrado para hospital_id='BPSP' — 1,681,666 linhas
[pipeline] 43,105 atendimentos únicos encontrados
[pipeline] usando vocabulário pré-compartilhado — 541 tokens
[pipeline] construindo tensores para 43,105 sequências...
[pipeline] tensores: 4,310/43,105 (10%)
[pipeline] tensores: 8,620/43,105 (20%)
[pipeline] tensores: 12,930/43,105 (30%)
[pipeline] tensores: 17,240/43,105 (40%)
[pipeline] tensores: 21,550/43,105 (50%)
[pipeline] tensores: 25,860/43,105 (60%)
[pipeline] tensores: 30,170/43,105 (70%)
[pipeline] tensores: 34,480/43,105 (80%)
[pipeline] tensores: 38,790/43,105 (90%)
[pipeline] tensores: 43,100/43,105 (100%)
[pipeline] tensores prontos em 5.0s
[pipeline] concluído em 13.6s total — 43,105 pacientes | dist={0: 29385, 1: 380, 2: 249, 3: 10267, 4: 2824} | demográficos: age_mean=0.49 sex_M=20267/43105
[92mINFO [0m:      
[92mINFO [0m:      
[92mINFO [0m:      [RUN 10048486011876909256, ROUND 11]
[92mINFO [0m:      Sending: train message (ID: e34b90c775eccd6120d9acc65cb06c8c22c5c3ffc6959f014ddb81b3e0395970)
[92mINFO [0m:      Sent successfully
[92mINFO [0m:      
[92mINFO [0m:      [RUN 10048486011876909256, ROUND 11]
[92mINFO [0m:      Receiving: evaluate message (ID: 778261e5907908ef276bbd20b6934d20d8818f51e2fdf58eadd96cc97017cafb)
[92mINFO [0m:      Received successfully
[92mINFO [0m:      Start `flwr-clientapp` process
[pipeline] conectando ao banco: postgresql://mosaicfl:senhaForte@localhost:5432/mo...
[pipeline] conexão OK
[pipeline] executando query (max_seq_len=128 — pode levar alguns minutos)...
[pipeline] query concluída em 8.2s — 1,681,666 linhas
[pipeline] filtrado para hospital_id='BPSP' — 1,681,666 linhas
[pipeline] 43,105 atendimentos únicos encontrados
[pipeline] usando vocabulário pré-compartilhado — 541 tokens
[pipeline] construindo tensores para 43,105 sequências...
[pipeline] tensores: 4,310/43,105 (10%)
[pipeline] tensores: 8,620/43,105 (20%)
[pipeline] tensores: 12,930/43,105 (30%)
[pipeline] tensores: 17,240/43,105 (40%)
[pipeline] tensores: 21,550/43,105 (50%)
[pipeline] tensores: 25,860/43,105 (60%)
[pipeline] tensores: 30,170/43,105 (70%)
[pipeline] tensores: 34,480/43,105 (80%)
[pipeline] tensores: 38,790/43,105 (90%)
[pipeline] tensores: 43,100/43,105 (100%)
[pipeline] tensores prontos em 5.0s
[pipeline] concluído em 13.6s total — 43,105 pacientes | dist={0: 29385, 1: 380, 2: 249, 3: 10267, 4: 2824} | demográficos: age_mean=0.49 sex_M=20267/43105
[92mINFO [0m:      
[92mINFO [0m:      [RUN 10048486011876909256, ROUND 11]
[92mINFO [0m:      Sending: evaluate message (ID: a44235eb0a9797f90022533f2e63e1f8db871e1ae91a4ba732fa998732e4f34b)
[92mINFO [0m:      Sent successfully
[92mINFO [0m:      
[92mINFO [0m:      
[92mINFO [0m:      [RUN 10048486011876909256, ROUND 12]
[92mINFO [0m:      Receiving: train message (ID: 1c2306b5369a6bf0937cfde65a3edf0bc195aad998159576d908d3b70e8e87e0)
[92mINFO [0m:      Received successfully
[92mINFO [0m:      Start `flwr-clientapp` process
[pipeline] conectando ao banco: postgresql://mosaicfl:senhaForte@localhost:5432/mo...
[pipeline] conexão OK
[pipeline] executando query (max_seq_len=128 — pode levar alguns minutos)...
[pipeline] query concluída em 8.3s — 1,681,666 linhas
[pipeline] filtrado para hospital_id='BPSP' — 1,681,666 linhas
[pipeline] 43,105 atendimentos únicos encontrados
[pipeline] usando vocabulário pré-compartilhado — 541 tokens
[pipeline] construindo tensores para 43,105 sequências...
[pipeline] tensores: 4,310/43,105 (10%)
[pipeline] tensores: 8,620/43,105 (20%)
[pipeline] tensores: 12,930/43,105 (30%)
[pipeline] tensores: 17,240/43,105 (40%)
[pipeline] tensores: 21,550/43,105 (50%)
[pipeline] tensores: 25,860/43,105 (60%)
[pipeline] tensores: 30,170/43,105 (70%)
[pipeline] tensores: 34,480/43,105 (80%)
[pipeline] tensores: 38,790/43,105 (90%)
[pipeline] tensores: 43,100/43,105 (100%)
[pipeline] tensores prontos em 5.0s
[pipeline] concluído em 13.7s total — 43,105 pacientes | dist={0: 29385, 1: 380, 2: 249, 3: 10267, 4: 2824} | demográficos: age_mean=0.49 sex_M=20267/43105
[92mINFO [0m:      
[92mINFO [0m:      [RUN 10048486011876909256, ROUND 12]
[92mINFO [0m:      Sending: train message (ID: 62e5172f7414b311c3020fa0d963c6828c0d09511784f19782e55bee830b8a4e)
[92mINFO [0m:      
[92mINFO [0m:      Sent successfully
[92mINFO [0m:      
[92mINFO [0m:      [RUN 10048486011876909256, ROUND 12]
[92mINFO [0m:      Receiving: evaluate message (ID: fd9eecc7cce48c3f6fd9f793761213b086f6c99e58a2ea5f67e1641206106cfe)
[92mINFO [0m:      Received successfully
[92mINFO [0m:      Start `flwr-clientapp` process
[pipeline] conectando ao banco: postgresql://mosaicfl:senhaForte@localhost:5432/mo...
[pipeline] conexão OK
[pipeline] executando query (max_seq_len=128 — pode levar alguns minutos)...
[pipeline] query concluída em 8.4s — 1,681,666 linhas
[pipeline] filtrado para hospital_id='BPSP' — 1,681,666 linhas
[pipeline] 43,105 atendimentos únicos encontrados
[pipeline] usando vocabulário pré-compartilhado — 541 tokens
[pipeline] construindo tensores para 43,105 sequências...
[pipeline] tensores: 4,310/43,105 (10%)
[pipeline] tensores: 8,620/43,105 (20%)
[pipeline] tensores: 12,930/43,105 (30%)
[pipeline] tensores: 17,240/43,105 (40%)
[pipeline] tensores: 21,550/43,105 (50%)
[pipeline] tensores: 25,860/43,105 (60%)
[pipeline] tensores: 30,170/43,105 (70%)
[pipeline] tensores: 34,480/43,105 (80%)
[pipeline] tensores: 38,790/43,105 (90%)
[pipeline] tensores: 43,100/43,105 (100%)
[pipeline] tensores prontos em 5.1s
[pipeline] concluído em 14.0s total — 43,105 pacientes | dist={0: 29385, 1: 380, 2: 249, 3: 10267, 4: 2824} | demográficos: age_mean=0.49 sex_M=20267/43105
[92mINFO [0m:      
[92mINFO [0m:      
[92mINFO [0m:      [RUN 10048486011876909256, ROUND 12]
[92mINFO [0m:      Sending: evaluate message (ID: bbfae5145a48ee2b2c3d5548d90cd57452acdab7ed0874df255e28b624d844bf)
[92mINFO [0m:      Sent successfully
[92mINFO [0m:      
[92mINFO [0m:      [RUN 10048486011876909256, ROUND 13]
[92mINFO [0m:      Receiving: train message (ID: 0fba19c9b50591275bbcc2634fe190142f07e00b00829c96e5749b3c35360e9e)
[92mINFO [0m:      Received successfully
[92mINFO [0m:      Start `flwr-clientapp` process
[pipeline] conectando ao banco: postgresql://mosaicfl:senhaForte@localhost:5432/mo...
[pipeline] conexão OK
[pipeline] executando query (max_seq_len=128 — pode levar alguns minutos)...
[pipeline] query concluída em 8.2s — 1,681,666 linhas
[pipeline] filtrado para hospital_id='BPSP' — 1,681,666 linhas
[pipeline] 43,105 atendimentos únicos encontrados
[pipeline] usando vocabulário pré-compartilhado — 541 tokens
[pipeline] construindo tensores para 43,105 sequências...
[pipeline] tensores: 4,310/43,105 (10%)
[pipeline] tensores: 8,620/43,105 (20%)
[pipeline] tensores: 12,930/43,105 (30%)
[pipeline] tensores: 17,240/43,105 (40%)
[pipeline] tensores: 21,550/43,105 (50%)
[pipeline] tensores: 25,860/43,105 (60%)
[pipeline] tensores: 30,170/43,105 (70%)
[pipeline] tensores: 34,480/43,105 (80%)
[pipeline] tensores: 38,790/43,105 (90%)
[pipeline] tensores: 43,100/43,105 (100%)
[pipeline] tensores prontos em 4.9s
[pipeline] concluído em 13.5s total — 43,105 pacientes | dist={0: 29385, 1: 380, 2: 249, 3: 10267, 4: 2824} | demográficos: age_mean=0.49 sex_M=20267/43105
[92mINFO [0m:      
[92mINFO [0m:      
[92mINFO [0m:      [RUN 10048486011876909256, ROUND 13]
[92mINFO [0m:      Sending: train message (ID: a62eddf09eaac1cb5f8e0fc393ebde4662ad6acdb75654c705ddbdfb6fb36b0e)
[92mINFO [0m:      Sent successfully
[92mINFO [0m:      
[92mINFO [0m:      [RUN 10048486011876909256, ROUND 13]
[92mINFO [0m:      Receiving: evaluate message (ID: c6c3634ff30e9ad620c316b814921d3cbbe4ea2bda39d0e94d37d4f4e9e1af62)
[92mINFO [0m:      Received successfully
[92mINFO [0m:      Start `flwr-clientapp` process
[pipeline] conectando ao banco: postgresql://mosaicfl:senhaForte@localhost:5432/mo...
[pipeline] conexão OK
[pipeline] executando query (max_seq_len=128 — pode levar alguns minutos)...
[pipeline] query concluída em 8.3s — 1,681,666 linhas
[pipeline] filtrado para hospital_id='BPSP' — 1,681,666 linhas
[pipeline] 43,105 atendimentos únicos encontrados
[pipeline] usando vocabulário pré-compartilhado — 541 tokens
[pipeline] construindo tensores para 43,105 sequências...
[pipeline] tensores: 4,310/43,105 (10%)
[pipeline] tensores: 8,620/43,105 (20%)
[pipeline] tensores: 12,930/43,105 (30%)
[pipeline] tensores: 17,240/43,105 (40%)
[pipeline] tensores: 21,550/43,105 (50%)
[pipeline] tensores: 25,860/43,105 (60%)
[pipeline] tensores: 30,170/43,105 (70%)
[pipeline] tensores: 34,480/43,105 (80%)
[pipeline] tensores: 38,790/43,105 (90%)
[pipeline] tensores: 43,100/43,105 (100%)
[pipeline] tensores prontos em 5.0s
[pipeline] concluído em 13.6s total — 43,105 pacientes | dist={0: 29385, 1: 380, 2: 249, 3: 10267, 4: 2824} | demográficos: age_mean=0.49 sex_M=20267/43105
[92mINFO [0m:      
[92mINFO [0m:      
[92mINFO [0m:      [RUN 10048486011876909256, ROUND 13]
[92mINFO [0m:      Sending: evaluate message (ID: 1075d18989d786e1ed88bb0176217dfefc28b8a2089848cb248a40a76ecee92d)
[92mINFO [0m:      Sent successfully
[92mINFO [0m:      
[92mINFO [0m:      [RUN 10048486011876909256, ROUND 14]
[92mINFO [0m:      Receiving: train message (ID: 7bbc31dcd7f5a8fe730efc625ad857b5318fb548d75628faff324eb0dd53a6d8)
[92mINFO [0m:      Received successfully
[92mINFO [0m:      Start `flwr-clientapp` process
[pipeline] conectando ao banco: postgresql://mosaicfl:senhaForte@localhost:5432/mo...
[pipeline] conexão OK
[pipeline] executando query (max_seq_len=128 — pode levar alguns minutos)...
[pipeline] query concluída em 8.2s — 1,681,666 linhas
[pipeline] filtrado para hospital_id='BPSP' — 1,681,666 linhas
[pipeline] 43,105 atendimentos únicos encontrados
[pipeline] usando vocabulário pré-compartilhado — 541 tokens
[pipeline] construindo tensores para 43,105 sequências...
[pipeline] tensores: 4,310/43,105 (10%)
[pipeline] tensores: 8,620/43,105 (20%)
[pipeline] tensores: 12,930/43,105 (30%)
[pipeline] tensores: 17,240/43,105 (40%)
[pipeline] tensores: 21,550/43,105 (50%)
[pipeline] tensores: 25,860/43,105 (60%)
[pipeline] tensores: 30,170/43,105 (70%)
[pipeline] tensores: 34,480/43,105 (80%)
[pipeline] tensores: 38,790/43,105 (90%)
[pipeline] tensores: 43,100/43,105 (100%)
[pipeline] tensores prontos em 4.9s
[pipeline] concluído em 13.5s total — 43,105 pacientes | dist={0: 29385, 1: 380, 2: 249, 3: 10267, 4: 2824} | demográficos: age_mean=0.49 sex_M=20267/43105
[92mINFO [0m:      
[92mINFO [0m:      [RUN 10048486011876909256, ROUND 14]
[92mINFO [0m:      Sending: train message (ID: d71036848e53967afdf18890e4894a1f888159ce5331b46b7f3a10f389ee2840)
[92mINFO [0m:      
[92mINFO [0m:      Sent successfully
[92mINFO [0m:      
[92mINFO [0m:      [RUN 10048486011876909256, ROUND 14]
[92mINFO [0m:      Receiving: evaluate message (ID: a0f0e28ec4b6beab7b51e1dc8b1678166d40eb390686cd149b371cfc359ed1e9)
[92mINFO [0m:      Received successfully
[92mINFO [0m:      Start `flwr-clientapp` process
[pipeline] conectando ao banco: postgresql://mosaicfl:senhaForte@localhost:5432/mo...
[pipeline] conexão OK
[pipeline] executando query (max_seq_len=128 — pode levar alguns minutos)...
[pipeline] query concluída em 8.3s — 1,681,666 linhas
[pipeline] filtrado para hospital_id='BPSP' — 1,681,666 linhas
[pipeline] 43,105 atendimentos únicos encontrados
[pipeline] usando vocabulário pré-compartilhado — 541 tokens
[pipeline] construindo tensores para 43,105 sequências...
[pipeline] tensores: 4,310/43,105 (10%)
[pipeline] tensores: 8,620/43,105 (20%)
[pipeline] tensores: 12,930/43,105 (30%)
[pipeline] tensores: 17,240/43,105 (40%)
[pipeline] tensores: 21,550/43,105 (50%)
[pipeline] tensores: 25,860/43,105 (60%)
[pipeline] tensores: 30,170/43,105 (70%)
[pipeline] tensores: 34,480/43,105 (80%)
[pipeline] tensores: 38,790/43,105 (90%)
[pipeline] tensores: 43,100/43,105 (100%)
[pipeline] tensores prontos em 5.1s
[pipeline] concluído em 13.8s total — 43,105 pacientes | dist={0: 29385, 1: 380, 2: 249, 3: 10267, 4: 2824} | demográficos: age_mean=0.49 sex_M=20267/43105
[92mINFO [0m:      
[92mINFO [0m:      
[92mINFO [0m:      [RUN 10048486011876909256, ROUND 14]
[92mINFO [0m:      Sending: evaluate message (ID: 931b6a15d83e85300b01c5c8908fa6c420002e90423177f7d73807c76cfe5805)
[92mINFO [0m:      Sent successfully
[92mINFO [0m:      
[92mINFO [0m:      [RUN 10048486011876909256, ROUND 15]
[92mINFO [0m:      Receiving: train message (ID: 56d0c09039dae8a4afd324125180304ff661607a17f09259347c7b0c1aeed81b)
[92mINFO [0m:      Received successfully
[92mINFO [0m:      Start `flwr-clientapp` process
[pipeline] conectando ao banco: postgresql://mosaicfl:senhaForte@localhost:5432/mo...
[pipeline] conexão OK
[pipeline] executando query (max_seq_len=128 — pode levar alguns minutos)...
[pipeline] query concluída em 8.2s — 1,681,666 linhas
[pipeline] filtrado para hospital_id='BPSP' — 1,681,666 linhas
[pipeline] 43,105 atendimentos únicos encontrados
[pipeline] usando vocabulário pré-compartilhado — 541 tokens
[pipeline] construindo tensores para 43,105 sequências...
[pipeline] tensores: 4,310/43,105 (10%)
[pipeline] tensores: 8,620/43,105 (20%)
[pipeline] tensores: 12,930/43,105 (30%)
[pipeline] tensores: 17,240/43,105 (40%)
[pipeline] tensores: 21,550/43,105 (50%)
[pipeline] tensores: 25,860/43,105 (60%)
[pipeline] tensores: 30,170/43,105 (70%)
[pipeline] tensores: 34,480/43,105 (80%)
[pipeline] tensores: 38,790/43,105 (90%)
[pipeline] tensores: 43,100/43,105 (100%)
[pipeline] tensores prontos em 5.1s
[pipeline] concluído em 13.7s total — 43,105 pacientes | dist={0: 29385, 1: 380, 2: 249, 3: 10267, 4: 2824} | demográficos: age_mean=0.49 sex_M=20267/43105
[92mINFO [0m:      
[92mINFO [0m:      [RUN 10048486011876909256, ROUND 15]
[92mINFO [0m:      Sending: train message (ID: 41fe66605af3ab7ce10e49805925d7af9d19175190b3134d4cee02dc7523aa11)
[92mINFO [0m:      
[92mINFO [0m:      Sent successfully
[92mINFO [0m:      
[92mINFO [0m:      [RUN 10048486011876909256, ROUND 15]
[92mINFO [0m:      Receiving: evaluate message (ID: dcd83f7b45c72df94f98c6d3fd2c8232d6a30ee071c196fdad4ced77e58feb75)
[92mINFO [0m:      Received successfully
[92mINFO [0m:      Start `flwr-clientapp` process
[pipeline] conectando ao banco: postgresql://mosaicfl:senhaForte@localhost:5432/mo...
[pipeline] conexão OK
[pipeline] executando query (max_seq_len=128 — pode levar alguns minutos)...
[pipeline] query concluída em 8.5s — 1,681,666 linhas
[pipeline] filtrado para hospital_id='BPSP' — 1,681,666 linhas
[pipeline] 43,105 atendimentos únicos encontrados
[pipeline] usando vocabulário pré-compartilhado — 541 tokens
[pipeline] construindo tensores para 43,105 sequências...
[pipeline] tensores: 4,310/43,105 (10%)
[pipeline] tensores: 8,620/43,105 (20%)
[pipeline] tensores: 12,930/43,105 (30%)
[pipeline] tensores: 17,240/43,105 (40%)
[pipeline] tensores: 21,550/43,105 (50%)
[pipeline] tensores: 25,860/43,105 (60%)
[pipeline] tensores: 30,170/43,105 (70%)
[pipeline] tensores: 34,480/43,105 (80%)
[pipeline] tensores: 38,790/43,105 (90%)
[pipeline] tensores: 43,100/43,105 (100%)
[pipeline] tensores prontos em 5.2s
[pipeline] concluído em 14.1s total — 43,105 pacientes | dist={0: 29385, 1: 380, 2: 249, 3: 10267, 4: 2824} | demográficos: age_mean=0.49 sex_M=20267/43105
[92mINFO [0m:      
[92mINFO [0m:      
[92mINFO [0m:      [RUN 10048486011876909256, ROUND 15]
[92mINFO [0m:      Sending: evaluate message (ID: 10ca0a2e77879582fc737f286751a5262e56fe8aab00694cff65f2db050644bc)
[92mINFO [0m:      Sent successfully
[92mINFO [0m:      
[92mINFO [0m:      [RUN 10048486011876909256, ROUND 16]
[92mINFO [0m:      Receiving: train message (ID: 3c6aa43bf6c0e7e44462e4bc5334ac3d497133c92581a9270ea9e4e10b793263)
[92mINFO [0m:      Received successfully
[92mINFO [0m:      Start `flwr-clientapp` process
[pipeline] conectando ao banco: postgresql://mosaicfl:senhaForte@localhost:5432/mo...
[pipeline] conexão OK
[pipeline] executando query (max_seq_len=128 — pode levar alguns minutos)...
[pipeline] query concluída em 8.3s — 1,681,666 linhas
[pipeline] filtrado para hospital_id='BPSP' — 1,681,666 linhas
[pipeline] 43,105 atendimentos únicos encontrados
[pipeline] usando vocabulário pré-compartilhado — 541 tokens
[pipeline] construindo tensores para 43,105 sequências...
[pipeline] tensores: 4,310/43,105 (10%)
[pipeline] tensores: 8,620/43,105 (20%)
[pipeline] tensores: 12,930/43,105 (30%)
[pipeline] tensores: 17,240/43,105 (40%)
[pipeline] tensores: 21,550/43,105 (50%)
[pipeline] tensores: 25,860/43,105 (60%)
[pipeline] tensores: 30,170/43,105 (70%)
[pipeline] tensores: 34,480/43,105 (80%)
[pipeline] tensores: 38,790/43,105 (90%)
[pipeline] tensores: 43,100/43,105 (100%)
[pipeline] tensores prontos em 5.2s
[pipeline] concluído em 13.8s total — 43,105 pacientes | dist={0: 29385, 1: 380, 2: 249, 3: 10267, 4: 2824} | demográficos: age_mean=0.49 sex_M=20267/43105
[92mINFO [0m:      
[92mINFO [0m:      
[92mINFO [0m:      [RUN 10048486011876909256, ROUND 16]
[92mINFO [0m:      Sending: train message (ID: 314028309a1224d64d41d0ffebd2a1a1c9cc12a275ef5804e12993c0fef9e48b)
[92mINFO [0m:      Sent successfully
[92mINFO [0m:      
[92mINFO [0m:      [RUN 10048486011876909256, ROUND 16]
[92mINFO [0m:      Receiving: evaluate message (ID: 7a29f094c71bb98aae1746ac880a7029439c113fdbfa49958a1d7a78044bf628)
[92mINFO [0m:      Received successfully
[92mINFO [0m:      Start `flwr-clientapp` process
[pipeline] conectando ao banco: postgresql://mosaicfl:senhaForte@localhost:5432/mo...
[pipeline] conexão OK
[pipeline] executando query (max_seq_len=128 — pode levar alguns minutos)...
[pipeline] query concluída em 8.3s — 1,681,666 linhas
[pipeline] filtrado para hospital_id='BPSP' — 1,681,666 linhas
[pipeline] 43,105 atendimentos únicos encontrados
[pipeline] usando vocabulário pré-compartilhado — 541 tokens
[pipeline] construindo tensores para 43,105 sequências...
[pipeline] tensores: 4,310/43,105 (10%)
[pipeline] tensores: 8,620/43,105 (20%)
[pipeline] tensores: 12,930/43,105 (30%)
[pipeline] tensores: 17,240/43,105 (40%)
[pipeline] tensores: 21,550/43,105 (50%)
[pipeline] tensores: 25,860/43,105 (60%)
[pipeline] tensores: 30,170/43,105 (70%)
[pipeline] tensores: 34,480/43,105 (80%)
[pipeline] tensores: 38,790/43,105 (90%)
[pipeline] tensores: 43,100/43,105 (100%)
[pipeline] tensores prontos em 5.1s
[pipeline] concluído em 13.9s total — 43,105 pacientes | dist={0: 29385, 1: 380, 2: 249, 3: 10267, 4: 2824} | demográficos: age_mean=0.49 sex_M=20267/43105
[92mINFO [0m:      
[92mINFO [0m:      
[92mINFO [0m:      [RUN 10048486011876909256, ROUND 16]
[92mINFO [0m:      Sending: evaluate message (ID: 4fc56fcb8d7c2c077d8f87433a08d53ef42eda7a107b83366ed9cfb95a9608c4)
[92mINFO [0m:      Sent successfully
[92mINFO [0m:      
[92mINFO [0m:      [RUN 10048486011876909256, ROUND 17]
[92mINFO [0m:      Receiving: train message (ID: 1ee41e775e4373f101841a5459d67dbd6972820ec79dda3ecee2210f31a2f2fa)
[92mINFO [0m:      Received successfully
[92mINFO [0m:      Start `flwr-clientapp` process
[pipeline] conectando ao banco: postgresql://mosaicfl:senhaForte@localhost:5432/mo...
[pipeline] conexão OK
[pipeline] executando query (max_seq_len=128 — pode levar alguns minutos)...
[pipeline] query concluída em 8.2s — 1,681,666 linhas
[pipeline] filtrado para hospital_id='BPSP' — 1,681,666 linhas
[pipeline] 43,105 atendimentos únicos encontrados
[pipeline] usando vocabulário pré-compartilhado — 541 tokens
[pipeline] construindo tensores para 43,105 sequências...
[pipeline] tensores: 4,310/43,105 (10%)
[pipeline] tensores: 8,620/43,105 (20%)
[pipeline] tensores: 12,930/43,105 (30%)
[pipeline] tensores: 17,240/43,105 (40%)
[pipeline] tensores: 21,550/43,105 (50%)
[pipeline] tensores: 25,860/43,105 (60%)
[pipeline] tensores: 30,170/43,105 (70%)
[pipeline] tensores: 34,480/43,105 (80%)
[pipeline] tensores: 38,790/43,105 (90%)
[pipeline] tensores: 43,100/43,105 (100%)
[pipeline] tensores prontos em 5.0s
[pipeline] concluído em 13.5s total — 43,105 pacientes | dist={0: 29385, 1: 380, 2: 249, 3: 10267, 4: 2824} | demográficos: age_mean=0.49 sex_M=20267/43105
[92mINFO [0m:      
[92mINFO [0m:      
[92mINFO [0m:      [RUN 10048486011876909256, ROUND 17]
[92mINFO [0m:      Sending: train message (ID: 926133c8cf8d4c352f0269ae333b1a6042baefdb31f39414bf82ad37ac83c814)
[92mINFO [0m:      Sent successfully
[92mINFO [0m:      
[92mINFO [0m:      [RUN 10048486011876909256, ROUND 17]
[92mINFO [0m:      Receiving: evaluate message (ID: fdc42a2fc6a8bc3b29e69e19051965ae9e199855b6d73f919a6547b85c5e1a20)
[92mINFO [0m:      Received successfully
[92mINFO [0m:      Start `flwr-clientapp` process
[pipeline] conectando ao banco: postgresql://mosaicfl:senhaForte@localhost:5432/mo...
[pipeline] conexão OK
[pipeline] executando query (max_seq_len=128 — pode levar alguns minutos)...
[pipeline] query concluída em 8.2s — 1,681,666 linhas
[pipeline] filtrado para hospital_id='BPSP' — 1,681,666 linhas
[pipeline] 43,105 atendimentos únicos encontrados
[pipeline] usando vocabulário pré-compartilhado — 541 tokens
[pipeline] construindo tensores para 43,105 sequências...
[pipeline] tensores: 4,310/43,105 (10%)
[pipeline] tensores: 8,620/43,105 (20%)
[pipeline] tensores: 12,930/43,105 (30%)
[pipeline] tensores: 17,240/43,105 (40%)
[pipeline] tensores: 21,550/43,105 (50%)
[pipeline] tensores: 25,860/43,105 (60%)
[pipeline] tensores: 30,170/43,105 (70%)
[pipeline] tensores: 34,480/43,105 (80%)
[pipeline] tensores: 38,790/43,105 (90%)
[pipeline] tensores: 43,100/43,105 (100%)
[pipeline] tensores prontos em 5.2s
[pipeline] concluído em 13.8s total — 43,105 pacientes | dist={0: 29385, 1: 380, 2: 249, 3: 10267, 4: 2824} | demográficos: age_mean=0.49 sex_M=20267/43105
[92mINFO [0m:      
[92mINFO [0m:      
[92mINFO [0m:      [RUN 10048486011876909256, ROUND 17]
[92mINFO [0m:      Sending: evaluate message (ID: 950d34e41fdcafeb84d9563b7359af77be2f2be96fd5c781169bac35acab6e19)
[92mINFO [0m:      Sent successfully
[92mINFO [0m:      
[92mINFO [0m:      [RUN 10048486011876909256, ROUND 18]
[92mINFO [0m:      Receiving: train message (ID: 2ab150a444a43e445dbe5091899af87d8ed081b82068eae59f9730702eca0993)
[92mINFO [0m:      Received successfully
[92mINFO [0m:      Start `flwr-clientapp` process
[pipeline] conectando ao banco: postgresql://mosaicfl:senhaForte@localhost:5432/mo...
[pipeline] conexão OK
[pipeline] executando query (max_seq_len=128 — pode levar alguns minutos)...
[pipeline] query concluída em 8.4s — 1,681,666 linhas
[pipeline] filtrado para hospital_id='BPSP' — 1,681,666 linhas
[pipeline] 43,105 atendimentos únicos encontrados
[pipeline] usando vocabulário pré-compartilhado — 541 tokens
[pipeline] construindo tensores para 43,105 sequências...
[pipeline] tensores: 4,310/43,105 (10%)
[pipeline] tensores: 8,620/43,105 (20%)
[pipeline] tensores: 12,930/43,105 (30%)
[pipeline] tensores: 17,240/43,105 (40%)
[pipeline] tensores: 21,550/43,105 (50%)
[pipeline] tensores: 25,860/43,105 (60%)
[pipeline] tensores: 30,170/43,105 (70%)
[pipeline] tensores: 34,480/43,105 (80%)
[pipeline] tensores: 38,790/43,105 (90%)
[pipeline] tensores: 43,100/43,105 (100%)
[pipeline] tensores prontos em 5.1s
[pipeline] concluído em 13.9s total — 43,105 pacientes | dist={0: 29385, 1: 380, 2: 249, 3: 10267, 4: 2824} | demográficos: age_mean=0.49 sex_M=20267/43105
[92mINFO [0m:      
[92mINFO [0m:      
[92mINFO [0m:      [RUN 10048486011876909256, ROUND 18]
[92mINFO [0m:      Sending: train message (ID: 08e107d9f35bd92a51184cc1564a7d6f14ac4baf85ac7ef330d10b9d46c9fe97)
[92mINFO [0m:      Sent successfully
[92mINFO [0m:      
[92mINFO [0m:      [RUN 10048486011876909256, ROUND 18]
[92mINFO [0m:      Receiving: evaluate message (ID: 8c4d9d54cb48ba457ceb5b47c2d4cbe2e9f06fd2c8965c15cbba522b1ae5c8df)
[92mINFO [0m:      Received successfully
[92mINFO [0m:      Start `flwr-clientapp` process
[pipeline] conectando ao banco: postgresql://mosaicfl:senhaForte@localhost:5432/mo...
[pipeline] conexão OK
[pipeline] executando query (max_seq_len=128 — pode levar alguns minutos)...
[pipeline] query concluída em 8.4s — 1,681,666 linhas
[pipeline] filtrado para hospital_id='BPSP' — 1,681,666 linhas
[pipeline] 43,105 atendimentos únicos encontrados
[pipeline] usando vocabulário pré-compartilhado — 541 tokens
[pipeline] construindo tensores para 43,105 sequências...
[pipeline] tensores: 4,310/43,105 (10%)
[pipeline] tensores: 8,620/43,105 (20%)
[pipeline] tensores: 12,930/43,105 (30%)
[pipeline] tensores: 17,240/43,105 (40%)
[pipeline] tensores: 21,550/43,105 (50%)
[pipeline] tensores: 25,860/43,105 (60%)
[pipeline] tensores: 30,170/43,105 (70%)
[pipeline] tensores: 34,480/43,105 (80%)
[pipeline] tensores: 38,790/43,105 (90%)
[pipeline] tensores: 43,100/43,105 (100%)
[pipeline] tensores prontos em 5.2s
[pipeline] concluído em 14.1s total — 43,105 pacientes | dist={0: 29385, 1: 380, 2: 249, 3: 10267, 4: 2824} | demográficos: age_mean=0.49 sex_M=20267/43105
[92mINFO [0m:      
[92mINFO [0m:      [RUN 10048486011876909256, ROUND 18]
[92mINFO [0m:      Sending: evaluate message (ID: d84b41871f5d186adb122a359b780c681cfa50afc9c9cf23a111b57a2727a3d3)
[92mINFO [0m:      Sent successfully
[92mINFO [0m:      
[92mINFO [0m:      
[92mINFO [0m:      [RUN 10048486011876909256, ROUND 19]
[92mINFO [0m:      Receiving: train message (ID: 2c303229f015f02019c28f1fe1084ba61f8e98d677bddfb5861546861d242745)
[92mINFO [0m:      Received successfully
[92mINFO [0m:      Start `flwr-clientapp` process
[pipeline] conectando ao banco: postgresql://mosaicfl:senhaForte@localhost:5432/mo...
[pipeline] conexão OK
[pipeline] executando query (max_seq_len=128 — pode levar alguns minutos)...
[pipeline] query concluída em 8.2s — 1,681,666 linhas
[pipeline] filtrado para hospital_id='BPSP' — 1,681,666 linhas
[pipeline] 43,105 atendimentos únicos encontrados
[pipeline] usando vocabulário pré-compartilhado — 541 tokens
[pipeline] construindo tensores para 43,105 sequências...
[pipeline] tensores: 4,310/43,105 (10%)
[pipeline] tensores: 8,620/43,105 (20%)
[pipeline] tensores: 12,930/43,105 (30%)
[pipeline] tensores: 17,240/43,105 (40%)
[pipeline] tensores: 21,550/43,105 (50%)
[pipeline] tensores: 25,860/43,105 (60%)
[pipeline] tensores: 30,170/43,105 (70%)
[pipeline] tensores: 34,480/43,105 (80%)
[pipeline] tensores: 38,790/43,105 (90%)
[pipeline] tensores: 43,100/43,105 (100%)
[pipeline] tensores prontos em 5.0s
[pipeline] concluído em 13.6s total — 43,105 pacientes | dist={0: 29385, 1: 380, 2: 249, 3: 10267, 4: 2824} | demográficos: age_mean=0.49 sex_M=20267/43105
[92mINFO [0m:      
[92mINFO [0m:      
[92mINFO [0m:      [RUN 10048486011876909256, ROUND 19]
[92mINFO [0m:      Sending: train message (ID: 1f844a0f0b7f1bc541d18e0ee2e37d14f8722c4a132a676180a33d4a81b353af)
[92mINFO [0m:      Sent successfully
[92mINFO [0m:      
[92mINFO [0m:      [RUN 10048486011876909256, ROUND 19]
[92mINFO [0m:      Receiving: evaluate message (ID: 1b3484f5356532c43ad3a2e001bf8f147b181cd48696fc0f2e2b5f3786cfa058)
[92mINFO [0m:      Received successfully
[92mINFO [0m:      Start `flwr-clientapp` process
[pipeline] conectando ao banco: postgresql://mosaicfl:senhaForte@localhost:5432/mo...
[pipeline] conexão OK
[pipeline] executando query (max_seq_len=128 — pode levar alguns minutos)...
[pipeline] query concluída em 8.3s — 1,681,666 linhas
[pipeline] filtrado para hospital_id='BPSP' — 1,681,666 linhas
[pipeline] 43,105 atendimentos únicos encontrados
[pipeline] usando vocabulário pré-compartilhado — 541 tokens
[pipeline] construindo tensores para 43,105 sequências...
[pipeline] tensores: 4,310/43,105 (10%)
[pipeline] tensores: 8,620/43,105 (20%)
[pipeline] tensores: 12,930/43,105 (30%)
[pipeline] tensores: 17,240/43,105 (40%)
[pipeline] tensores: 21,550/43,105 (50%)
[pipeline] tensores: 25,860/43,105 (60%)
[pipeline] tensores: 30,170/43,105 (70%)
[pipeline] tensores: 34,480/43,105 (80%)
[pipeline] tensores: 38,790/43,105 (90%)
[pipeline] tensores: 43,100/43,105 (100%)
[pipeline] tensores prontos em 5.1s
[pipeline] concluído em 13.7s total — 43,105 pacientes | dist={0: 29385, 1: 380, 2: 249, 3: 10267, 4: 2824} | demográficos: age_mean=0.49 sex_M=20267/43105
[92mINFO [0m:      
[92mINFO [0m:      
[92mINFO [0m:      [RUN 10048486011876909256, ROUND 19]
[92mINFO [0m:      Sending: evaluate message (ID: 2bfea1dca9fcc9bf2fa57e97cf4e8b948e0977a5ed3d8126cb72660e38dec3bd)
[92mINFO [0m:      Sent successfully
[92mINFO [0m:      
[92mINFO [0m:      [RUN 10048486011876909256, ROUND 20]
[92mINFO [0m:      Receiving: train message (ID: a41b245411659c0e3085d72e8926c4232591ea4d7f2d3a1a6b0e9371669934b2)
[92mINFO [0m:      Received successfully
[92mINFO [0m:      Start `flwr-clientapp` process
[pipeline] conectando ao banco: postgresql://mosaicfl:senhaForte@localhost:5432/mo...
[pipeline] conexão OK
[pipeline] executando query (max_seq_len=128 — pode levar alguns minutos)...
[pipeline] query concluída em 8.3s — 1,681,666 linhas
[pipeline] filtrado para hospital_id='BPSP' — 1,681,666 linhas
[pipeline] 43,105 atendimentos únicos encontrados
[pipeline] usando vocabulário pré-compartilhado — 541 tokens
[pipeline] construindo tensores para 43,105 sequências...
[pipeline] tensores: 4,310/43,105 (10%)
[pipeline] tensores: 8,620/43,105 (20%)
[pipeline] tensores: 12,930/43,105 (30%)
[pipeline] tensores: 17,240/43,105 (40%)
[pipeline] tensores: 21,550/43,105 (50%)
[pipeline] tensores: 25,860/43,105 (60%)
[pipeline] tensores: 30,170/43,105 (70%)
[pipeline] tensores: 34,480/43,105 (80%)
[pipeline] tensores: 38,790/43,105 (90%)
[pipeline] tensores: 43,100/43,105 (100%)
[pipeline] tensores prontos em 5.1s
[pipeline] concluído em 13.8s total — 43,105 pacientes | dist={0: 29385, 1: 380, 2: 249, 3: 10267, 4: 2824} | demográficos: age_mean=0.49 sex_M=20267/43105
[92mINFO [0m:      
[92mINFO [0m:      
[92mINFO [0m:      [RUN 10048486011876909256, ROUND 20]
[92mINFO [0m:      Sending: train message (ID: 99944e0e6696f725744ff3017c95d1a543373100310145bd071a2351e22ea2fd)
[92mINFO [0m:      Sent successfully
[92mINFO [0m:      
[92mINFO [0m:      [RUN 10048486011876909256, ROUND 20]
[92mINFO [0m:      Receiving: evaluate message (ID: d8e705358ec88655172f8327bcf5d3b6d348e40b74953c3ecd1cdc9370fb3265)
[92mINFO [0m:      Received successfully
[92mINFO [0m:      Start `flwr-clientapp` process
[pipeline] conectando ao banco: postgresql://mosaicfl:senhaForte@localhost:5432/mo...
[pipeline] conexão OK
[pipeline] executando query (max_seq_len=128 — pode levar alguns minutos)...
[pipeline] query concluída em 8.3s — 1,681,666 linhas
[pipeline] filtrado para hospital_id='BPSP' — 1,681,666 linhas
[pipeline] 43,105 atendimentos únicos encontrados
[pipeline] usando vocabulário pré-compartilhado — 541 tokens
[pipeline] construindo tensores para 43,105 sequências...
[pipeline] tensores: 4,310/43,105 (10%)
[pipeline] tensores: 8,620/43,105 (20%)
[pipeline] tensores: 12,930/43,105 (30%)
[pipeline] tensores: 17,240/43,105 (40%)
[pipeline] tensores: 21,550/43,105 (50%)
[pipeline] tensores: 25,860/43,105 (60%)
[pipeline] tensores: 30,170/43,105 (70%)
[pipeline] tensores: 34,480/43,105 (80%)
[pipeline] tensores: 38,790/43,105 (90%)
[pipeline] tensores: 43,100/43,105 (100%)
[pipeline] tensores prontos em 5.1s
[pipeline] concluído em 13.8s total — 43,105 pacientes | dist={0: 29385, 1: 380, 2: 249, 3: 10267, 4: 2824} | demográficos: age_mean=0.49 sex_M=20267/43105
[92mINFO [0m:      
[92mINFO [0m:      [RUN 10048486011876909256, ROUND 20]
[92mINFO [0m:      Sending: evaluate message (ID: 38cda5749d6380aefa91f59a713e56d0db76136ffe079dc1550c4d37f2141b6a)
[92mINFO [0m:      Sent successfully
[92mINFO [0m:      
[92mINFO [0m:      
[92mINFO [0m:      [RUN 10048486011876909256, ROUND 21]
[92mINFO [0m:      Receiving: train message (ID: 86dd910f942ff9b6cc9ed6f4c5ad0734a6574b3abda68682ebdc1eb03bb31039)
[92mINFO [0m:      Received successfully
[92mINFO [0m:      Start `flwr-clientapp` process
[pipeline] conectando ao banco: postgresql://mosaicfl:senhaForte@localhost:5432/mo...
[pipeline] conexão OK
[pipeline] executando query (max_seq_len=128 — pode levar alguns minutos)...
[pipeline] query concluída em 8.3s — 1,681,666 linhas
[pipeline] filtrado para hospital_id='BPSP' — 1,681,666 linhas
[pipeline] 43,105 atendimentos únicos encontrados
[pipeline] usando vocabulário pré-compartilhado — 541 tokens
[pipeline] construindo tensores para 43,105 sequências...
[pipeline] tensores: 4,310/43,105 (10%)
[pipeline] tensores: 8,620/43,105 (20%)
[pipeline] tensores: 12,930/43,105 (30%)
[pipeline] tensores: 17,240/43,105 (40%)
[pipeline] tensores: 21,550/43,105 (50%)
[pipeline] tensores: 25,860/43,105 (60%)
[pipeline] tensores: 30,170/43,105 (70%)
[pipeline] tensores: 34,480/43,105 (80%)
[pipeline] tensores: 38,790/43,105 (90%)
[pipeline] tensores: 43,100/43,105 (100%)
[pipeline] tensores prontos em 5.2s
[pipeline] concluído em 13.9s total — 43,105 pacientes | dist={0: 29385, 1: 380, 2: 249, 3: 10267, 4: 2824} | demográficos: age_mean=0.49 sex_M=20267/43105
[92mINFO [0m:      
[92mINFO [0m:      
[92mINFO [0m:      [RUN 10048486011876909256, ROUND 21]
[92mINFO [0m:      Sending: train message (ID: 5a614e411a184e388777b7efc6716616607e3e25b24fdf60740e54527ba0da5e)
[92mINFO [0m:      Sent successfully
[92mINFO [0m:      
[92mINFO [0m:      [RUN 10048486011876909256, ROUND 21]
[92mINFO [0m:      Receiving: evaluate message (ID: 6cf17282d0eacbcb5722f7f0c95979473341870570e396f9c32642a19f1d0681)
[92mINFO [0m:      Received successfully
[92mINFO [0m:      Start `flwr-clientapp` process
[pipeline] conectando ao banco: postgresql://mosaicfl:senhaForte@localhost:5432/mo...
[pipeline] conexão OK
[pipeline] executando query (max_seq_len=128 — pode levar alguns minutos)...
[pipeline] query concluída em 8.4s — 1,681,666 linhas
[pipeline] filtrado para hospital_id='BPSP' — 1,681,666 linhas
[pipeline] 43,105 atendimentos únicos encontrados
[pipeline] usando vocabulário pré-compartilhado — 541 tokens
[pipeline] construindo tensores para 43,105 sequências...
[pipeline] tensores: 4,310/43,105 (10%)
[pipeline] tensores: 8,620/43,105 (20%)
[pipeline] tensores: 12,930/43,105 (30%)
[pipeline] tensores: 17,240/43,105 (40%)
[pipeline] tensores: 21,550/43,105 (50%)
[pipeline] tensores: 25,860/43,105 (60%)
[pipeline] tensores: 30,170/43,105 (70%)
[pipeline] tensores: 34,480/43,105 (80%)
[pipeline] tensores: 38,790/43,105 (90%)
[pipeline] tensores: 43,100/43,105 (100%)
[pipeline] tensores prontos em 5.0s
[pipeline] concluído em 13.7s total — 43,105 pacientes | dist={0: 29385, 1: 380, 2: 249, 3: 10267, 4: 2824} | demográficos: age_mean=0.49 sex_M=20267/43105
[92mINFO [0m:      
[92mINFO [0m:      
[92mINFO [0m:      [RUN 10048486011876909256, ROUND 21]
[92mINFO [0m:      Sending: evaluate message (ID: 4ff0e6e6bd1ce56d3ce24caf31af358d504a8c0bcb0916b2b60c5ecb416a1a0a)
[92mINFO [0m:      Sent successfully
[92mINFO [0m:      
[92mINFO [0m:      [RUN 10048486011876909256, ROUND 22]
[92mINFO [0m:      Receiving: train message (ID: 49dc49db4b07ceb095009fd96d7605fb93c5aca162ca33a40b76173d40ca81a1)
[92mINFO [0m:      Received successfully
[92mINFO [0m:      Start `flwr-clientapp` process
[pipeline] conectando ao banco: postgresql://mosaicfl:senhaForte@localhost:5432/mo...
[pipeline] conexão OK
[pipeline] executando query (max_seq_len=128 — pode levar alguns minutos)...
[pipeline] query concluída em 8.2s — 1,681,666 linhas
[pipeline] filtrado para hospital_id='BPSP' — 1,681,666 linhas
[pipeline] 43,105 atendimentos únicos encontrados
[pipeline] usando vocabulário pré-compartilhado — 541 tokens
[pipeline] construindo tensores para 43,105 sequências...
[pipeline] tensores: 4,310/43,105 (10%)
[pipeline] tensores: 8,620/43,105 (20%)
[pipeline] tensores: 12,930/43,105 (30%)
[pipeline] tensores: 17,240/43,105 (40%)
[pipeline] tensores: 21,550/43,105 (50%)
[pipeline] tensores: 25,860/43,105 (60%)
[pipeline] tensores: 30,170/43,105 (70%)
[pipeline] tensores: 34,480/43,105 (80%)
[pipeline] tensores: 38,790/43,105 (90%)
[pipeline] tensores: 43,100/43,105 (100%)
[pipeline] tensores prontos em 5.0s
[pipeline] concluído em 13.5s total — 43,105 pacientes | dist={0: 29385, 1: 380, 2: 249, 3: 10267, 4: 2824} | demográficos: age_mean=0.49 sex_M=20267/43105
[92mINFO [0m:      
[92mINFO [0m:      
[92mINFO [0m:      [RUN 10048486011876909256, ROUND 22]
[92mINFO [0m:      Sending: train message (ID: b4284199dc78675e64b9e26f0fc6e9fa29ff5e792303d499c507b90779cceefc)
[92mINFO [0m:      Sent successfully
[92mINFO [0m:      
[92mINFO [0m:      [RUN 10048486011876909256, ROUND 22]
[92mINFO [0m:      Receiving: evaluate message (ID: 0a5caf4c36f3a422f5623a4727857a20fec0183b51b470454d1d0dfa4bcc3386)
[92mINFO [0m:      Received successfully
[92mINFO [0m:      Start `flwr-clientapp` process
[pipeline] conectando ao banco: postgresql://mosaicfl:senhaForte@localhost:5432/mo...
[pipeline] conexão OK
[pipeline] executando query (max_seq_len=128 — pode levar alguns minutos)...
[pipeline] query concluída em 8.2s — 1,681,666 linhas
[pipeline] filtrado para hospital_id='BPSP' — 1,681,666 linhas
[pipeline] 43,105 atendimentos únicos encontrados
[pipeline] usando vocabulário pré-compartilhado — 541 tokens
[pipeline] construindo tensores para 43,105 sequências...
[pipeline] tensores: 4,310/43,105 (10%)
[pipeline] tensores: 8,620/43,105 (20%)
[pipeline] tensores: 12,930/43,105 (30%)
[pipeline] tensores: 17,240/43,105 (40%)
[pipeline] tensores: 21,550/43,105 (50%)
[pipeline] tensores: 25,860/43,105 (60%)
[pipeline] tensores: 30,170/43,105 (70%)
[pipeline] tensores: 34,480/43,105 (80%)
[pipeline] tensores: 38,790/43,105 (90%)
[pipeline] tensores: 43,100/43,105 (100%)
[pipeline] tensores prontos em 5.0s
[pipeline] concluído em 13.6s total — 43,105 pacientes | dist={0: 29385, 1: 380, 2: 249, 3: 10267, 4: 2824} | demográficos: age_mean=0.49 sex_M=20267/43105
[92mINFO [0m:      
[92mINFO [0m:      
[92mINFO [0m:      [RUN 10048486011876909256, ROUND 22]
[92mINFO [0m:      Sending: evaluate message (ID: 5bb36d89f42143084885d0dd11fcca7b12928cdac51292e951ed76a8e314de4e)
[92mINFO [0m:      Sent successfully
[92mINFO [0m:      
[92mINFO [0m:      [RUN 10048486011876909256, ROUND 23]
[92mINFO [0m:      Receiving: train message (ID: df7eef8c4072d7b1314e844e2bd41015b57dca88591622422eac3308be62309a)
[92mINFO [0m:      Received successfully
[92mINFO [0m:      Start `flwr-clientapp` process
[pipeline] conectando ao banco: postgresql://mosaicfl:senhaForte@localhost:5432/mo...
[pipeline] conexão OK
[pipeline] executando query (max_seq_len=128 — pode levar alguns minutos)...
[pipeline] query concluída em 8.2s — 1,681,666 linhas
[pipeline] filtrado para hospital_id='BPSP' — 1,681,666 linhas
[pipeline] 43,105 atendimentos únicos encontrados
[pipeline] usando vocabulário pré-compartilhado — 541 tokens
[pipeline] construindo tensores para 43,105 sequências...
[pipeline] tensores: 4,310/43,105 (10%)
[pipeline] tensores: 8,620/43,105 (20%)
[pipeline] tensores: 12,930/43,105 (30%)
[pipeline] tensores: 17,240/43,105 (40%)
[pipeline] tensores: 21,550/43,105 (50%)
[pipeline] tensores: 25,860/43,105 (60%)
[pipeline] tensores: 30,170/43,105 (70%)
[pipeline] tensores: 34,480/43,105 (80%)
[pipeline] tensores: 38,790/43,105 (90%)
[pipeline] tensores: 43,100/43,105 (100%)
[pipeline] tensores prontos em 5.0s
[pipeline] concluído em 13.7s total — 43,105 pacientes | dist={0: 29385, 1: 380, 2: 249, 3: 10267, 4: 2824} | demográficos: age_mean=0.49 sex_M=20267/43105
[92mINFO [0m:      
[92mINFO [0m:      
[92mINFO [0m:      [RUN 10048486011876909256, ROUND 23]
[92mINFO [0m:      Sending: train message (ID: 2503d586d1e75f49a7c0661041eddd9a400551eb2e4a00a9dde9da8ad1a40e03)
[92mINFO [0m:      Sent successfully
[92mINFO [0m:      
[92mINFO [0m:      [RUN 10048486011876909256, ROUND 23]
[92mINFO [0m:      Receiving: evaluate message (ID: a0071c1ccb7d76339323e53d221d28dcb4c8a2f3c4a06ecb0aa3d37fd3fca056)
[92mINFO [0m:      Received successfully
[92mINFO [0m:      Start `flwr-clientapp` process
[pipeline] conectando ao banco: postgresql://mosaicfl:senhaForte@localhost:5432/mo...
[pipeline] conexão OK
[pipeline] executando query (max_seq_len=128 — pode levar alguns minutos)...
[pipeline] query concluída em 8.2s — 1,681,666 linhas
[pipeline] filtrado para hospital_id='BPSP' — 1,681,666 linhas
[pipeline] 43,105 atendimentos únicos encontrados
[pipeline] usando vocabulário pré-compartilhado — 541 tokens
[pipeline] construindo tensores para 43,105 sequências...
[pipeline] tensores: 4,310/43,105 (10%)
[pipeline] tensores: 8,620/43,105 (20%)
[pipeline] tensores: 12,930/43,105 (30%)
[pipeline] tensores: 17,240/43,105 (40%)
[pipeline] tensores: 21,550/43,105 (50%)
[pipeline] tensores: 25,860/43,105 (60%)
[pipeline] tensores: 30,170/43,105 (70%)
[pipeline] tensores: 34,480/43,105 (80%)
[pipeline] tensores: 38,790/43,105 (90%)
[pipeline] tensores: 43,100/43,105 (100%)
[pipeline] tensores prontos em 5.0s
[pipeline] concluído em 13.7s total — 43,105 pacientes | dist={0: 29385, 1: 380, 2: 249, 3: 10267, 4: 2824} | demográficos: age_mean=0.49 sex_M=20267/43105
[92mINFO [0m:      
[92mINFO [0m:      
[92mINFO [0m:      [RUN 10048486011876909256, ROUND 23]
[92mINFO [0m:      Sending: evaluate message (ID: 1e5a3eba7451871ec753a806806dda1386219118e734989189bd825581a8acd9)
[92mINFO [0m:      Sent successfully
[92mINFO [0m:      
[92mINFO [0m:      [RUN 10048486011876909256, ROUND 24]
[92mINFO [0m:      Receiving: train message (ID: e6c8f42bc793441b228891fb85c856fa22e7af8b0d3a040c83419aab1ac5b6a1)
[92mINFO [0m:      Received successfully
[92mINFO [0m:      Start `flwr-clientapp` process
[pipeline] conectando ao banco: postgresql://mosaicfl:senhaForte@localhost:5432/mo...
[pipeline] conexão OK
[pipeline] executando query (max_seq_len=128 — pode levar alguns minutos)...
[pipeline] query concluída em 8.3s — 1,681,666 linhas
[pipeline] filtrado para hospital_id='BPSP' — 1,681,666 linhas
[pipeline] 43,105 atendimentos únicos encontrados
[pipeline] usando vocabulário pré-compartilhado — 541 tokens
[pipeline] construindo tensores para 43,105 sequências...
[pipeline] tensores: 4,310/43,105 (10%)
[pipeline] tensores: 8,620/43,105 (20%)
[pipeline] tensores: 12,930/43,105 (30%)
[pipeline] tensores: 17,240/43,105 (40%)
[pipeline] tensores: 21,550/43,105 (50%)
[pipeline] tensores: 25,860/43,105 (60%)
[pipeline] tensores: 30,170/43,105 (70%)
[pipeline] tensores: 34,480/43,105 (80%)
[pipeline] tensores: 38,790/43,105 (90%)
[pipeline] tensores: 43,100/43,105 (100%)
[pipeline] tensores prontos em 5.1s
[pipeline] concluído em 13.8s total — 43,105 pacientes | dist={0: 29385, 1: 380, 2: 249, 3: 10267, 4: 2824} | demográficos: age_mean=0.49 sex_M=20267/43105
[92mINFO [0m:      
[92mINFO [0m:      
[92mINFO [0m:      [RUN 10048486011876909256, ROUND 24]
[92mINFO [0m:      Sending: train message (ID: 495153de43a2028831fdcc27467090876cb650926bc0498ea3984135a0e171ae)
[92mINFO [0m:      Sent successfully
[92mINFO [0m:      
[92mINFO [0m:      [RUN 10048486011876909256, ROUND 24]
[92mINFO [0m:      Receiving: evaluate message (ID: 44e81c6e25c886cd8b102686ccaaa31452b8ada82b428c5570e42e937c5aab65)
[92mINFO [0m:      Received successfully
[92mINFO [0m:      Start `flwr-clientapp` process
[pipeline] conectando ao banco: postgresql://mosaicfl:senhaForte@localhost:5432/mo...
[pipeline] conexão OK
[pipeline] executando query (max_seq_len=128 — pode levar alguns minutos)...
[pipeline] query concluída em 8.3s — 1,681,666 linhas
[pipeline] filtrado para hospital_id='BPSP' — 1,681,666 linhas
[pipeline] 43,105 atendimentos únicos encontrados
[pipeline] usando vocabulário pré-compartilhado — 541 tokens
[pipeline] construindo tensores para 43,105 sequências...
[pipeline] tensores: 4,310/43,105 (10%)
[pipeline] tensores: 8,620/43,105 (20%)
[pipeline] tensores: 12,930/43,105 (30%)
[pipeline] tensores: 17,240/43,105 (40%)
[pipeline] tensores: 21,550/43,105 (50%)
[pipeline] tensores: 25,860/43,105 (60%)
[pipeline] tensores: 30,170/43,105 (70%)
[pipeline] tensores: 34,480/43,105 (80%)
[pipeline] tensores: 38,790/43,105 (90%)
[pipeline] tensores: 43,100/43,105 (100%)
[pipeline] tensores prontos em 5.1s
[pipeline] concluído em 13.8s total — 43,105 pacientes | dist={0: 29385, 1: 380, 2: 249, 3: 10267, 4: 2824} | demográficos: age_mean=0.49 sex_M=20267/43105
[92mINFO [0m:      
[92mINFO [0m:      
[92mINFO [0m:      [RUN 10048486011876909256, ROUND 24]
[92mINFO [0m:      Sending: evaluate message (ID: e2dfaf2231013ae585f8f4fd4653a6dbea741ee38b76c82564e34012a0b72af3)
[92mINFO [0m:      Sent successfully
[92mINFO [0m:      
[92mINFO [0m:      [RUN 10048486011876909256, ROUND 25]
[92mINFO [0m:      Receiving: train message (ID: 70dba4d0f3fcf8fae859d9022b55c51daa9a9a065555b8a1f772040ad9052c0b)
[92mINFO [0m:      Received successfully
[92mINFO [0m:      Start `flwr-clientapp` process
[pipeline] conectando ao banco: postgresql://mosaicfl:senhaForte@localhost:5432/mo...
[pipeline] conexão OK
[pipeline] executando query (max_seq_len=128 — pode levar alguns minutos)...
[pipeline] query concluída em 8.9s — 1,681,666 linhas
[pipeline] filtrado para hospital_id='BPSP' — 1,681,666 linhas
[pipeline] 43,105 atendimentos únicos encontrados
[pipeline] usando vocabulário pré-compartilhado — 541 tokens
[pipeline] construindo tensores para 43,105 sequências...
[pipeline] tensores: 4,310/43,105 (10%)
[pipeline] tensores: 8,620/43,105 (20%)
[pipeline] tensores: 12,930/43,105 (30%)
[pipeline] tensores: 17,240/43,105 (40%)
[pipeline] tensores: 21,550/43,105 (50%)
[pipeline] tensores: 25,860/43,105 (60%)
[pipeline] tensores: 30,170/43,105 (70%)
[pipeline] tensores: 34,480/43,105 (80%)
[pipeline] tensores: 38,790/43,105 (90%)
[pipeline] tensores: 43,100/43,105 (100%)
[pipeline] tensores prontos em 5.2s
[pipeline] concluído em 14.5s total — 43,105 pacientes | dist={0: 29385, 1: 380, 2: 249, 3: 10267, 4: 2824} | demográficos: age_mean=0.49 sex_M=20267/43105
[92mINFO [0m:      
[92mINFO [0m:      [RUN 10048486011876909256, ROUND 25]
[92mINFO [0m:      Sending: train message (ID: fd6f5f6c2834da9c12cbd76508843f6ed61ca5438246bb181455c7edc44cae60)
[92mINFO [0m:      
[92mINFO [0m:      Sent successfully
[92mINFO [0m:      
[92mINFO [0m:      [RUN 10048486011876909256, ROUND 25]
[92mINFO [0m:      Receiving: evaluate message (ID: d88ea77094cdc16658f7407741d0756b87a7480370efedb1b4db9dd6e5eb3eb1)
[92mINFO [0m:      Received successfully
[92mINFO [0m:      Start `flwr-clientapp` process
[pipeline] conectando ao banco: postgresql://mosaicfl:senhaForte@localhost:5432/mo...
[pipeline] conexão OK
[pipeline] executando query (max_seq_len=128 — pode levar alguns minutos)...
[pipeline] query concluída em 8.3s — 1,681,666 linhas
[pipeline] filtrado para hospital_id='BPSP' — 1,681,666 linhas
[pipeline] 43,105 atendimentos únicos encontrados
[pipeline] usando vocabulário pré-compartilhado — 541 tokens
[pipeline] construindo tensores para 43,105 sequências...
[pipeline] tensores: 4,310/43,105 (10%)
[pipeline] tensores: 8,620/43,105 (20%)
[pipeline] tensores: 12,930/43,105 (30%)
[pipeline] tensores: 17,240/43,105 (40%)
[pipeline] tensores: 21,550/43,105 (50%)
[pipeline] tensores: 25,860/43,105 (60%)
[pipeline] tensores: 30,170/43,105 (70%)
[pipeline] tensores: 34,480/43,105 (80%)
[pipeline] tensores: 38,790/43,105 (90%)
[pipeline] tensores: 43,100/43,105 (100%)
[pipeline] tensores prontos em 5.1s
[pipeline] concluído em 13.8s total — 43,105 pacientes | dist={0: 29385, 1: 380, 2: 249, 3: 10267, 4: 2824} | demográficos: age_mean=0.49 sex_M=20267/43105
[92mINFO [0m:      
[92mINFO [0m:      
[92mINFO [0m:      [RUN 10048486011876909256, ROUND 25]
[92mINFO [0m:      Sending: evaluate message (ID: 6bf9d7bbd4656fa07b23baad5771640e4e9d33461d20470a6351460cd1da719c)
[92mINFO [0m:      Sent successfully
[92mINFO [0m:      
[92mINFO [0m:      [RUN 10048486011876909256, ROUND 26]
[92mINFO [0m:      Receiving: train message (ID: 656c07b3bdf2567a99da092d7ab7fe430ab3b531ebb9b66182fc3a26920b6797)
[92mINFO [0m:      Received successfully
[92mINFO [0m:      Start `flwr-clientapp` process
[pipeline] conectando ao banco: postgresql://mosaicfl:senhaForte@localhost:5432/mo...
[pipeline] conexão OK
[pipeline] executando query (max_seq_len=128 — pode levar alguns minutos)...
[pipeline] query concluída em 8.2s — 1,681,666 linhas
[pipeline] filtrado para hospital_id='BPSP' — 1,681,666 linhas
[pipeline] 43,105 atendimentos únicos encontrados
[pipeline] usando vocabulário pré-compartilhado — 541 tokens
[pipeline] construindo tensores para 43,105 sequências...
[pipeline] tensores: 4,310/43,105 (10%)
[pipeline] tensores: 8,620/43,105 (20%)
[pipeline] tensores: 12,930/43,105 (30%)
[pipeline] tensores: 17,240/43,105 (40%)
[pipeline] tensores: 21,550/43,105 (50%)
[pipeline] tensores: 25,860/43,105 (60%)
[pipeline] tensores: 30,170/43,105 (70%)
[pipeline] tensores: 34,480/43,105 (80%)
[pipeline] tensores: 38,790/43,105 (90%)
[pipeline] tensores: 43,100/43,105 (100%)
[pipeline] tensores prontos em 5.2s
[pipeline] concluído em 13.9s total — 43,105 pacientes | dist={0: 29385, 1: 380, 2: 249, 3: 10267, 4: 2824} | demográficos: age_mean=0.49 sex_M=20267/43105
[92mINFO [0m:      
[92mINFO [0m:      [RUN 10048486011876909256, ROUND 26]
[92mINFO [0m:      Sending: train message (ID: 2f9d24458f8563034a08da990395273af95bb7ffcb50845e94ec7796275a84dc)
[92mINFO [0m:      
[92mINFO [0m:      Sent successfully
[92mINFO [0m:      
[92mINFO [0m:      [RUN 10048486011876909256, ROUND 26]
[92mINFO [0m:      Receiving: evaluate message (ID: c37c9bc4c1d3aced66b3ff491a0e3dca45482cf0ed2461509ba66f61beecb5d0)
[92mINFO [0m:      Received successfully
[92mINFO [0m:      Start `flwr-clientapp` process
[pipeline] conectando ao banco: postgresql://mosaicfl:senhaForte@localhost:5432/mo...
[pipeline] conexão OK
[pipeline] executando query (max_seq_len=128 — pode levar alguns minutos)...
[pipeline] query concluída em 8.3s — 1,681,666 linhas
[pipeline] filtrado para hospital_id='BPSP' — 1,681,666 linhas
[pipeline] 43,105 atendimentos únicos encontrados
[pipeline] usando vocabulário pré-compartilhado — 541 tokens
[pipeline] construindo tensores para 43,105 sequências...
[pipeline] tensores: 4,310/43,105 (10%)
[pipeline] tensores: 8,620/43,105 (20%)
[pipeline] tensores: 12,930/43,105 (30%)
[pipeline] tensores: 17,240/43,105 (40%)
[pipeline] tensores: 21,550/43,105 (50%)
[pipeline] tensores: 25,860/43,105 (60%)
[pipeline] tensores: 30,170/43,105 (70%)
[pipeline] tensores: 34,480/43,105 (80%)
[pipeline] tensores: 38,790/43,105 (90%)
[pipeline] tensores: 43,100/43,105 (100%)
[pipeline] tensores prontos em 5.1s
[pipeline] concluído em 13.7s total — 43,105 pacientes | dist={0: 29385, 1: 380, 2: 249, 3: 10267, 4: 2824} | demográficos: age_mean=0.49 sex_M=20267/43105
[92mINFO [0m:      
[92mINFO [0m:      
[92mINFO [0m:      [RUN 10048486011876909256, ROUND 26]
[92mINFO [0m:      Sending: evaluate message (ID: f2452d3a54565078d0db89bd30d4ded587d8ef86e878fa25cb36bb2bb5a7a3fb)
[92mINFO [0m:      Sent successfully
[92mINFO [0m:      
[92mINFO [0m:      [RUN 10048486011876909256, ROUND 27]
[92mINFO [0m:      Receiving: train message (ID: 1eb7459a49e5cb1cf8363d8d8fdd0f7e3e3a3a685ab82cc567e6ae3e242b3cbc)
[92mINFO [0m:      Received successfully
[92mINFO [0m:      Start `flwr-clientapp` process
[pipeline] conectando ao banco: postgresql://mosaicfl:senhaForte@localhost:5432/mo...
[pipeline] conexão OK
[pipeline] executando query (max_seq_len=128 — pode levar alguns minutos)...
[pipeline] query concluída em 8.3s — 1,681,666 linhas
[pipeline] filtrado para hospital_id='BPSP' — 1,681,666 linhas
[pipeline] 43,105 atendimentos únicos encontrados
[pipeline] usando vocabulário pré-compartilhado — 541 tokens
[pipeline] construindo tensores para 43,105 sequências...
[pipeline] tensores: 4,310/43,105 (10%)
[pipeline] tensores: 8,620/43,105 (20%)
[pipeline] tensores: 12,930/43,105 (30%)
[pipeline] tensores: 17,240/43,105 (40%)
[pipeline] tensores: 21,550/43,105 (50%)
[pipeline] tensores: 25,860/43,105 (60%)
[pipeline] tensores: 30,170/43,105 (70%)
[pipeline] tensores: 34,480/43,105 (80%)
[pipeline] tensores: 38,790/43,105 (90%)
[pipeline] tensores: 43,100/43,105 (100%)
[pipeline] tensores prontos em 5.1s
[pipeline] concluído em 13.8s total — 43,105 pacientes | dist={0: 29385, 1: 380, 2: 249, 3: 10267, 4: 2824} | demográficos: age_mean=0.49 sex_M=20267/43105
[92mINFO [0m:      
[92mINFO [0m:      
[92mINFO [0m:      [RUN 10048486011876909256, ROUND 27]
[92mINFO [0m:      Sending: train message (ID: 4b1fbc0ff12f32fcc5a49dd438d29f3c2066f9d0a427c71829d3d14858e01016)
[92mINFO [0m:      Sent successfully
[92mINFO [0m:      
[92mINFO [0m:      [RUN 10048486011876909256, ROUND 27]
[92mINFO [0m:      Receiving: evaluate message (ID: 50243914772a6c421850c9cdc27c37cd1468efbad5636bd56e4d3829ca9b2a24)
[92mINFO [0m:      Received successfully
[92mINFO [0m:      Start `flwr-clientapp` process
[pipeline] conectando ao banco: postgresql://mosaicfl:senhaForte@localhost:5432/mo...
[pipeline] conexão OK
[pipeline] executando query (max_seq_len=128 — pode levar alguns minutos)...
[pipeline] query concluída em 8.2s — 1,681,666 linhas
[pipeline] filtrado para hospital_id='BPSP' — 1,681,666 linhas
[pipeline] 43,105 atendimentos únicos encontrados
[pipeline] usando vocabulário pré-compartilhado — 541 tokens
[pipeline] construindo tensores para 43,105 sequências...
[pipeline] tensores: 4,310/43,105 (10%)
[pipeline] tensores: 8,620/43,105 (20%)
[pipeline] tensores: 12,930/43,105 (30%)
[pipeline] tensores: 17,240/43,105 (40%)
[pipeline] tensores: 21,550/43,105 (50%)
[pipeline] tensores: 25,860/43,105 (60%)
[pipeline] tensores: 30,170/43,105 (70%)
[pipeline] tensores: 34,480/43,105 (80%)
[pipeline] tensores: 38,790/43,105 (90%)
[pipeline] tensores: 43,100/43,105 (100%)
[pipeline] tensores prontos em 5.1s
[pipeline] concluído em 13.7s total — 43,105 pacientes | dist={0: 29385, 1: 380, 2: 249, 3: 10267, 4: 2824} | demográficos: age_mean=0.49 sex_M=20267/43105
[92mINFO [0m:      
[92mINFO [0m:      
[92mINFO [0m:      [RUN 10048486011876909256, ROUND 27]
[92mINFO [0m:      Sending: evaluate message (ID: d18c52dce0db63cc3fd475763ab73c8f242d5649c301393e129b0b5955be04ea)
[92mINFO [0m:      Sent successfully
[92mINFO [0m:      
[92mINFO [0m:      [RUN 10048486011876909256, ROUND 28]
[92mINFO [0m:      Receiving: train message (ID: 7bebe0286824aca51c75f8dbbe3c3a40bfa3e9b1148d99ea7038768691f4720e)
[92mINFO [0m:      Received successfully
[92mINFO [0m:      Start `flwr-clientapp` process
[pipeline] conectando ao banco: postgresql://mosaicfl:senhaForte@localhost:5432/mo...
[pipeline] conexão OK
[pipeline] executando query (max_seq_len=128 — pode levar alguns minutos)...
[pipeline] query concluída em 8.3s — 1,681,666 linhas
[pipeline] filtrado para hospital_id='BPSP' — 1,681,666 linhas
[pipeline] 43,105 atendimentos únicos encontrados
[pipeline] usando vocabulário pré-compartilhado — 541 tokens
[pipeline] construindo tensores para 43,105 sequências...
[pipeline] tensores: 4,310/43,105 (10%)
[pipeline] tensores: 8,620/43,105 (20%)
[pipeline] tensores: 12,930/43,105 (30%)
[pipeline] tensores: 17,240/43,105 (40%)
[pipeline] tensores: 21,550/43,105 (50%)
[pipeline] tensores: 25,860/43,105 (60%)
[pipeline] tensores: 30,170/43,105 (70%)
[pipeline] tensores: 34,480/43,105 (80%)
[pipeline] tensores: 38,790/43,105 (90%)
[pipeline] tensores: 43,100/43,105 (100%)
[pipeline] tensores prontos em 5.0s
[pipeline] concluído em 13.7s total — 43,105 pacientes | dist={0: 29385, 1: 380, 2: 249, 3: 10267, 4: 2824} | demográficos: age_mean=0.49 sex_M=20267/43105
[92mINFO [0m:      
[92mINFO [0m:      
[92mINFO [0m:      [RUN 10048486011876909256, ROUND 28]
[92mINFO [0m:      Sending: train message (ID: b1d1f2c11720fe2826819956b893692d40e9033046d1daf9c2237882e9985fc5)
[92mINFO [0m:      Sent successfully
[92mINFO [0m:      
[92mINFO [0m:      [RUN 10048486011876909256, ROUND 28]
[92mINFO [0m:      Receiving: evaluate message (ID: 6bbfa8e3081fcfc7d7ce35e396a46a43b4959b33bdc986f101c1082c4df4e0f4)
[92mINFO [0m:      Received successfully
[92mINFO [0m:      Start `flwr-clientapp` process
[pipeline] conectando ao banco: postgresql://mosaicfl:senhaForte@localhost:5432/mo...
[pipeline] conexão OK
[pipeline] executando query (max_seq_len=128 — pode levar alguns minutos)...
[pipeline] query concluída em 8.3s — 1,681,666 linhas
[pipeline] filtrado para hospital_id='BPSP' — 1,681,666 linhas
[pipeline] 43,105 atendimentos únicos encontrados
[pipeline] usando vocabulário pré-compartilhado — 541 tokens
[pipeline] construindo tensores para 43,105 sequências...
[pipeline] tensores: 4,310/43,105 (10%)
[pipeline] tensores: 8,620/43,105 (20%)
[pipeline] tensores: 12,930/43,105 (30%)
[pipeline] tensores: 17,240/43,105 (40%)
[pipeline] tensores: 21,550/43,105 (50%)
[pipeline] tensores: 25,860/43,105 (60%)
[pipeline] tensores: 30,170/43,105 (70%)
[pipeline] tensores: 34,480/43,105 (80%)
[pipeline] tensores: 38,790/43,105 (90%)
[pipeline] tensores: 43,100/43,105 (100%)
[pipeline] tensores prontos em 5.1s
[pipeline] concluído em 13.8s total — 43,105 pacientes | dist={0: 29385, 1: 380, 2: 249, 3: 10267, 4: 2824} | demográficos: age_mean=0.49 sex_M=20267/43105
[92mINFO [0m:      
[92mINFO [0m:      
[92mINFO [0m:      [RUN 10048486011876909256, ROUND 28]
[92mINFO [0m:      Sending: evaluate message (ID: ddb27d61270ab7a83abbca5e18cba19ece1f65406f96126c5076393c1cef6c45)
[92mINFO [0m:      Sent successfully
[92mINFO [0m:      
[92mINFO [0m:      [RUN 10048486011876909256, ROUND 29]
[92mINFO [0m:      Receiving: train message (ID: b47cb224a373d14452e91c2dae4d980aad28288a37a6c4cad91ada73cac699c5)
[92mINFO [0m:      Received successfully
[92mINFO [0m:      Start `flwr-clientapp` process
[pipeline] conectando ao banco: postgresql://mosaicfl:senhaForte@localhost:5432/mo...
[pipeline] conexão OK
[pipeline] executando query (max_seq_len=128 — pode levar alguns minutos)...
[pipeline] query concluída em 8.3s — 1,681,666 linhas
[pipeline] filtrado para hospital_id='BPSP' — 1,681,666 linhas
[pipeline] 43,105 atendimentos únicos encontrados
[pipeline] usando vocabulário pré-compartilhado — 541 tokens
[pipeline] construindo tensores para 43,105 sequências...
[pipeline] tensores: 4,310/43,105 (10%)
[pipeline] tensores: 8,620/43,105 (20%)
[pipeline] tensores: 12,930/43,105 (30%)
[pipeline] tensores: 17,240/43,105 (40%)
[pipeline] tensores: 21,550/43,105 (50%)
[pipeline] tensores: 25,860/43,105 (60%)
[pipeline] tensores: 30,170/43,105 (70%)
[pipeline] tensores: 34,480/43,105 (80%)
[pipeline] tensores: 38,790/43,105 (90%)
[pipeline] tensores: 43,100/43,105 (100%)
[pipeline] tensores prontos em 5.0s
[pipeline] concluído em 13.7s total — 43,105 pacientes | dist={0: 29385, 1: 380, 2: 249, 3: 10267, 4: 2824} | demográficos: age_mean=0.49 sex_M=20267/43105
[92mINFO [0m:      
[92mINFO [0m:      
[92mINFO [0m:      [RUN 10048486011876909256, ROUND 29]
[92mINFO [0m:      Sending: train message (ID: def3cb28b2297483a0b55313c9cbf75ddf08115c82468ee770e01cb725adc6d4)
[92mINFO [0m:      Sent successfully
[92mINFO [0m:      
[92mINFO [0m:      [RUN 10048486011876909256, ROUND 29]
[92mINFO [0m:      Receiving: evaluate message (ID: 60182c37141a222d8b2c7a4d2c60f32c2e1781e093c12c0fbe03851cd856a69b)
[92mINFO [0m:      Received successfully
[92mINFO [0m:      Start `flwr-clientapp` process
[pipeline] conectando ao banco: postgresql://mosaicfl:senhaForte@localhost:5432/mo...
[pipeline] conexão OK
[pipeline] executando query (max_seq_len=128 — pode levar alguns minutos)...
[pipeline] query concluída em 8.3s — 1,681,666 linhas
[pipeline] filtrado para hospital_id='BPSP' — 1,681,666 linhas
[pipeline] 43,105 atendimentos únicos encontrados
[pipeline] usando vocabulário pré-compartilhado — 541 tokens
[pipeline] construindo tensores para 43,105 sequências...
[pipeline] tensores: 4,310/43,105 (10%)
[pipeline] tensores: 8,620/43,105 (20%)
[pipeline] tensores: 12,930/43,105 (30%)
[pipeline] tensores: 17,240/43,105 (40%)
[pipeline] tensores: 21,550/43,105 (50%)
[pipeline] tensores: 25,860/43,105 (60%)
[pipeline] tensores: 30,170/43,105 (70%)
[pipeline] tensores: 34,480/43,105 (80%)
[pipeline] tensores: 38,790/43,105 (90%)
[pipeline] tensores: 43,100/43,105 (100%)
[pipeline] tensores prontos em 5.1s
[pipeline] concluído em 13.8s total — 43,105 pacientes | dist={0: 29385, 1: 380, 2: 249, 3: 10267, 4: 2824} | demográficos: age_mean=0.49 sex_M=20267/43105
[92mINFO [0m:      
[92mINFO [0m:      [RUN 10048486011876909256, ROUND 29]
[92mINFO [0m:      Sending: evaluate message (ID: dce05173ce229be47be7941ac8907e88cae4b57adfffc455c8416b749aba0e24)
[92mINFO [0m:      Sent successfully
[92mINFO [0m:      
[92mINFO [0m:      
[92mINFO [0m:      [RUN 10048486011876909256, ROUND 30]
[92mINFO [0m:      Receiving: train message (ID: 640478efac00578b3e36e1bb954c2981593e111309025b44186eaf5709c6dc5d)
[92mINFO [0m:      Received successfully
[92mINFO [0m:      Start `flwr-clientapp` process
[pipeline] conectando ao banco: postgresql://mosaicfl:senhaForte@localhost:5432/mo...
[pipeline] conexão OK
[pipeline] executando query (max_seq_len=128 — pode levar alguns minutos)...
[pipeline] query concluída em 8.4s — 1,681,666 linhas
[pipeline] filtrado para hospital_id='BPSP' — 1,681,666 linhas
[pipeline] 43,105 atendimentos únicos encontrados
[pipeline] usando vocabulário pré-compartilhado — 541 tokens
[pipeline] construindo tensores para 43,105 sequências...
[pipeline] tensores: 4,310/43,105 (10%)
[pipeline] tensores: 8,620/43,105 (20%)
[pipeline] tensores: 12,930/43,105 (30%)
[pipeline] tensores: 17,240/43,105 (40%)
[pipeline] tensores: 21,550/43,105 (50%)
[pipeline] tensores: 25,860/43,105 (60%)
[pipeline] tensores: 30,170/43,105 (70%)
[pipeline] tensores: 34,480/43,105 (80%)
[pipeline] tensores: 38,790/43,105 (90%)
[pipeline] tensores: 43,100/43,105 (100%)
[pipeline] tensores prontos em 5.1s
[pipeline] concluído em 14.0s total — 43,105 pacientes | dist={0: 29385, 1: 380, 2: 249, 3: 10267, 4: 2824} | demográficos: age_mean=0.49 sex_M=20267/43105
[92mINFO [0m:      
[92mINFO [0m:      [RUN 10048486011876909256, ROUND 30]
[92mINFO [0m:      Sending: train message (ID: 6d65b5f3b78a8c416b664e51d13a868cd249729c54141ddd80145bb190684599)
[92mINFO [0m:      
[92mINFO [0m:      Sent successfully
[92mINFO [0m:      
[92mINFO [0m:      [RUN 10048486011876909256, ROUND 30]
[92mINFO [0m:      Receiving: evaluate message (ID: 8ea17552c876c8b3f8434183c9b45db645a460307d7ce5f4dd24198189cb3c22)
[92mINFO [0m:      Received successfully
[92mINFO [0m:      Start `flwr-clientapp` process
[pipeline] conectando ao banco: postgresql://mosaicfl:senhaForte@localhost:5432/mo...
[pipeline] conexão OK
[pipeline] executando query (max_seq_len=128 — pode levar alguns minutos)...
[pipeline] query concluída em 8.2s — 1,681,666 linhas
[pipeline] filtrado para hospital_id='BPSP' — 1,681,666 linhas
[pipeline] 43,105 atendimentos únicos encontrados
[pipeline] usando vocabulário pré-compartilhado — 541 tokens
[pipeline] construindo tensores para 43,105 sequências...
[pipeline] tensores: 4,310/43,105 (10%)
[pipeline] tensores: 8,620/43,105 (20%)
[pipeline] tensores: 12,930/43,105 (30%)
[pipeline] tensores: 17,240/43,105 (40%)
[pipeline] tensores: 21,550/43,105 (50%)
[pipeline] tensores: 25,860/43,105 (60%)
[pipeline] tensores: 30,170/43,105 (70%)
[pipeline] tensores: 34,480/43,105 (80%)
[pipeline] tensores: 38,790/43,105 (90%)
[pipeline] tensores: 43,100/43,105 (100%)
[pipeline] tensores prontos em 5.0s
[pipeline] concluído em 13.6s total — 43,105 pacientes | dist={0: 29385, 1: 380, 2: 249, 3: 10267, 4: 2824} | demográficos: age_mean=0.49 sex_M=20267/43105
[92mINFO [0m:      
[92mINFO [0m:      [RUN 10048486011876909256, ROUND 30]
[92mINFO [0m:      Sending: evaluate message (ID: c7315c737da9f40db610e0f909b78eb522d8e5f3aac64d06f5ff3df94a8de85a)
[92mINFO [0m:      
[92mINFO [0m:      Sent successfully
[92mINFO [0m:      
[92mINFO [0m:      [RUN 10048486011876909256, ROUND 31]
[92mINFO [0m:      Receiving: train message (ID: 5a59d5c32cbe32865e2a4819b0d67dc30156686e5b25c4008e422bd09006befd)
[92mINFO [0m:      Received successfully
[92mINFO [0m:      Start `flwr-clientapp` process
[pipeline] conectando ao banco: postgresql://mosaicfl:senhaForte@localhost:5432/mo...
[pipeline] conexão OK
[pipeline] executando query (max_seq_len=128 — pode levar alguns minutos)...
[pipeline] query concluída em 8.3s — 1,681,666 linhas
[pipeline] filtrado para hospital_id='BPSP' — 1,681,666 linhas
[pipeline] 43,105 atendimentos únicos encontrados
[pipeline] usando vocabulário pré-compartilhado — 541 tokens
[pipeline] construindo tensores para 43,105 sequências...
[pipeline] tensores: 4,310/43,105 (10%)
[pipeline] tensores: 8,620/43,105 (20%)
[pipeline] tensores: 12,930/43,105 (30%)
[pipeline] tensores: 17,240/43,105 (40%)
[pipeline] tensores: 21,550/43,105 (50%)
[pipeline] tensores: 25,860/43,105 (60%)
[pipeline] tensores: 30,170/43,105 (70%)
[pipeline] tensores: 34,480/43,105 (80%)
[pipeline] tensores: 38,790/43,105 (90%)
[pipeline] tensores: 43,100/43,105 (100%)
[pipeline] tensores prontos em 5.0s
[pipeline] concluído em 13.7s total — 43,105 pacientes | dist={0: 29385, 1: 380, 2: 249, 3: 10267, 4: 2824} | demográficos: age_mean=0.49 sex_M=20267/43105
[92mINFO [0m:      
[92mINFO [0m:      
[92mINFO [0m:      [RUN 10048486011876909256, ROUND 31]
[92mINFO [0m:      Sending: train message (ID: 10a4285a039636e029f80f1df9250917df3920db37d9925be1dbf2f7bd959a17)
[92mINFO [0m:      Sent successfully
[92mINFO [0m:      
[92mINFO [0m:      [RUN 10048486011876909256, ROUND 31]
[92mINFO [0m:      Receiving: evaluate message (ID: e36ef01812e39c7ef578753efb7d0dc4f175f721ac75c6dbf80c2920cffd01c2)
[92mINFO [0m:      Received successfully
[92mINFO [0m:      Start `flwr-clientapp` process
[pipeline] conectando ao banco: postgresql://mosaicfl:senhaForte@localhost:5432/mo...
[pipeline] conexão OK
[pipeline] executando query (max_seq_len=128 — pode levar alguns minutos)...
[pipeline] query concluída em 8.2s — 1,681,666 linhas
[pipeline] filtrado para hospital_id='BPSP' — 1,681,666 linhas
[pipeline] 43,105 atendimentos únicos encontrados
[pipeline] usando vocabulário pré-compartilhado — 541 tokens
[pipeline] construindo tensores para 43,105 sequências...
[pipeline] tensores: 4,310/43,105 (10%)
[pipeline] tensores: 8,620/43,105 (20%)
[pipeline] tensores: 12,930/43,105 (30%)
[pipeline] tensores: 17,240/43,105 (40%)
[pipeline] tensores: 21,550/43,105 (50%)
[pipeline] tensores: 25,860/43,105 (60%)
[pipeline] tensores: 30,170/43,105 (70%)
[pipeline] tensores: 34,480/43,105 (80%)
[pipeline] tensores: 38,790/43,105 (90%)
[pipeline] tensores: 43,100/43,105 (100%)
[pipeline] tensores prontos em 4.9s
[pipeline] concluído em 13.5s total — 43,105 pacientes | dist={0: 29385, 1: 380, 2: 249, 3: 10267, 4: 2824} | demográficos: age_mean=0.49 sex_M=20267/43105
[92mINFO [0m:      
[92mINFO [0m:      [RUN 10048486011876909256, ROUND 31]
[92mINFO [0m:      Sending: evaluate message (ID: 60cf3751ceeb469b5ef21d673576cb97dd13f80e6b73f845964389b0acba0c75)
[92mINFO [0m:      Sent successfully
[92mINFO [0m:      
[92mINFO [0m:      
[92mINFO [0m:      [RUN 10048486011876909256, ROUND 32]
[92mINFO [0m:      Receiving: train message (ID: b4539909c4ded0e6af3b3a78086ba525b279b1e07d13aeae7727880ad3153171)
[92mINFO [0m:      Received successfully
[92mINFO [0m:      Start `flwr-clientapp` process
[pipeline] conectando ao banco: postgresql://mosaicfl:senhaForte@localhost:5432/mo...
[pipeline] conexão OK
[pipeline] executando query (max_seq_len=128 — pode levar alguns minutos)...
[pipeline] query concluída em 8.3s — 1,681,666 linhas
[pipeline] filtrado para hospital_id='BPSP' — 1,681,666 linhas
[pipeline] 43,105 atendimentos únicos encontrados
[pipeline] usando vocabulário pré-compartilhado — 541 tokens
[pipeline] construindo tensores para 43,105 sequências...
[pipeline] tensores: 4,310/43,105 (10%)
[pipeline] tensores: 8,620/43,105 (20%)
[pipeline] tensores: 12,930/43,105 (30%)
[pipeline] tensores: 17,240/43,105 (40%)
[pipeline] tensores: 21,550/43,105 (50%)
[pipeline] tensores: 25,860/43,105 (60%)
[pipeline] tensores: 30,170/43,105 (70%)
[pipeline] tensores: 34,480/43,105 (80%)
[pipeline] tensores: 38,790/43,105 (90%)
[pipeline] tensores: 43,100/43,105 (100%)
[pipeline] tensores prontos em 5.0s
[pipeline] concluído em 13.7s total — 43,105 pacientes | dist={0: 29385, 1: 380, 2: 249, 3: 10267, 4: 2824} | demográficos: age_mean=0.49 sex_M=20267/43105
[92mINFO [0m:      
[92mINFO [0m:      
[92mINFO [0m:      [RUN 10048486011876909256, ROUND 32]
[92mINFO [0m:      Sending: train message (ID: d0cae6f43b070a9849e7f779ac7d3caa454dd0927784d639b4d8883344e3a41c)
[92mINFO [0m:      Sent successfully
[92mINFO [0m:      
[92mINFO [0m:      [RUN 10048486011876909256, ROUND 32]
[92mINFO [0m:      Receiving: evaluate message (ID: b94bf10f7b0279c8f89bd5dfeecf6ee27fb16a413db61f8088c0c3ae02d43bb9)
[92mINFO [0m:      Received successfully
[92mINFO [0m:      Start `flwr-clientapp` process
[pipeline] conectando ao banco: postgresql://mosaicfl:senhaForte@localhost:5432/mo...
[pipeline] conexão OK
[pipeline] executando query (max_seq_len=128 — pode levar alguns minutos)...
[pipeline] query concluída em 8.2s — 1,681,666 linhas
[pipeline] filtrado para hospital_id='BPSP' — 1,681,666 linhas
[pipeline] 43,105 atendimentos únicos encontrados
[pipeline] usando vocabulário pré-compartilhado — 541 tokens
[pipeline] construindo tensores para 43,105 sequências...
[pipeline] tensores: 4,310/43,105 (10%)
[pipeline] tensores: 8,620/43,105 (20%)
[pipeline] tensores: 12,930/43,105 (30%)
[pipeline] tensores: 17,240/43,105 (40%)
[pipeline] tensores: 21,550/43,105 (50%)
[pipeline] tensores: 25,860/43,105 (60%)
[pipeline] tensores: 30,170/43,105 (70%)
[pipeline] tensores: 34,480/43,105 (80%)
[pipeline] tensores: 38,790/43,105 (90%)
[pipeline] tensores: 43,100/43,105 (100%)
[pipeline] tensores prontos em 5.1s
[pipeline] concluído em 13.7s total — 43,105 pacientes | dist={0: 29385, 1: 380, 2: 249, 3: 10267, 4: 2824} | demográficos: age_mean=0.49 sex_M=20267/43105
[92mINFO [0m:      
[92mINFO [0m:      
[92mINFO [0m:      [RUN 10048486011876909256, ROUND 32]
[92mINFO [0m:      Sending: evaluate message (ID: 859ca9d4105db67f2a8392b24c24505d2b7f8d2dd7ade338e12930e8b904a7c5)
[92mINFO [0m:      Sent successfully
[92mINFO [0m:      
[92mINFO [0m:      [RUN 10048486011876909256, ROUND 33]
[92mINFO [0m:      Receiving: train message (ID: db706c28f0b47a195f07485fd84fea7689ae368316287f4118b7a1beae45d3c6)
[92mINFO [0m:      Received successfully
[92mINFO [0m:      Start `flwr-clientapp` process
[pipeline] conectando ao banco: postgresql://mosaicfl:senhaForte@localhost:5432/mo...
[pipeline] conexão OK
[pipeline] executando query (max_seq_len=128 — pode levar alguns minutos)...
[pipeline] query concluída em 8.3s — 1,681,666 linhas
[pipeline] filtrado para hospital_id='BPSP' — 1,681,666 linhas
[pipeline] 43,105 atendimentos únicos encontrados
[pipeline] usando vocabulário pré-compartilhado — 541 tokens
[pipeline] construindo tensores para 43,105 sequências...
[pipeline] tensores: 4,310/43,105 (10%)
[pipeline] tensores: 8,620/43,105 (20%)
[pipeline] tensores: 12,930/43,105 (30%)
[pipeline] tensores: 17,240/43,105 (40%)
[pipeline] tensores: 21,550/43,105 (50%)
[pipeline] tensores: 25,860/43,105 (60%)
[pipeline] tensores: 30,170/43,105 (70%)
[pipeline] tensores: 34,480/43,105 (80%)
[pipeline] tensores: 38,790/43,105 (90%)
[pipeline] tensores: 43,100/43,105 (100%)
[pipeline] tensores prontos em 5.0s
[pipeline] concluído em 13.7s total — 43,105 pacientes | dist={0: 29385, 1: 380, 2: 249, 3: 10267, 4: 2824} | demográficos: age_mean=0.49 sex_M=20267/43105
[92mINFO [0m:      
[92mINFO [0m:      [RUN 10048486011876909256, ROUND 33]
[92mINFO [0m:      Sending: train message (ID: f12a84c93f5eef07d01ab268e5e4cc85a489a5e67cac7f9fad069c093a057494)
[92mINFO [0m:      
[92mINFO [0m:      Sent successfully
[92mINFO [0m:      
[92mINFO [0m:      [RUN 10048486011876909256, ROUND 33]
[92mINFO [0m:      Receiving: evaluate message (ID: 0048d8cec7e14de28300abf75af241dfad6b13ddf71ea900ebd8f5f83ddde27d)
[92mINFO [0m:      Received successfully
[92mINFO [0m:      Start `flwr-clientapp` process
[pipeline] conectando ao banco: postgresql://mosaicfl:senhaForte@localhost:5432/mo...
[pipeline] conexão OK
[pipeline] executando query (max_seq_len=128 — pode levar alguns minutos)...
[pipeline] query concluída em 8.4s — 1,681,666 linhas
[pipeline] filtrado para hospital_id='BPSP' — 1,681,666 linhas
[pipeline] 43,105 atendimentos únicos encontrados
[pipeline] usando vocabulário pré-compartilhado — 541 tokens
[pipeline] construindo tensores para 43,105 sequências...
[pipeline] tensores: 4,310/43,105 (10%)
[pipeline] tensores: 8,620/43,105 (20%)
[pipeline] tensores: 12,930/43,105 (30%)
[pipeline] tensores: 17,240/43,105 (40%)
[pipeline] tensores: 21,550/43,105 (50%)
[pipeline] tensores: 25,860/43,105 (60%)
[pipeline] tensores: 30,170/43,105 (70%)
[pipeline] tensores: 34,480/43,105 (80%)
[pipeline] tensores: 38,790/43,105 (90%)
[pipeline] tensores: 43,100/43,105 (100%)
[pipeline] tensores prontos em 5.1s
[pipeline] concluído em 13.9s total — 43,105 pacientes | dist={0: 29385, 1: 380, 2: 249, 3: 10267, 4: 2824} | demográficos: age_mean=0.49 sex_M=20267/43105
[92mINFO [0m:      
[92mINFO [0m:      
[92mINFO [0m:      [RUN 10048486011876909256, ROUND 33]
[92mINFO [0m:      Sending: evaluate message (ID: ea5936ebf19fb49e00a52c7f7fb9f199c5966acff7a4a62b32e009266463282a)
[92mINFO [0m:      Sent successfully
[92mINFO [0m:      
[92mINFO [0m:      [RUN 10048486011876909256, ROUND 34]
[92mINFO [0m:      Receiving: train message (ID: ed2f2f1cb4ae934e6d089619cd39b4f177152f190737d1ca02f375fabc5f7e54)
[92mINFO [0m:      Received successfully
[92mINFO [0m:      Start `flwr-clientapp` process
[pipeline] conectando ao banco: postgresql://mosaicfl:senhaForte@localhost:5432/mo...
[pipeline] conexão OK
[pipeline] executando query (max_seq_len=128 — pode levar alguns minutos)...
[pipeline] query concluída em 8.4s — 1,681,666 linhas
[pipeline] filtrado para hospital_id='BPSP' — 1,681,666 linhas
[pipeline] 43,105 atendimentos únicos encontrados
[pipeline] usando vocabulário pré-compartilhado — 541 tokens
[pipeline] construindo tensores para 43,105 sequências...
[pipeline] tensores: 4,310/43,105 (10%)
[pipeline] tensores: 8,620/43,105 (20%)
[pipeline] tensores: 12,930/43,105 (30%)
[pipeline] tensores: 17,240/43,105 (40%)
[pipeline] tensores: 21,550/43,105 (50%)
[pipeline] tensores: 25,860/43,105 (60%)
[pipeline] tensores: 30,170/43,105 (70%)
[pipeline] tensores: 34,480/43,105 (80%)
[pipeline] tensores: 38,790/43,105 (90%)
[pipeline] tensores: 43,100/43,105 (100%)
[pipeline] tensores prontos em 5.1s
[pipeline] concluído em 14.0s total — 43,105 pacientes | dist={0: 29385, 1: 380, 2: 249, 3: 10267, 4: 2824} | demográficos: age_mean=0.49 sex_M=20267/43105
[92mINFO [0m:      
[92mINFO [0m:      [RUN 10048486011876909256, ROUND 34]
[92mINFO [0m:      Sending: train message (ID: 6f9028bdbffd0aa439e8923d7f487302c51cbd6d5750bd26cb96df89110d4972)
[92mINFO [0m:      
[92mINFO [0m:      Sent successfully
[92mINFO [0m:      
[92mINFO [0m:      [RUN 10048486011876909256, ROUND 34]
[92mINFO [0m:      Receiving: evaluate message (ID: cbf94a3c260eef33d1d320d8daa47a2b2a11fde31f4aa91e9e53dbd4af4e2037)
[92mINFO [0m:      Received successfully
[92mINFO [0m:      Start `flwr-clientapp` process
[pipeline] conectando ao banco: postgresql://mosaicfl:senhaForte@localhost:5432/mo...
[pipeline] conexão OK
[pipeline] executando query (max_seq_len=128 — pode levar alguns minutos)...
[pipeline] query concluída em 8.3s — 1,681,666 linhas
[pipeline] filtrado para hospital_id='BPSP' — 1,681,666 linhas
[pipeline] 43,105 atendimentos únicos encontrados
[pipeline] usando vocabulário pré-compartilhado — 541 tokens
[pipeline] construindo tensores para 43,105 sequências...
[pipeline] tensores: 4,310/43,105 (10%)
[pipeline] tensores: 8,620/43,105 (20%)
[pipeline] tensores: 12,930/43,105 (30%)
[pipeline] tensores: 17,240/43,105 (40%)
[pipeline] tensores: 21,550/43,105 (50%)
[pipeline] tensores: 25,860/43,105 (60%)
[pipeline] tensores: 30,170/43,105 (70%)
[pipeline] tensores: 34,480/43,105 (80%)
[pipeline] tensores: 38,790/43,105 (90%)
[pipeline] tensores: 43,100/43,105 (100%)
[pipeline] tensores prontos em 5.1s
[pipeline] concluído em 13.8s total — 43,105 pacientes | dist={0: 29385, 1: 380, 2: 249, 3: 10267, 4: 2824} | demográficos: age_mean=0.49 sex_M=20267/43105
[92mINFO [0m:      
[92mINFO [0m:      
[92mINFO [0m:      [RUN 10048486011876909256, ROUND 34]
[92mINFO [0m:      Sending: evaluate message (ID: 82f26f067dbf41f7dd50687b61085858e598e89ceb64a1a0cdd3037599cb243f)
[92mINFO [0m:      Sent successfully
[92mINFO [0m:      
[92mINFO [0m:      [RUN 10048486011876909256, ROUND 35]
[92mINFO [0m:      Receiving: train message (ID: a1dffc60cec3ade147b2575f099e096e037b8c308b9a3ba86989bc54b86f73fb)
[92mINFO [0m:      Received successfully
[92mINFO [0m:      Start `flwr-clientapp` process
[pipeline] conectando ao banco: postgresql://mosaicfl:senhaForte@localhost:5432/mo...
[pipeline] conexão OK
[pipeline] executando query (max_seq_len=128 — pode levar alguns minutos)...
[pipeline] query concluída em 8.3s — 1,681,666 linhas
[pipeline] filtrado para hospital_id='BPSP' — 1,681,666 linhas
[pipeline] 43,105 atendimentos únicos encontrados
[pipeline] usando vocabulário pré-compartilhado — 541 tokens
[pipeline] construindo tensores para 43,105 sequências...
[pipeline] tensores: 4,310/43,105 (10%)
[pipeline] tensores: 8,620/43,105 (20%)
[pipeline] tensores: 12,930/43,105 (30%)
[pipeline] tensores: 17,240/43,105 (40%)
[pipeline] tensores: 21,550/43,105 (50%)
[pipeline] tensores: 25,860/43,105 (60%)
[pipeline] tensores: 30,170/43,105 (70%)
[pipeline] tensores: 34,480/43,105 (80%)
[pipeline] tensores: 38,790/43,105 (90%)
[pipeline] tensores: 43,100/43,105 (100%)
[pipeline] tensores prontos em 5.2s
[pipeline] concluído em 13.8s total — 43,105 pacientes | dist={0: 29385, 1: 380, 2: 249, 3: 10267, 4: 2824} | demográficos: age_mean=0.49 sex_M=20267/43105
[92mINFO [0m:      
[92mINFO [0m:      
[92mINFO [0m:      [RUN 10048486011876909256, ROUND 35]
[92mINFO [0m:      Sending: train message (ID: 59e0960a62370269b13e4f56782b728a9ad31ac89d9f4ca6c04dc9c2c2513621)
[92mINFO [0m:      Sent successfully
[92mINFO [0m:      
[92mINFO [0m:      [RUN 10048486011876909256, ROUND 35]
[92mINFO [0m:      Receiving: evaluate message (ID: 89642b1a0e96db8ceea49af233d7ab95de73339fc58f31cc594def70f10bd223)
[92mINFO [0m:      Received successfully
[92mINFO [0m:      Start `flwr-clientapp` process
[pipeline] conectando ao banco: postgresql://mosaicfl:senhaForte@localhost:5432/mo...
[pipeline] conexão OK
[pipeline] executando query (max_seq_len=128 — pode levar alguns minutos)...
[pipeline] query concluída em 8.4s — 1,681,666 linhas
[pipeline] filtrado para hospital_id='BPSP' — 1,681,666 linhas
[pipeline] 43,105 atendimentos únicos encontrados
[pipeline] usando vocabulário pré-compartilhado — 541 tokens
[pipeline] construindo tensores para 43,105 sequências...
[pipeline] tensores: 4,310/43,105 (10%)
[pipeline] tensores: 8,620/43,105 (20%)
[pipeline] tensores: 12,930/43,105 (30%)
[pipeline] tensores: 17,240/43,105 (40%)
[pipeline] tensores: 21,550/43,105 (50%)
[pipeline] tensores: 25,860/43,105 (60%)
[pipeline] tensores: 30,170/43,105 (70%)
[pipeline] tensores: 34,480/43,105 (80%)
[pipeline] tensores: 38,790/43,105 (90%)
[pipeline] tensores: 43,100/43,105 (100%)
[pipeline] tensores prontos em 5.2s
[pipeline] concluído em 14.1s total — 43,105 pacientes | dist={0: 29385, 1: 380, 2: 249, 3: 10267, 4: 2824} | demográficos: age_mean=0.49 sex_M=20267/43105
[92mINFO [0m:      
[92mINFO [0m:      
[92mINFO [0m:      [RUN 10048486011876909256, ROUND 35]
[92mINFO [0m:      Sending: evaluate message (ID: dbd7a6568e4d01cec77e21b207b4c97dfb8f6f68a3e09c2074cec44af8437e6f)
[92mINFO [0m:      Sent successfully
[92mINFO [0m:      
[92mINFO [0m:      [RUN 10048486011876909256, ROUND 36]
[92mINFO [0m:      Receiving: train message (ID: bcde33c717377148d060090330bce15d5f5b87d80c588a8743258d5daa44f04e)
[92mINFO [0m:      Received successfully
[92mINFO [0m:      Start `flwr-clientapp` process
[pipeline] conectando ao banco: postgresql://mosaicfl:senhaForte@localhost:5432/mo...
[pipeline] conexão OK
[pipeline] executando query (max_seq_len=128 — pode levar alguns minutos)...
[pipeline] query concluída em 8.4s — 1,681,666 linhas
[pipeline] filtrado para hospital_id='BPSP' — 1,681,666 linhas
[pipeline] 43,105 atendimentos únicos encontrados
[pipeline] usando vocabulário pré-compartilhado — 541 tokens
[pipeline] construindo tensores para 43,105 sequências...
[pipeline] tensores: 4,310/43,105 (10%)
[pipeline] tensores: 8,620/43,105 (20%)
[pipeline] tensores: 12,930/43,105 (30%)
[pipeline] tensores: 17,240/43,105 (40%)
[pipeline] tensores: 21,550/43,105 (50%)
[pipeline] tensores: 25,860/43,105 (60%)
[pipeline] tensores: 30,170/43,105 (70%)
[pipeline] tensores: 34,480/43,105 (80%)
[pipeline] tensores: 38,790/43,105 (90%)
[pipeline] tensores: 43,100/43,105 (100%)
[pipeline] tensores prontos em 5.2s
[pipeline] concluído em 13.9s total — 43,105 pacientes | dist={0: 29385, 1: 380, 2: 249, 3: 10267, 4: 2824} | demográficos: age_mean=0.49 sex_M=20267/43105
[92mINFO [0m:      
[92mINFO [0m:      
[92mINFO [0m:      [RUN 10048486011876909256, ROUND 36]
[92mINFO [0m:      Sending: train message (ID: 222bf48e8847c094dac84b303ec18479b2c0cb453751e7333b9a908ecf408138)
[92mINFO [0m:      Sent successfully
[92mINFO [0m:      
[92mINFO [0m:      [RUN 10048486011876909256, ROUND 36]
[92mINFO [0m:      Receiving: evaluate message (ID: 0402446c7964be3b2dfefcf120e77f65ae4dfdf3fdbc9061075b9be10e6469cb)
[92mINFO [0m:      Received successfully
[92mINFO [0m:      Start `flwr-clientapp` process
[pipeline] conectando ao banco: postgresql://mosaicfl:senhaForte@localhost:5432/mo...
[pipeline] conexão OK
[pipeline] executando query (max_seq_len=128 — pode levar alguns minutos)...
[pipeline] query concluída em 8.5s — 1,681,666 linhas
[pipeline] filtrado para hospital_id='BPSP' — 1,681,666 linhas
[pipeline] 43,105 atendimentos únicos encontrados
[pipeline] usando vocabulário pré-compartilhado — 541 tokens
[pipeline] construindo tensores para 43,105 sequências...
[pipeline] tensores: 4,310/43,105 (10%)
[pipeline] tensores: 8,620/43,105 (20%)
[pipeline] tensores: 12,930/43,105 (30%)
[pipeline] tensores: 17,240/43,105 (40%)
[pipeline] tensores: 21,550/43,105 (50%)
[pipeline] tensores: 25,860/43,105 (60%)
[pipeline] tensores: 30,170/43,105 (70%)
[pipeline] tensores: 34,480/43,105 (80%)
[pipeline] tensores: 38,790/43,105 (90%)
[pipeline] tensores: 43,100/43,105 (100%)
[pipeline] tensores prontos em 5.1s
[pipeline] concluído em 14.0s total — 43,105 pacientes | dist={0: 29385, 1: 380, 2: 249, 3: 10267, 4: 2824} | demográficos: age_mean=0.49 sex_M=20267/43105
[92mINFO [0m:      
[92mINFO [0m:      
[92mINFO [0m:      [RUN 10048486011876909256, ROUND 36]
[92mINFO [0m:      Sending: evaluate message (ID: f2888f3129e3a68d506c94fafcc734c12f2fccd92739badf072df74accad224b)
[92mINFO [0m:      Sent successfully
[92mINFO [0m:      
[92mINFO [0m:      [RUN 10048486011876909256, ROUND 37]
[92mINFO [0m:      Receiving: train message (ID: 115e539c35e7c899141e9709465b77ccfae4126a0a5f627340397004ee5476af)
[92mINFO [0m:      Received successfully
[92mINFO [0m:      Start `flwr-clientapp` process
[pipeline] conectando ao banco: postgresql://mosaicfl:senhaForte@localhost:5432/mo...
[pipeline] conexão OK
[pipeline] executando query (max_seq_len=128 — pode levar alguns minutos)...
[pipeline] query concluída em 8.4s — 1,681,666 linhas
[pipeline] filtrado para hospital_id='BPSP' — 1,681,666 linhas
[pipeline] 43,105 atendimentos únicos encontrados
[pipeline] usando vocabulário pré-compartilhado — 541 tokens
[pipeline] construindo tensores para 43,105 sequências...
[pipeline] tensores: 4,310/43,105 (10%)
[pipeline] tensores: 8,620/43,105 (20%)
[pipeline] tensores: 12,930/43,105 (30%)
[pipeline] tensores: 17,240/43,105 (40%)
[pipeline] tensores: 21,550/43,105 (50%)
[pipeline] tensores: 25,860/43,105 (60%)
[pipeline] tensores: 30,170/43,105 (70%)
[pipeline] tensores: 34,480/43,105 (80%)
[pipeline] tensores: 38,790/43,105 (90%)
[pipeline] tensores: 43,100/43,105 (100%)
[pipeline] tensores prontos em 5.2s
[pipeline] concluído em 14.1s total — 43,105 pacientes | dist={0: 29385, 1: 380, 2: 249, 3: 10267, 4: 2824} | demográficos: age_mean=0.49 sex_M=20267/43105
[92mINFO [0m:      
[92mINFO [0m:      
[92mINFO [0m:      [RUN 10048486011876909256, ROUND 37]
[92mINFO [0m:      Sending: train message (ID: 4a1f4e280c7bd2b72bf3ac94e297de9de7156c6778e089f7ec6115c2a84b5755)
[92mINFO [0m:      Sent successfully
[92mINFO [0m:      
[92mINFO [0m:      [RUN 10048486011876909256, ROUND 37]
[92mINFO [0m:      Receiving: evaluate message (ID: 751a1809c442ca170e9775f2263276d721c7755f60532bdc287a5267b9f29bd4)
[92mINFO [0m:      Received successfully
[92mINFO [0m:      Start `flwr-clientapp` process
[pipeline] conectando ao banco: postgresql://mosaicfl:senhaForte@localhost:5432/mo...
[pipeline] conexão OK
[pipeline] executando query (max_seq_len=128 — pode levar alguns minutos)...
[pipeline] query concluída em 8.3s — 1,681,666 linhas
[pipeline] filtrado para hospital_id='BPSP' — 1,681,666 linhas
[pipeline] 43,105 atendimentos únicos encontrados
[pipeline] usando vocabulário pré-compartilhado — 541 tokens
[pipeline] construindo tensores para 43,105 sequências...
[pipeline] tensores: 4,310/43,105 (10%)
[pipeline] tensores: 8,620/43,105 (20%)
[pipeline] tensores: 12,930/43,105 (30%)
[pipeline] tensores: 17,240/43,105 (40%)
[pipeline] tensores: 21,550/43,105 (50%)
[pipeline] tensores: 25,860/43,105 (60%)
[pipeline] tensores: 30,170/43,105 (70%)
[pipeline] tensores: 34,480/43,105 (80%)
[pipeline] tensores: 38,790/43,105 (90%)
[pipeline] tensores: 43,100/43,105 (100%)
[pipeline] tensores prontos em 5.2s
[pipeline] concluído em 13.9s total — 43,105 pacientes | dist={0: 29385, 1: 380, 2: 249, 3: 10267, 4: 2824} | demográficos: age_mean=0.49 sex_M=20267/43105
[92mINFO [0m:      
[92mINFO [0m:      
[92mINFO [0m:      [RUN 10048486011876909256, ROUND 37]
[92mINFO [0m:      Sending: evaluate message (ID: 330ebe973bd6870a35f980520aa4768aa74530a4bea408b5bc4ca0678577ec7b)
[92mINFO [0m:      Sent successfully
[92mINFO [0m:      
[92mINFO [0m:      [RUN 10048486011876909256, ROUND 38]
[92mINFO [0m:      Receiving: train message (ID: 3bd786d07a4773f7ab60a63ab162f5e0f00ba167313250950122792ccff28a00)
[92mINFO [0m:      Received successfully
[92mINFO [0m:      Start `flwr-clientapp` process
[pipeline] conectando ao banco: postgresql://mosaicfl:senhaForte@localhost:5432/mo...
[pipeline] conexão OK
[pipeline] executando query (max_seq_len=128 — pode levar alguns minutos)...
[pipeline] query concluída em 8.3s — 1,681,666 linhas
[pipeline] filtrado para hospital_id='BPSP' — 1,681,666 linhas
[pipeline] 43,105 atendimentos únicos encontrados
[pipeline] usando vocabulário pré-compartilhado — 541 tokens
[pipeline] construindo tensores para 43,105 sequências...
[pipeline] tensores: 4,310/43,105 (10%)
[pipeline] tensores: 8,620/43,105 (20%)
[pipeline] tensores: 12,930/43,105 (30%)
[pipeline] tensores: 17,240/43,105 (40%)
[pipeline] tensores: 21,550/43,105 (50%)
[pipeline] tensores: 25,860/43,105 (60%)
[pipeline] tensores: 30,170/43,105 (70%)
[pipeline] tensores: 34,480/43,105 (80%)
[pipeline] tensores: 38,790/43,105 (90%)
[pipeline] tensores: 43,100/43,105 (100%)
[pipeline] tensores prontos em 5.2s
[pipeline] concluído em 13.9s total — 43,105 pacientes | dist={0: 29385, 1: 380, 2: 249, 3: 10267, 4: 2824} | demográficos: age_mean=0.49 sex_M=20267/43105
[92mINFO [0m:      
[92mINFO [0m:      
[92mINFO [0m:      [RUN 10048486011876909256, ROUND 38]
[92mINFO [0m:      Sending: train message (ID: f79f1ae63088bdafefde1502650c35cd7127ff3f19ad12a4c67d963933a684b7)
[92mINFO [0m:      Sent successfully
[92mINFO [0m:      
[92mINFO [0m:      [RUN 10048486011876909256, ROUND 38]
[92mINFO [0m:      Receiving: evaluate message (ID: f83ee2697851e5052c6ef4a4202facf80784212fbfb8cc8335607a6450b94f04)
[92mINFO [0m:      Received successfully
[92mINFO [0m:      Start `flwr-clientapp` process
[pipeline] conectando ao banco: postgresql://mosaicfl:senhaForte@localhost:5432/mo...
[pipeline] conexão OK
[pipeline] executando query (max_seq_len=128 — pode levar alguns minutos)...
[pipeline] query concluída em 8.3s — 1,681,666 linhas
[pipeline] filtrado para hospital_id='BPSP' — 1,681,666 linhas
[pipeline] 43,105 atendimentos únicos encontrados
[pipeline] usando vocabulário pré-compartilhado — 541 tokens
[pipeline] construindo tensores para 43,105 sequências...
[pipeline] tensores: 4,310/43,105 (10%)
[pipeline] tensores: 8,620/43,105 (20%)
[pipeline] tensores: 12,930/43,105 (30%)
[pipeline] tensores: 17,240/43,105 (40%)
[pipeline] tensores: 21,550/43,105 (50%)
[pipeline] tensores: 25,860/43,105 (60%)
[pipeline] tensores: 30,170/43,105 (70%)
[pipeline] tensores: 34,480/43,105 (80%)
[pipeline] tensores: 38,790/43,105 (90%)
[pipeline] tensores: 43,100/43,105 (100%)
[pipeline] tensores prontos em 5.0s
[pipeline] concluído em 13.8s total — 43,105 pacientes | dist={0: 29385, 1: 380, 2: 249, 3: 10267, 4: 2824} | demográficos: age_mean=0.49 sex_M=20267/43105
[92mINFO [0m:      
[92mINFO [0m:      [RUN 10048486011876909256, ROUND 38]
[92mINFO [0m:      Sending: evaluate message (ID: f3c14975099b4ecfb9ce9a776d24b261ee68ba270ca61f18a461ae2c4711292d)
[92mINFO [0m:      
[92mINFO [0m:      Sent successfully
[92mINFO [0m:      
[92mINFO [0m:      [RUN 10048486011876909256, ROUND 39]
[92mINFO [0m:      Receiving: train message (ID: 57a3a3a35b1deae615f2c2f5dac423142ea477124832592dcae6197f4ffa4136)
[92mINFO [0m:      Received successfully
[92mINFO [0m:      Start `flwr-clientapp` process
[pipeline] conectando ao banco: postgresql://mosaicfl:senhaForte@localhost:5432/mo...
[pipeline] conexão OK
[pipeline] executando query (max_seq_len=128 — pode levar alguns minutos)...
[pipeline] query concluída em 8.4s — 1,681,666 linhas
[pipeline] filtrado para hospital_id='BPSP' — 1,681,666 linhas
[pipeline] 43,105 atendimentos únicos encontrados
[pipeline] usando vocabulário pré-compartilhado — 541 tokens
[pipeline] construindo tensores para 43,105 sequências...
[pipeline] tensores: 4,310/43,105 (10%)
[pipeline] tensores: 8,620/43,105 (20%)
[pipeline] tensores: 12,930/43,105 (30%)
[pipeline] tensores: 17,240/43,105 (40%)
[pipeline] tensores: 21,550/43,105 (50%)
[pipeline] tensores: 25,860/43,105 (60%)
[pipeline] tensores: 30,170/43,105 (70%)
[pipeline] tensores: 34,480/43,105 (80%)
[pipeline] tensores: 38,790/43,105 (90%)
[pipeline] tensores: 43,100/43,105 (100%)
[pipeline] tensores prontos em 5.0s
[pipeline] concluído em 13.8s total — 43,105 pacientes | dist={0: 29385, 1: 380, 2: 249, 3: 10267, 4: 2824} | demográficos: age_mean=0.49 sex_M=20267/43105
[92mINFO [0m:      
[92mINFO [0m:      
[92mINFO [0m:      [RUN 10048486011876909256, ROUND 39]
[92mINFO [0m:      Sending: train message (ID: 435972de6484cc9988c663bec2593d5199e7e852ecc7552615c2ca1d4a94dc06)
[92mINFO [0m:      Sent successfully
[92mINFO [0m:      
[92mINFO [0m:      [RUN 10048486011876909256, ROUND 39]
[92mINFO [0m:      Receiving: evaluate message (ID: 4253cc75cf31823109735d3096b4f713f3d2f8719cb7f9502edcf9dd73ced260)
[92mINFO [0m:      Received successfully
[92mINFO [0m:      Start `flwr-clientapp` process
[pipeline] conectando ao banco: postgresql://mosaicfl:senhaForte@localhost:5432/mo...
[pipeline] conexão OK
[pipeline] executando query (max_seq_len=128 — pode levar alguns minutos)...
[pipeline] query concluída em 8.3s — 1,681,666 linhas
[pipeline] filtrado para hospital_id='BPSP' — 1,681,666 linhas
[pipeline] 43,105 atendimentos únicos encontrados
[pipeline] usando vocabulário pré-compartilhado — 541 tokens
[pipeline] construindo tensores para 43,105 sequências...
[pipeline] tensores: 4,310/43,105 (10%)
[pipeline] tensores: 8,620/43,105 (20%)
[pipeline] tensores: 12,930/43,105 (30%)
[pipeline] tensores: 17,240/43,105 (40%)
[pipeline] tensores: 21,550/43,105 (50%)
[pipeline] tensores: 25,860/43,105 (60%)
[pipeline] tensores: 30,170/43,105 (70%)
[pipeline] tensores: 34,480/43,105 (80%)
[pipeline] tensores: 38,790/43,105 (90%)
[pipeline] tensores: 43,100/43,105 (100%)
[pipeline] tensores prontos em 5.2s
[pipeline] concluído em 13.9s total — 43,105 pacientes | dist={0: 29385, 1: 380, 2: 249, 3: 10267, 4: 2824} | demográficos: age_mean=0.49 sex_M=20267/43105
[92mINFO [0m:      
[92mINFO [0m:      
[92mINFO [0m:      [RUN 10048486011876909256, ROUND 39]
[92mINFO [0m:      Sending: evaluate message (ID: f5b84436429911cb16b9b37cbfa3aaab4c66d4536f9116c6470fdfafc94a09c3)
[92mINFO [0m:      Sent successfully
[92mINFO [0m:      
[92mINFO [0m:      [RUN 10048486011876909256, ROUND 40]
[92mINFO [0m:      Receiving: train message (ID: 1912575bacd0cd5c021aa85d499ea11944919728b0becf823465c5577eaa2a40)
[92mINFO [0m:      Received successfully
[92mINFO [0m:      Start `flwr-clientapp` process
[pipeline] conectando ao banco: postgresql://mosaicfl:senhaForte@localhost:5432/mo...
[pipeline] conexão OK
[pipeline] executando query (max_seq_len=128 — pode levar alguns minutos)...
[pipeline] query concluída em 8.2s — 1,681,666 linhas
[pipeline] filtrado para hospital_id='BPSP' — 1,681,666 linhas
[pipeline] 43,105 atendimentos únicos encontrados
[pipeline] usando vocabulário pré-compartilhado — 541 tokens
[pipeline] construindo tensores para 43,105 sequências...
[pipeline] tensores: 4,310/43,105 (10%)
[pipeline] tensores: 8,620/43,105 (20%)
[pipeline] tensores: 12,930/43,105 (30%)
[pipeline] tensores: 17,240/43,105 (40%)
[pipeline] tensores: 21,550/43,105 (50%)
[pipeline] tensores: 25,860/43,105 (60%)
[pipeline] tensores: 30,170/43,105 (70%)
[pipeline] tensores: 34,480/43,105 (80%)
[pipeline] tensores: 38,790/43,105 (90%)
[pipeline] tensores: 43,100/43,105 (100%)
[pipeline] tensores prontos em 5.1s
[pipeline] concluído em 13.7s total — 43,105 pacientes | dist={0: 29385, 1: 380, 2: 249, 3: 10267, 4: 2824} | demográficos: age_mean=0.49 sex_M=20267/43105
[92mINFO [0m:      
[92mINFO [0m:      
[92mINFO [0m:      [RUN 10048486011876909256, ROUND 40]
[92mINFO [0m:      Sending: train message (ID: ca9887e1a4d41c62f5a8a1d45b04989f9bc305d48b5cdbfb532fbeb8bcb63ac0)
[92mINFO [0m:      Sent successfully
[92mINFO [0m:      
[92mINFO [0m:      [RUN 10048486011876909256, ROUND 40]
[92mINFO [0m:      Receiving: evaluate message (ID: d471312ea052a8f7069fddacee0a1db2c119970dccb83181fa6e07ec4ece103b)
[92mINFO [0m:      Received successfully
[92mINFO [0m:      Start `flwr-clientapp` process
[pipeline] conectando ao banco: postgresql://mosaicfl:senhaForte@localhost:5432/mo...
[pipeline] conexão OK
[pipeline] executando query (max_seq_len=128 — pode levar alguns minutos)...
[pipeline] query concluída em 8.2s — 1,681,666 linhas
[pipeline] filtrado para hospital_id='BPSP' — 1,681,666 linhas
[pipeline] 43,105 atendimentos únicos encontrados
[pipeline] usando vocabulário pré-compartilhado — 541 tokens
[pipeline] construindo tensores para 43,105 sequências...
[pipeline] tensores: 4,310/43,105 (10%)
[pipeline] tensores: 8,620/43,105 (20%)
[pipeline] tensores: 12,930/43,105 (30%)
[pipeline] tensores: 17,240/43,105 (40%)
[pipeline] tensores: 21,550/43,105 (50%)
[pipeline] tensores: 25,860/43,105 (60%)
[pipeline] tensores: 30,170/43,105 (70%)
[pipeline] tensores: 34,480/43,105 (80%)
[pipeline] tensores: 38,790/43,105 (90%)
[pipeline] tensores: 43,100/43,105 (100%)
[pipeline] tensores prontos em 5.1s
[pipeline] concluído em 13.7s total — 43,105 pacientes | dist={0: 29385, 1: 380, 2: 249, 3: 10267, 4: 2824} | demográficos: age_mean=0.49 sex_M=20267/43105
[92mINFO [0m:      
[92mINFO [0m:      [RUN 10048486011876909256, ROUND 40]
[92mINFO [0m:      Sending: evaluate message (ID: 462099ab10868e4ecf3309aeb77a07fa8cfae540a436afbdf503318075350759)
[92mINFO [0m:      
[92mINFO [0m:      Sent successfully
[92mINFO [0m:      
[92mINFO [0m:      [RUN 10048486011876909256, ROUND 41]
[92mINFO [0m:      Receiving: train message (ID: a48c3b99a31c07adc1b89781b1d64ace3dec4861db05e88d24c2c8e160a48919)
[92mINFO [0m:      Received successfully
[92mINFO [0m:      Start `flwr-clientapp` process
[pipeline] conectando ao banco: postgresql://mosaicfl:senhaForte@localhost:5432/mo...
[pipeline] conexão OK
[pipeline] executando query (max_seq_len=128 — pode levar alguns minutos)...
[pipeline] query concluída em 8.3s — 1,681,666 linhas
[pipeline] filtrado para hospital_id='BPSP' — 1,681,666 linhas
[pipeline] 43,105 atendimentos únicos encontrados
[pipeline] usando vocabulário pré-compartilhado — 541 tokens
[pipeline] construindo tensores para 43,105 sequências...
[pipeline] tensores: 4,310/43,105 (10%)
[pipeline] tensores: 8,620/43,105 (20%)
[pipeline] tensores: 12,930/43,105 (30%)
[pipeline] tensores: 17,240/43,105 (40%)
[pipeline] tensores: 21,550/43,105 (50%)
[pipeline] tensores: 25,860/43,105 (60%)
[pipeline] tensores: 30,170/43,105 (70%)
[pipeline] tensores: 34,480/43,105 (80%)
[pipeline] tensores: 38,790/43,105 (90%)
[pipeline] tensores: 43,100/43,105 (100%)
[pipeline] tensores prontos em 5.1s
[pipeline] concluído em 13.9s total — 43,105 pacientes | dist={0: 29385, 1: 380, 2: 249, 3: 10267, 4: 2824} | demográficos: age_mean=0.49 sex_M=20267/43105
[92mINFO [0m:      
[92mINFO [0m:      
[92mINFO [0m:      [RUN 10048486011876909256, ROUND 41]
[92mINFO [0m:      Sending: train message (ID: 8881203399ddf5625088c2efd5101c2622f3186c37cac6910393fb7fa8009f8e)
[92mINFO [0m:      Sent successfully
[92mINFO [0m:      
[92mINFO [0m:      [RUN 10048486011876909256, ROUND 41]
[92mINFO [0m:      Receiving: evaluate message (ID: a29de3dbfd17d8101ca8ad0d566d2dbfaebedbc71d6585f568c56b77ae28e3c7)
[92mINFO [0m:      Received successfully
[92mINFO [0m:      Start `flwr-clientapp` process
[pipeline] conectando ao banco: postgresql://mosaicfl:senhaForte@localhost:5432/mo...
[pipeline] conexão OK
[pipeline] executando query (max_seq_len=128 — pode levar alguns minutos)...
[pipeline] query concluída em 8.4s — 1,681,666 linhas
[pipeline] filtrado para hospital_id='BPSP' — 1,681,666 linhas
[pipeline] 43,105 atendimentos únicos encontrados
[pipeline] usando vocabulário pré-compartilhado — 541 tokens
[pipeline] construindo tensores para 43,105 sequências...
[pipeline] tensores: 4,310/43,105 (10%)
[pipeline] tensores: 8,620/43,105 (20%)
[pipeline] tensores: 12,930/43,105 (30%)
[pipeline] tensores: 17,240/43,105 (40%)
[pipeline] tensores: 21,550/43,105 (50%)
[pipeline] tensores: 25,860/43,105 (60%)
[pipeline] tensores: 30,170/43,105 (70%)
[pipeline] tensores: 34,480/43,105 (80%)
[pipeline] tensores: 38,790/43,105 (90%)
[pipeline] tensores: 43,100/43,105 (100%)
[pipeline] tensores prontos em 5.2s
[pipeline] concluído em 14.0s total — 43,105 pacientes | dist={0: 29385, 1: 380, 2: 249, 3: 10267, 4: 2824} | demográficos: age_mean=0.49 sex_M=20267/43105
[92mINFO [0m:      
[92mINFO [0m:      
[92mINFO [0m:      [RUN 10048486011876909256, ROUND 41]
[92mINFO [0m:      Sending: evaluate message (ID: 9ddc2605cf0bb5855de380ecc0a07db0ada6d8e2f1a0b7bb46c8784eef6f987a)
[92mINFO [0m:      Sent successfully
[92mINFO [0m:      
[92mINFO [0m:      [RUN 10048486011876909256, ROUND 42]
[92mINFO [0m:      Receiving: train message (ID: f0bfaf636744dcf867810864d03f8b6b0e603824108b82e39ffe3b65a460d553)
[92mINFO [0m:      Received successfully
[92mINFO [0m:      Start `flwr-clientapp` process
[pipeline] conectando ao banco: postgresql://mosaicfl:senhaForte@localhost:5432/mo...
[pipeline] conexão OK
[pipeline] executando query (max_seq_len=128 — pode levar alguns minutos)...
[pipeline] query concluída em 8.3s — 1,681,666 linhas
[pipeline] filtrado para hospital_id='BPSP' — 1,681,666 linhas
[pipeline] 43,105 atendimentos únicos encontrados
[pipeline] usando vocabulário pré-compartilhado — 541 tokens
[pipeline] construindo tensores para 43,105 sequências...
[pipeline] tensores: 4,310/43,105 (10%)
[pipeline] tensores: 8,620/43,105 (20%)
[pipeline] tensores: 12,930/43,105 (30%)
[pipeline] tensores: 17,240/43,105 (40%)
[pipeline] tensores: 21,550/43,105 (50%)
[pipeline] tensores: 25,860/43,105 (60%)
[pipeline] tensores: 30,170/43,105 (70%)
[pipeline] tensores: 34,480/43,105 (80%)
[pipeline] tensores: 38,790/43,105 (90%)
[pipeline] tensores: 43,100/43,105 (100%)
[pipeline] tensores prontos em 5.2s
[pipeline] concluído em 13.9s total — 43,105 pacientes | dist={0: 29385, 1: 380, 2: 249, 3: 10267, 4: 2824} | demográficos: age_mean=0.49 sex_M=20267/43105
[92mINFO [0m:      
[92mINFO [0m:      
[92mINFO [0m:      [RUN 10048486011876909256, ROUND 42]
[92mINFO [0m:      Sending: train message (ID: 02df6fe3eb1da12cb057da13386a4e3bfb2c7f96ef766876dcfcf14cc26742e2)
[92mINFO [0m:      Sent successfully
[92mINFO [0m:      
[92mINFO [0m:      [RUN 10048486011876909256, ROUND 42]
[92mINFO [0m:      Receiving: evaluate message (ID: 65faf4102127e0d62a6afc9775189fe2b1370ea6d72195adebe44f8db5609fbb)
[92mINFO [0m:      Received successfully
[92mINFO [0m:      Start `flwr-clientapp` process
[pipeline] conectando ao banco: postgresql://mosaicfl:senhaForte@localhost:5432/mo...
[pipeline] conexão OK
[pipeline] executando query (max_seq_len=128 — pode levar alguns minutos)...
[pipeline] query concluída em 8.3s — 1,681,666 linhas
[pipeline] filtrado para hospital_id='BPSP' — 1,681,666 linhas
[pipeline] 43,105 atendimentos únicos encontrados
[pipeline] usando vocabulário pré-compartilhado — 541 tokens
[pipeline] construindo tensores para 43,105 sequências...
[pipeline] tensores: 4,310/43,105 (10%)
[pipeline] tensores: 8,620/43,105 (20%)
[pipeline] tensores: 12,930/43,105 (30%)
[pipeline] tensores: 17,240/43,105 (40%)
[pipeline] tensores: 21,550/43,105 (50%)
[pipeline] tensores: 25,860/43,105 (60%)
[pipeline] tensores: 30,170/43,105 (70%)
[pipeline] tensores: 34,480/43,105 (80%)
[pipeline] tensores: 38,790/43,105 (90%)
[pipeline] tensores: 43,100/43,105 (100%)
[pipeline] tensores prontos em 5.1s
[pipeline] concluído em 13.7s total — 43,105 pacientes | dist={0: 29385, 1: 380, 2: 249, 3: 10267, 4: 2824} | demográficos: age_mean=0.49 sex_M=20267/43105
[92mINFO [0m:      
[92mINFO [0m:      
[92mINFO [0m:      [RUN 10048486011876909256, ROUND 42]
[92mINFO [0m:      Sending: evaluate message (ID: c26c9d4ead34be3ad4a17ef796de73f689f24f6040437a2a441921d52b863614)
[92mINFO [0m:      Sent successfully
[92mINFO [0m:      
[92mINFO [0m:      [RUN 10048486011876909256, ROUND 43]
[92mINFO [0m:      Receiving: train message (ID: be98dca65f2125ec22bb039f27e0066748412e17be22f3deca055e53905a8387)
[92mINFO [0m:      Received successfully
[92mINFO [0m:      Start `flwr-clientapp` process
[pipeline] conectando ao banco: postgresql://mosaicfl:senhaForte@localhost:5432/mo...
[pipeline] conexão OK
[pipeline] executando query (max_seq_len=128 — pode levar alguns minutos)...
[pipeline] query concluída em 8.3s — 1,681,666 linhas
[pipeline] filtrado para hospital_id='BPSP' — 1,681,666 linhas
[pipeline] 43,105 atendimentos únicos encontrados
[pipeline] usando vocabulário pré-compartilhado — 541 tokens
[pipeline] construindo tensores para 43,105 sequências...
[pipeline] tensores: 4,310/43,105 (10%)
[pipeline] tensores: 8,620/43,105 (20%)
[pipeline] tensores: 12,930/43,105 (30%)
[pipeline] tensores: 17,240/43,105 (40%)
[pipeline] tensores: 21,550/43,105 (50%)
[pipeline] tensores: 25,860/43,105 (60%)
[pipeline] tensores: 30,170/43,105 (70%)
[pipeline] tensores: 34,480/43,105 (80%)
[pipeline] tensores: 38,790/43,105 (90%)
[pipeline] tensores: 43,100/43,105 (100%)
[pipeline] tensores prontos em 5.2s
[pipeline] concluído em 13.8s total — 43,105 pacientes | dist={0: 29385, 1: 380, 2: 249, 3: 10267, 4: 2824} | demográficos: age_mean=0.49 sex_M=20267/43105
[92mINFO [0m:      
[92mINFO [0m:      
[92mINFO [0m:      [RUN 10048486011876909256, ROUND 43]
[92mINFO [0m:      Sending: train message (ID: eee790f24b85f039fceea77908da2fe524a775f91bc2f8a6720758d0d1f17e13)
[92mINFO [0m:      Sent successfully
[92mINFO [0m:      
[92mINFO [0m:      [RUN 10048486011876909256, ROUND 43]
[92mINFO [0m:      Receiving: evaluate message (ID: acf3b92c537ddc989e9d8f4480fc499efb5a52da8dffd88ddb72d1f0eb20a711)
[92mINFO [0m:      Received successfully
[92mINFO [0m:      Start `flwr-clientapp` process
[pipeline] conectando ao banco: postgresql://mosaicfl:senhaForte@localhost:5432/mo...
[pipeline] conexão OK
[pipeline] executando query (max_seq_len=128 — pode levar alguns minutos)...
[pipeline] query concluída em 8.5s — 1,681,666 linhas
[pipeline] filtrado para hospital_id='BPSP' — 1,681,666 linhas
[pipeline] 43,105 atendimentos únicos encontrados
[pipeline] usando vocabulário pré-compartilhado — 541 tokens
[pipeline] construindo tensores para 43,105 sequências...
[pipeline] tensores: 4,310/43,105 (10%)
[pipeline] tensores: 8,620/43,105 (20%)
[pipeline] tensores: 12,930/43,105 (30%)
[pipeline] tensores: 17,240/43,105 (40%)
[pipeline] tensores: 21,550/43,105 (50%)
[pipeline] tensores: 25,860/43,105 (60%)
[pipeline] tensores: 30,170/43,105 (70%)
[pipeline] tensores: 34,480/43,105 (80%)
[pipeline] tensores: 38,790/43,105 (90%)
[pipeline] tensores: 43,100/43,105 (100%)
[pipeline] tensores prontos em 5.2s
[pipeline] concluído em 14.1s total — 43,105 pacientes | dist={0: 29385, 1: 380, 2: 249, 3: 10267, 4: 2824} | demográficos: age_mean=0.49 sex_M=20267/43105
[92mINFO [0m:      
[92mINFO [0m:      
[92mINFO [0m:      [RUN 10048486011876909256, ROUND 43]
[92mINFO [0m:      Sending: evaluate message (ID: 202be25cdda8446c5e9805d939da391c2efccadf9673ac360fb0326eca5cf17f)
[92mINFO [0m:      Sent successfully
[92mINFO [0m:      
[92mINFO [0m:      [RUN 10048486011876909256, ROUND 44]
[92mINFO [0m:      Receiving: train message (ID: 3da0af7b73283eeb961b3f8ab0fee13c2feb2ab3995b9864fcfdbc6027ad0999)
[92mINFO [0m:      Received successfully
[92mINFO [0m:      Start `flwr-clientapp` process
[pipeline] conectando ao banco: postgresql://mosaicfl:senhaForte@localhost:5432/mo...
[pipeline] conexão OK
[pipeline] executando query (max_seq_len=128 — pode levar alguns minutos)...
[pipeline] query concluída em 8.2s — 1,681,666 linhas
[pipeline] filtrado para hospital_id='BPSP' — 1,681,666 linhas
[pipeline] 43,105 atendimentos únicos encontrados
[pipeline] usando vocabulário pré-compartilhado — 541 tokens
[pipeline] construindo tensores para 43,105 sequências...
[pipeline] tensores: 4,310/43,105 (10%)
[pipeline] tensores: 8,620/43,105 (20%)
[pipeline] tensores: 12,930/43,105 (30%)
[pipeline] tensores: 17,240/43,105 (40%)
[pipeline] tensores: 21,550/43,105 (50%)
[pipeline] tensores: 25,860/43,105 (60%)
[pipeline] tensores: 30,170/43,105 (70%)
[pipeline] tensores: 34,480/43,105 (80%)
[pipeline] tensores: 38,790/43,105 (90%)
[pipeline] tensores: 43,100/43,105 (100%)
[pipeline] tensores prontos em 5.0s
[pipeline] concluído em 13.5s total — 43,105 pacientes | dist={0: 29385, 1: 380, 2: 249, 3: 10267, 4: 2824} | demográficos: age_mean=0.49 sex_M=20267/43105
[92mINFO [0m:      
[92mINFO [0m:      
[92mINFO [0m:      [RUN 10048486011876909256, ROUND 44]
[92mINFO [0m:      Sending: train message (ID: 43bc6ad3c37d8a7ce7699f174a1bfa78a9455985a9722b9ed7e3ab3225ed93b8)
[92mINFO [0m:      Sent successfully
[92mINFO [0m:      
[92mINFO [0m:      [RUN 10048486011876909256, ROUND 44]
[92mINFO [0m:      Receiving: evaluate message (ID: f03790a77fa7e68937be6c2f4bf41ee9a64363775f2a0fd4a2dc864ef069f2b1)
[92mINFO [0m:      Received successfully
[92mINFO [0m:      Start `flwr-clientapp` process
[pipeline] conectando ao banco: postgresql://mosaicfl:senhaForte@localhost:5432/mo...
[pipeline] conexão OK
[pipeline] executando query (max_seq_len=128 — pode levar alguns minutos)...
[pipeline] query concluída em 8.3s — 1,681,666 linhas
[pipeline] filtrado para hospital_id='BPSP' — 1,681,666 linhas
[pipeline] 43,105 atendimentos únicos encontrados
[pipeline] usando vocabulário pré-compartilhado — 541 tokens
[pipeline] construindo tensores para 43,105 sequências...
[pipeline] tensores: 4,310/43,105 (10%)
[pipeline] tensores: 8,620/43,105 (20%)
[pipeline] tensores: 12,930/43,105 (30%)
[pipeline] tensores: 17,240/43,105 (40%)
[pipeline] tensores: 21,550/43,105 (50%)
[pipeline] tensores: 25,860/43,105 (60%)
[pipeline] tensores: 30,170/43,105 (70%)
[pipeline] tensores: 34,480/43,105 (80%)
[pipeline] tensores: 38,790/43,105 (90%)
[pipeline] tensores: 43,100/43,105 (100%)
[pipeline] tensores prontos em 5.2s
[pipeline] concluído em 13.9s total — 43,105 pacientes | dist={0: 29385, 1: 380, 2: 249, 3: 10267, 4: 2824} | demográficos: age_mean=0.49 sex_M=20267/43105
[92mINFO [0m:      
[92mINFO [0m:      
[92mINFO [0m:      [RUN 10048486011876909256, ROUND 44]
[92mINFO [0m:      Sending: evaluate message (ID: c761182d5b9ad5e4e72b444a9460fa96ab96d62b0d18fe880e8ad6139ca6bfaa)
[92mINFO [0m:      Sent successfully
[92mINFO [0m:      
[92mINFO [0m:      [RUN 10048486011876909256, ROUND 45]
[92mINFO [0m:      Receiving: train message (ID: dbe49c61a7bbc6beaff384ab34170fd16376bb6b6e241da7f83c97c5ac114f51)
[92mINFO [0m:      Received successfully
[92mINFO [0m:      Start `flwr-clientapp` process
[pipeline] conectando ao banco: postgresql://mosaicfl:senhaForte@localhost:5432/mo...
[pipeline] conexão OK
[pipeline] executando query (max_seq_len=128 — pode levar alguns minutos)...
[pipeline] query concluída em 8.3s — 1,681,666 linhas
[pipeline] filtrado para hospital_id='BPSP' — 1,681,666 linhas
[pipeline] 43,105 atendimentos únicos encontrados
[pipeline] usando vocabulário pré-compartilhado — 541 tokens
[pipeline] construindo tensores para 43,105 sequências...
[pipeline] tensores: 4,310/43,105 (10%)
[pipeline] tensores: 8,620/43,105 (20%)
[pipeline] tensores: 12,930/43,105 (30%)
[pipeline] tensores: 17,240/43,105 (40%)
[pipeline] tensores: 21,550/43,105 (50%)
[pipeline] tensores: 25,860/43,105 (60%)
[pipeline] tensores: 30,170/43,105 (70%)
[pipeline] tensores: 34,480/43,105 (80%)
[pipeline] tensores: 38,790/43,105 (90%)
[pipeline] tensores: 43,100/43,105 (100%)
[pipeline] tensores prontos em 5.2s
[pipeline] concluído em 13.8s total — 43,105 pacientes | dist={0: 29385, 1: 380, 2: 249, 3: 10267, 4: 2824} | demográficos: age_mean=0.49 sex_M=20267/43105
[92mINFO [0m:      
[92mINFO [0m:      [RUN 10048486011876909256, ROUND 45]
[92mINFO [0m:      Sending: train message (ID: 7f97f5287f9ba9bba176e7495f01704488597743ecf0e8024d6d623bedfa9869)
[92mINFO [0m:      
[92mINFO [0m:      Sent successfully
[92mINFO [0m:      
[92mINFO [0m:      [RUN 10048486011876909256, ROUND 45]
[92mINFO [0m:      Receiving: evaluate message (ID: 6d78c9012a94f7d3934a206d40627f2f31f72a1e7cc48575a2cb420d2025d99a)
[92mINFO [0m:      Received successfully
[92mINFO [0m:      Start `flwr-clientapp` process
[pipeline] conectando ao banco: postgresql://mosaicfl:senhaForte@localhost:5432/mo...
[pipeline] conexão OK
[pipeline] executando query (max_seq_len=128 — pode levar alguns minutos)...
[pipeline] query concluída em 8.3s — 1,681,666 linhas
[pipeline] filtrado para hospital_id='BPSP' — 1,681,666 linhas
[pipeline] 43,105 atendimentos únicos encontrados
[pipeline] usando vocabulário pré-compartilhado — 541 tokens
[pipeline] construindo tensores para 43,105 sequências...
[pipeline] tensores: 4,310/43,105 (10%)
[pipeline] tensores: 8,620/43,105 (20%)
[pipeline] tensores: 12,930/43,105 (30%)
[pipeline] tensores: 17,240/43,105 (40%)
[pipeline] tensores: 21,550/43,105 (50%)
[pipeline] tensores: 25,860/43,105 (60%)
[pipeline] tensores: 30,170/43,105 (70%)
[pipeline] tensores: 34,480/43,105 (80%)
[pipeline] tensores: 38,790/43,105 (90%)
[pipeline] tensores: 43,100/43,105 (100%)
[pipeline] tensores prontos em 5.1s
[pipeline] concluído em 13.8s total — 43,105 pacientes | dist={0: 29385, 1: 380, 2: 249, 3: 10267, 4: 2824} | demográficos: age_mean=0.49 sex_M=20267/43105
[92mINFO [0m:      
[92mINFO [0m:      
[92mINFO [0m:      [RUN 10048486011876909256, ROUND 45]
[92mINFO [0m:      Sending: evaluate message (ID: 9cf6cdd4cd0ecfcce2399377ea7256f93c80a8f8f39beb394aa1cba594972b04)
[92mINFO [0m:      Sent successfully
[92mINFO [0m:      
[92mINFO [0m:      [RUN 10048486011876909256, ROUND 46]
[92mINFO [0m:      Receiving: train message (ID: 0bf3de297af548a66cafd0d1f559f714aa2375ff247cdea0d0ae4745870a9757)
[92mINFO [0m:      Received successfully
[92mINFO [0m:      Start `flwr-clientapp` process
[pipeline] conectando ao banco: postgresql://mosaicfl:senhaForte@localhost:5432/mo...
[pipeline] conexão OK
[pipeline] executando query (max_seq_len=128 — pode levar alguns minutos)...
[pipeline] query concluída em 8.2s — 1,681,666 linhas
[pipeline] filtrado para hospital_id='BPSP' — 1,681,666 linhas
[pipeline] 43,105 atendimentos únicos encontrados
[pipeline] usando vocabulário pré-compartilhado — 541 tokens
[pipeline] construindo tensores para 43,105 sequências...
[pipeline] tensores: 4,310/43,105 (10%)
[pipeline] tensores: 8,620/43,105 (20%)
[pipeline] tensores: 12,930/43,105 (30%)
[pipeline] tensores: 17,240/43,105 (40%)
[pipeline] tensores: 21,550/43,105 (50%)
[pipeline] tensores: 25,860/43,105 (60%)
[pipeline] tensores: 30,170/43,105 (70%)
[pipeline] tensores: 34,480/43,105 (80%)
[pipeline] tensores: 38,790/43,105 (90%)
[pipeline] tensores: 43,100/43,105 (100%)
[pipeline] tensores prontos em 5.1s
[pipeline] concluído em 13.7s total — 43,105 pacientes | dist={0: 29385, 1: 380, 2: 249, 3: 10267, 4: 2824} | demográficos: age_mean=0.49 sex_M=20267/43105
[92mINFO [0m:      
[92mINFO [0m:      
[92mINFO [0m:      [RUN 10048486011876909256, ROUND 46]
[92mINFO [0m:      Sending: train message (ID: 3965e3216c1b64b003c9f3418c190f8ffa71b6948b1334a50d956b51aaa91a8a)
[92mINFO [0m:      Sent successfully
[92mINFO [0m:      
[92mINFO [0m:      [RUN 10048486011876909256, ROUND 46]
[92mINFO [0m:      Receiving: evaluate message (ID: 2ab142fa2d253655d32861404dcd367527976898dd4b761f63a464fb47195854)
[92mINFO [0m:      Received successfully
[92mINFO [0m:      Start `flwr-clientapp` process
[pipeline] conectando ao banco: postgresql://mosaicfl:senhaForte@localhost:5432/mo...
[pipeline] conexão OK
[pipeline] executando query (max_seq_len=128 — pode levar alguns minutos)...
[pipeline] query concluída em 8.4s — 1,681,666 linhas
[pipeline] filtrado para hospital_id='BPSP' — 1,681,666 linhas
[pipeline] 43,105 atendimentos únicos encontrados
[pipeline] usando vocabulário pré-compartilhado — 541 tokens
[pipeline] construindo tensores para 43,105 sequências...
[pipeline] tensores: 4,310/43,105 (10%)
[pipeline] tensores: 8,620/43,105 (20%)
[pipeline] tensores: 12,930/43,105 (30%)
[pipeline] tensores: 17,240/43,105 (40%)
[pipeline] tensores: 21,550/43,105 (50%)
[pipeline] tensores: 25,860/43,105 (60%)
[pipeline] tensores: 30,170/43,105 (70%)
[pipeline] tensores: 34,480/43,105 (80%)
[pipeline] tensores: 38,790/43,105 (90%)
[pipeline] tensores: 43,100/43,105 (100%)
[pipeline] tensores prontos em 5.0s
[pipeline] concluído em 13.8s total — 43,105 pacientes | dist={0: 29385, 1: 380, 2: 249, 3: 10267, 4: 2824} | demográficos: age_mean=0.49 sex_M=20267/43105
[92mINFO [0m:      
[92mINFO [0m:      [RUN 10048486011876909256, ROUND 46]
[92mINFO [0m:      Sending: evaluate message (ID: 24e98c0f63ac6fffb21ce2025ad257728ecee09bbef407ff1ef48f4d5088f0cc)
[92mINFO [0m:      Sent successfully
[92mINFO [0m:      
[92mINFO [0m:      
[92mINFO [0m:      [RUN 10048486011876909256, ROUND 47]
[92mINFO [0m:      Receiving: train message (ID: 0f98ffa27ae195e0edd42c4d234207d1b7f89e0aa863099fab8d517ae32dc20c)
[92mINFO [0m:      Received successfully
[92mINFO [0m:      Start `flwr-clientapp` process
[pipeline] conectando ao banco: postgresql://mosaicfl:senhaForte@localhost:5432/mo...
[pipeline] conexão OK
[pipeline] executando query (max_seq_len=128 — pode levar alguns minutos)...
[pipeline] query concluída em 8.2s — 1,681,666 linhas
[pipeline] filtrado para hospital_id='BPSP' — 1,681,666 linhas
[pipeline] 43,105 atendimentos únicos encontrados
[pipeline] usando vocabulário pré-compartilhado — 541 tokens
[pipeline] construindo tensores para 43,105 sequências...
[pipeline] tensores: 4,310/43,105 (10%)
[pipeline] tensores: 8,620/43,105 (20%)
[pipeline] tensores: 12,930/43,105 (30%)
[pipeline] tensores: 17,240/43,105 (40%)
[pipeline] tensores: 21,550/43,105 (50%)
[pipeline] tensores: 25,860/43,105 (60%)
[pipeline] tensores: 30,170/43,105 (70%)
[pipeline] tensores: 34,480/43,105 (80%)
[pipeline] tensores: 38,790/43,105 (90%)
[pipeline] tensores: 43,100/43,105 (100%)
[pipeline] tensores prontos em 5.0s
[pipeline] concluído em 13.7s total — 43,105 pacientes | dist={0: 29385, 1: 380, 2: 249, 3: 10267, 4: 2824} | demográficos: age_mean=0.49 sex_M=20267/43105
[92mINFO [0m:      
[92mINFO [0m:      [RUN 10048486011876909256, ROUND 47]
[92mINFO [0m:      Sending: train message (ID: 46f5173692a8bec2b2857210fc07d9785a1c74a356370dfb9bf1469c713030c9)
[92mINFO [0m:      
[92mINFO [0m:      Sent successfully
[92mINFO [0m:      
[92mINFO [0m:      [RUN 10048486011876909256, ROUND 47]
[92mINFO [0m:      Receiving: evaluate message (ID: 6fed61b71a2bfdb2400debe2db112b51bfc48c123031ac655dfc28f869dd3f79)
[92mINFO [0m:      Received successfully
[92mINFO [0m:      Start `flwr-clientapp` process
[pipeline] conectando ao banco: postgresql://mosaicfl:senhaForte@localhost:5432/mo...
[pipeline] conexão OK
[pipeline] executando query (max_seq_len=128 — pode levar alguns minutos)...
[pipeline] query concluída em 8.3s — 1,681,666 linhas
[pipeline] filtrado para hospital_id='BPSP' — 1,681,666 linhas
[pipeline] 43,105 atendimentos únicos encontrados
[pipeline] usando vocabulário pré-compartilhado — 541 tokens
[pipeline] construindo tensores para 43,105 sequências...
[pipeline] tensores: 4,310/43,105 (10%)
[pipeline] tensores: 8,620/43,105 (20%)
[pipeline] tensores: 12,930/43,105 (30%)
[pipeline] tensores: 17,240/43,105 (40%)
[pipeline] tensores: 21,550/43,105 (50%)
[pipeline] tensores: 25,860/43,105 (60%)
[pipeline] tensores: 30,170/43,105 (70%)
[pipeline] tensores: 34,480/43,105 (80%)
[pipeline] tensores: 38,790/43,105 (90%)
[pipeline] tensores: 43,100/43,105 (100%)
[pipeline] tensores prontos em 5.0s
[pipeline] concluído em 13.7s total — 43,105 pacientes | dist={0: 29385, 1: 380, 2: 249, 3: 10267, 4: 2824} | demográficos: age_mean=0.49 sex_M=20267/43105
[92mINFO [0m:      
[92mINFO [0m:      
[92mINFO [0m:      [RUN 10048486011876909256, ROUND 47]
[92mINFO [0m:      Sending: evaluate message (ID: 67c06444c0f1bfd89b8d0854791e32585ce4bf7e6c78fc30502f9d9dca18ff5a)
[92mINFO [0m:      Sent successfully
[92mINFO [0m:      
[92mINFO [0m:      [RUN 10048486011876909256, ROUND 48]
[92mINFO [0m:      Receiving: train message (ID: 4fa798e2f3e414e418551125afa8463d827b6858f13151d68386d126bd4e2bb5)
[92mINFO [0m:      Received successfully
[92mINFO [0m:      Start `flwr-clientapp` process
[pipeline] conectando ao banco: postgresql://mosaicfl:senhaForte@localhost:5432/mo...
[pipeline] conexão OK
[pipeline] executando query (max_seq_len=128 — pode levar alguns minutos)...
[pipeline] query concluída em 8.4s — 1,681,666 linhas
[pipeline] filtrado para hospital_id='BPSP' — 1,681,666 linhas
[pipeline] 43,105 atendimentos únicos encontrados
[pipeline] usando vocabulário pré-compartilhado — 541 tokens
[pipeline] construindo tensores para 43,105 sequências...
[pipeline] tensores: 4,310/43,105 (10%)
[pipeline] tensores: 8,620/43,105 (20%)
[pipeline] tensores: 12,930/43,105 (30%)
[pipeline] tensores: 17,240/43,105 (40%)
[pipeline] tensores: 21,550/43,105 (50%)
[pipeline] tensores: 25,860/43,105 (60%)
[pipeline] tensores: 30,170/43,105 (70%)
[pipeline] tensores: 34,480/43,105 (80%)
[pipeline] tensores: 38,790/43,105 (90%)
[pipeline] tensores: 43,100/43,105 (100%)
[pipeline] tensores prontos em 5.1s
[pipeline] concluído em 13.8s total — 43,105 pacientes | dist={0: 29385, 1: 380, 2: 249, 3: 10267, 4: 2824} | demográficos: age_mean=0.49 sex_M=20267/43105
[92mINFO [0m:      
[92mINFO [0m:      
[92mINFO [0m:      [RUN 10048486011876909256, ROUND 48]
[92mINFO [0m:      Sending: train message (ID: 3635c20ca53c634b4da5260e2e9026fdae677262bf5aa1fea5d56d1b9f044730)
[92mINFO [0m:      Sent successfully
[92mINFO [0m:      
[92mINFO [0m:      [RUN 10048486011876909256, ROUND 48]
[92mINFO [0m:      Receiving: evaluate message (ID: ce57d7a12f6456dbac044a7f94421615a93ab3d6ca81b79a0c21c0bbba21b47d)
[92mINFO [0m:      Received successfully
[92mINFO [0m:      Start `flwr-clientapp` process
[pipeline] conectando ao banco: postgresql://mosaicfl:senhaForte@localhost:5432/mo...
[pipeline] conexão OK
[pipeline] executando query (max_seq_len=128 — pode levar alguns minutos)...
[pipeline] query concluída em 8.4s — 1,681,666 linhas
[pipeline] filtrado para hospital_id='BPSP' — 1,681,666 linhas
[pipeline] 43,105 atendimentos únicos encontrados
[pipeline] usando vocabulário pré-compartilhado — 541 tokens
[pipeline] construindo tensores para 43,105 sequências...
[pipeline] tensores: 4,310/43,105 (10%)
[pipeline] tensores: 8,620/43,105 (20%)
[pipeline] tensores: 12,930/43,105 (30%)
[pipeline] tensores: 17,240/43,105 (40%)
[pipeline] tensores: 21,550/43,105 (50%)
[pipeline] tensores: 25,860/43,105 (60%)
[pipeline] tensores: 30,170/43,105 (70%)
[pipeline] tensores: 34,480/43,105 (80%)
[pipeline] tensores: 38,790/43,105 (90%)
[pipeline] tensores: 43,100/43,105 (100%)
[pipeline] tensores prontos em 5.1s
[pipeline] concluído em 13.8s total — 43,105 pacientes | dist={0: 29385, 1: 380, 2: 249, 3: 10267, 4: 2824} | demográficos: age_mean=0.49 sex_M=20267/43105
[92mINFO [0m:      
[92mINFO [0m:      
[92mINFO [0m:      [RUN 10048486011876909256, ROUND 48]
[92mINFO [0m:      Sending: evaluate message (ID: 4bf7079f00293639a02dd305923484e01ea242a29fddabd99d03d6d62362226f)
[92mINFO [0m:      Sent successfully
[92mINFO [0m:      
[92mINFO [0m:      [RUN 10048486011876909256, ROUND 49]
[92mINFO [0m:      Receiving: train message (ID: 4d9112aaf9a1cd6e0e4cca6f738c3a97c0f9ba99e77d00d15fbb2a5b233146c3)
[92mINFO [0m:      Received successfully
[92mINFO [0m:      Start `flwr-clientapp` process
[pipeline] conectando ao banco: postgresql://mosaicfl:senhaForte@localhost:5432/mo...
[pipeline] conexão OK
[pipeline] executando query (max_seq_len=128 — pode levar alguns minutos)...
[pipeline] query concluída em 8.5s — 1,681,666 linhas
[pipeline] filtrado para hospital_id='BPSP' — 1,681,666 linhas
[pipeline] 43,105 atendimentos únicos encontrados
[pipeline] usando vocabulário pré-compartilhado — 541 tokens
[pipeline] construindo tensores para 43,105 sequências...
[pipeline] tensores: 4,310/43,105 (10%)
[pipeline] tensores: 8,620/43,105 (20%)
[pipeline] tensores: 12,930/43,105 (30%)
[pipeline] tensores: 17,240/43,105 (40%)
[pipeline] tensores: 21,550/43,105 (50%)
[pipeline] tensores: 25,860/43,105 (60%)
[pipeline] tensores: 30,170/43,105 (70%)
[pipeline] tensores: 34,480/43,105 (80%)
[pipeline] tensores: 38,790/43,105 (90%)
[pipeline] tensores: 43,100/43,105 (100%)
[pipeline] tensores prontos em 5.2s
[pipeline] concluído em 14.2s total — 43,105 pacientes | dist={0: 29385, 1: 380, 2: 249, 3: 10267, 4: 2824} | demográficos: age_mean=0.49 sex_M=20267/43105
[92mINFO [0m:      
[92mINFO [0m:      
[92mINFO [0m:      [RUN 10048486011876909256, ROUND 49]
[92mINFO [0m:      Sending: train message (ID: d2c413159ac74cc74b712de895dfb55e3cdc017e82c88dc9248914d53aa9d94f)
[92mINFO [0m:      Sent successfully
[92mINFO [0m:      
[92mINFO [0m:      [RUN 10048486011876909256, ROUND 49]
[92mINFO [0m:      Receiving: evaluate message (ID: 491e2cea2b724976d66a02490c3fe50eca08543e9c4b60415d10cbeb9876cd6c)
[92mINFO [0m:      Received successfully
[92mINFO [0m:      Start `flwr-clientapp` process
[pipeline] conectando ao banco: postgresql://mosaicfl:senhaForte@localhost:5432/mo...
[pipeline] conexão OK
[pipeline] executando query (max_seq_len=128 — pode levar alguns minutos)...
[pipeline] query concluída em 8.2s — 1,681,666 linhas
[pipeline] filtrado para hospital_id='BPSP' — 1,681,666 linhas
[pipeline] 43,105 atendimentos únicos encontrados
[pipeline] usando vocabulário pré-compartilhado — 541 tokens
[pipeline] construindo tensores para 43,105 sequências...
[pipeline] tensores: 4,310/43,105 (10%)
[pipeline] tensores: 8,620/43,105 (20%)
[pipeline] tensores: 12,930/43,105 (30%)
[pipeline] tensores: 17,240/43,105 (40%)
[pipeline] tensores: 21,550/43,105 (50%)
[pipeline] tensores: 25,860/43,105 (60%)
[pipeline] tensores: 30,170/43,105 (70%)
[pipeline] tensores: 34,480/43,105 (80%)
[pipeline] tensores: 38,790/43,105 (90%)
[pipeline] tensores: 43,100/43,105 (100%)
[pipeline] tensores prontos em 5.1s
[pipeline] concluído em 13.7s total — 43,105 pacientes | dist={0: 29385, 1: 380, 2: 249, 3: 10267, 4: 2824} | demográficos: age_mean=0.49 sex_M=20267/43105
[92mINFO [0m:      
[92mINFO [0m:      
[92mINFO [0m:      [RUN 10048486011876909256, ROUND 49]
[92mINFO [0m:      Sending: evaluate message (ID: c4361b1240555d82412cbba279be0a1f44aaf6fa2e251154d23eef4859d5b786)
[92mINFO [0m:      Sent successfully
[92mINFO [0m:      
[92mINFO [0m:      [RUN 10048486011876909256, ROUND 50]
[92mINFO [0m:      Receiving: train message (ID: bfaba56830c8ebb4d97198b89a556839b1ec292ed85e030dbfef0b66610cfa6e)
[92mINFO [0m:      Received successfully
[92mINFO [0m:      Start `flwr-clientapp` process
[pipeline] conectando ao banco: postgresql://mosaicfl:senhaForte@localhost:5432/mo...
[pipeline] conexão OK
[pipeline] executando query (max_seq_len=128 — pode levar alguns minutos)...
[pipeline] query concluída em 8.3s — 1,681,666 linhas
[pipeline] filtrado para hospital_id='BPSP' — 1,681,666 linhas
[pipeline] 43,105 atendimentos únicos encontrados
[pipeline] usando vocabulário pré-compartilhado — 541 tokens
[pipeline] construindo tensores para 43,105 sequências...
[pipeline] tensores: 4,310/43,105 (10%)
[pipeline] tensores: 8,620/43,105 (20%)
[pipeline] tensores: 12,930/43,105 (30%)
[pipeline] tensores: 17,240/43,105 (40%)
[pipeline] tensores: 21,550/43,105 (50%)
[pipeline] tensores: 25,860/43,105 (60%)
[pipeline] tensores: 30,170/43,105 (70%)
[pipeline] tensores: 34,480/43,105 (80%)
[pipeline] tensores: 38,790/43,105 (90%)
[pipeline] tensores: 43,100/43,105 (100%)
[pipeline] tensores prontos em 5.0s
[pipeline] concluído em 13.7s total — 43,105 pacientes | dist={0: 29385, 1: 380, 2: 249, 3: 10267, 4: 2824} | demográficos: age_mean=0.49 sex_M=20267/43105
[92mINFO [0m:      
[92mINFO [0m:      
[92mINFO [0m:      [RUN 10048486011876909256, ROUND 50]
[92mINFO [0m:      Sending: train message (ID: 0479fde665f296c0a43cc5331b842222e1f27d5ac0ffc857242e9dd815f9c48f)
[92mINFO [0m:      Sent successfully
[92mINFO [0m:      
[92mINFO [0m:      [RUN 10048486011876909256, ROUND 50]
[92mINFO [0m:      Receiving: evaluate message (ID: c711767d60cc0489ec85374ca8b9c7b21d87c8eb1f2e34c3a40f2d86955b34dc)
[92mINFO [0m:      Received successfully
[92mINFO [0m:      Start `flwr-clientapp` process
[pipeline] conectando ao banco: postgresql://mosaicfl:senhaForte@localhost:5432/mo...
[pipeline] conexão OK
[pipeline] executando query (max_seq_len=128 — pode levar alguns minutos)...
[pipeline] query concluída em 8.4s — 1,681,666 linhas
[pipeline] filtrado para hospital_id='BPSP' — 1,681,666 linhas
[pipeline] 43,105 atendimentos únicos encontrados
[pipeline] usando vocabulário pré-compartilhado — 541 tokens
[pipeline] construindo tensores para 43,105 sequências...
[pipeline] tensores: 4,310/43,105 (10%)
[pipeline] tensores: 8,620/43,105 (20%)
[pipeline] tensores: 12,930/43,105 (30%)
[pipeline] tensores: 17,240/43,105 (40%)
[pipeline] tensores: 21,550/43,105 (50%)
[pipeline] tensores: 25,860/43,105 (60%)
[pipeline] tensores: 30,170/43,105 (70%)
[pipeline] tensores: 34,480/43,105 (80%)
[pipeline] tensores: 38,790/43,105 (90%)
[pipeline] tensores: 43,100/43,105 (100%)
[pipeline] tensores prontos em 5.2s
[pipeline] concluído em 13.9s total — 43,105 pacientes | dist={0: 29385, 1: 380, 2: 249, 3: 10267, 4: 2824} | demográficos: age_mean=0.49 sex_M=20267/43105
[92mINFO [0m:      
[92mINFO [0m:      
[92mINFO [0m:      [RUN 10048486011876909256, ROUND 50]
[92mINFO [0m:      Sending: evaluate message (ID: 681040e25e2466ffe41a5ef14a3839787430c47b473f7a5ebc806ac68255157e)
[92mINFO [0m:      Sent successfully
[92mINFO [0m:      
[92mINFO [0m:      [RUN 10048486011876909256, ROUND 51]
[92mINFO [0m:      Receiving: train message (ID: a17cca9e2baa79a83015a1350abe19920f5e77ac959663d039c9acc5279ae954)
[92mINFO [0m:      Received successfully
[92mINFO [0m:      Start `flwr-clientapp` process
[pipeline] conectando ao banco: postgresql://mosaicfl:senhaForte@localhost:5432/mo...
[pipeline] conexão OK
[pipeline] executando query (max_seq_len=128 — pode levar alguns minutos)...
[pipeline] query concluída em 8.3s — 1,681,666 linhas
[pipeline] filtrado para hospital_id='BPSP' — 1,681,666 linhas
[pipeline] 43,105 atendimentos únicos encontrados
[pipeline] usando vocabulário pré-compartilhado — 541 tokens
[pipeline] construindo tensores para 43,105 sequências...
[pipeline] tensores: 4,310/43,105 (10%)
[pipeline] tensores: 8,620/43,105 (20%)
[pipeline] tensores: 12,930/43,105 (30%)
[pipeline] tensores: 17,240/43,105 (40%)
[pipeline] tensores: 21,550/43,105 (50%)
[pipeline] tensores: 25,860/43,105 (60%)
[pipeline] tensores: 30,170/43,105 (70%)
[pipeline] tensores: 34,480/43,105 (80%)
[pipeline] tensores: 38,790/43,105 (90%)
[pipeline] tensores: 43,100/43,105 (100%)
[pipeline] tensores prontos em 5.2s
[pipeline] concluído em 13.8s total — 43,105 pacientes | dist={0: 29385, 1: 380, 2: 249, 3: 10267, 4: 2824} | demográficos: age_mean=0.49 sex_M=20267/43105
[92mINFO [0m:      
[92mINFO [0m:      [RUN 10048486011876909256, ROUND 51]
[92mINFO [0m:      Sending: train message (ID: 877372e9a2c237546b65b8919541f96c0445cc98b5367a06c25ac1e9395bde83)
[92mINFO [0m:      
[92mINFO [0m:      Sent successfully
[92mINFO [0m:      
[92mINFO [0m:      [RUN 10048486011876909256, ROUND 51]
[92mINFO [0m:      Receiving: evaluate message (ID: 77ea335219ad4ef44d9fecf5a6ac6171fc9d74558aa4fde3a2f6b8bb48b37caa)
[92mINFO [0m:      Received successfully
[92mINFO [0m:      Start `flwr-clientapp` process
[pipeline] conectando ao banco: postgresql://mosaicfl:senhaForte@localhost:5432/mo...
[pipeline] conexão OK
[pipeline] executando query (max_seq_len=128 — pode levar alguns minutos)...
[pipeline] query concluída em 8.4s — 1,681,666 linhas
[pipeline] filtrado para hospital_id='BPSP' — 1,681,666 linhas
[pipeline] 43,105 atendimentos únicos encontrados
[pipeline] usando vocabulário pré-compartilhado — 541 tokens
[pipeline] construindo tensores para 43,105 sequências...
[pipeline] tensores: 4,310/43,105 (10%)
[pipeline] tensores: 8,620/43,105 (20%)
[pipeline] tensores: 12,930/43,105 (30%)
[pipeline] tensores: 17,240/43,105 (40%)
[pipeline] tensores: 21,550/43,105 (50%)
[pipeline] tensores: 25,860/43,105 (60%)
[pipeline] tensores: 30,170/43,105 (70%)
[pipeline] tensores: 34,480/43,105 (80%)
[pipeline] tensores: 38,790/43,105 (90%)
[pipeline] tensores: 43,100/43,105 (100%)
[pipeline] tensores prontos em 5.2s
[pipeline] concluído em 14.1s total — 43,105 pacientes | dist={0: 29385, 1: 380, 2: 249, 3: 10267, 4: 2824} | demográficos: age_mean=0.49 sex_M=20267/43105
[92mINFO [0m:      
[92mINFO [0m:      
[92mINFO [0m:      [RUN 10048486011876909256, ROUND 51]
[92mINFO [0m:      Sending: evaluate message (ID: 6b247867e518e76cc498e450b0713c4f4d4298f449b66cb6ba6985473588058f)
[92mINFO [0m:      Sent successfully
[92mINFO [0m:      
[92mINFO [0m:      [RUN 10048486011876909256, ROUND 52]
[92mINFO [0m:      Receiving: train message (ID: 7630baeff3d4b6b3dd5906447aa210976063d622d5d57d912d3188490e973fa2)
[92mINFO [0m:      Received successfully
[92mINFO [0m:      Start `flwr-clientapp` process
[pipeline] conectando ao banco: postgresql://mosaicfl:senhaForte@localhost:5432/mo...
[pipeline] conexão OK
[pipeline] executando query (max_seq_len=128 — pode levar alguns minutos)...
[pipeline] query concluída em 8.2s — 1,681,666 linhas
[pipeline] filtrado para hospital_id='BPSP' — 1,681,666 linhas
[pipeline] 43,105 atendimentos únicos encontrados
[pipeline] usando vocabulário pré-compartilhado — 541 tokens
[pipeline] construindo tensores para 43,105 sequências...
[pipeline] tensores: 4,310/43,105 (10%)
[pipeline] tensores: 8,620/43,105 (20%)
[pipeline] tensores: 12,930/43,105 (30%)
[pipeline] tensores: 17,240/43,105 (40%)
[pipeline] tensores: 21,550/43,105 (50%)
[pipeline] tensores: 25,860/43,105 (60%)
[pipeline] tensores: 30,170/43,105 (70%)
[pipeline] tensores: 34,480/43,105 (80%)
[pipeline] tensores: 38,790/43,105 (90%)
[pipeline] tensores: 43,100/43,105 (100%)
[pipeline] tensores prontos em 5.1s
[pipeline] concluído em 13.8s total — 43,105 pacientes | dist={0: 29385, 1: 380, 2: 249, 3: 10267, 4: 2824} | demográficos: age_mean=0.49 sex_M=20267/43105
[92mINFO [0m:      
[92mINFO [0m:      
[92mINFO [0m:      [RUN 10048486011876909256, ROUND 52]
[92mINFO [0m:      Sending: train message (ID: 3a2ffbbbd212401062649400e294e89071b65eaead66e9898401ceab8d6c8576)
[92mINFO [0m:      Sent successfully
[92mINFO [0m:      
[92mINFO [0m:      [RUN 10048486011876909256, ROUND 52]
[92mINFO [0m:      Receiving: evaluate message (ID: 47090b109c284cc6cc4b0e204fe67a330564edda9af52ad804609fb100575e34)
[92mINFO [0m:      Received successfully
[92mINFO [0m:      Start `flwr-clientapp` process
[pipeline] conectando ao banco: postgresql://mosaicfl:senhaForte@localhost:5432/mo...
[pipeline] conexão OK
[pipeline] executando query (max_seq_len=128 — pode levar alguns minutos)...
[pipeline] query concluída em 8.5s — 1,681,666 linhas
[pipeline] filtrado para hospital_id='BPSP' — 1,681,666 linhas
[pipeline] 43,105 atendimentos únicos encontrados
[pipeline] usando vocabulário pré-compartilhado — 541 tokens
[pipeline] construindo tensores para 43,105 sequências...
[pipeline] tensores: 4,310/43,105 (10%)
[pipeline] tensores: 8,620/43,105 (20%)
[pipeline] tensores: 12,930/43,105 (30%)
[pipeline] tensores: 17,240/43,105 (40%)
[pipeline] tensores: 21,550/43,105 (50%)
[pipeline] tensores: 25,860/43,105 (60%)
[pipeline] tensores: 30,170/43,105 (70%)
[pipeline] tensores: 34,480/43,105 (80%)
[pipeline] tensores: 38,790/43,105 (90%)
[pipeline] tensores: 43,100/43,105 (100%)
[pipeline] tensores prontos em 5.2s
[pipeline] concluído em 14.1s total — 43,105 pacientes | dist={0: 29385, 1: 380, 2: 249, 3: 10267, 4: 2824} | demográficos: age_mean=0.49 sex_M=20267/43105
[92mINFO [0m:      
[92mINFO [0m:      
[92mINFO [0m:      [RUN 10048486011876909256, ROUND 52]
[92mINFO [0m:      Sending: evaluate message (ID: 459e1d3382e21f8c8a494fc6b8034863e601afc3609fa1eaafda377a81288edb)
[92mINFO [0m:      Sent successfully
[92mINFO [0m:      
[92mINFO [0m:      [RUN 10048486011876909256, ROUND 53]
[92mINFO [0m:      Receiving: train message (ID: 548de3de1c38c48e573faca6d6fb66defd85a5b73bf95f1297128186f898a79c)
[92mINFO [0m:      Received successfully
[92mINFO [0m:      Start `flwr-clientapp` process
[pipeline] conectando ao banco: postgresql://mosaicfl:senhaForte@localhost:5432/mo...
[pipeline] conexão OK
[pipeline] executando query (max_seq_len=128 — pode levar alguns minutos)...
[pipeline] query concluída em 8.2s — 1,681,666 linhas
[pipeline] filtrado para hospital_id='BPSP' — 1,681,666 linhas
[pipeline] 43,105 atendimentos únicos encontrados
[pipeline] usando vocabulário pré-compartilhado — 541 tokens
[pipeline] construindo tensores para 43,105 sequências...
[pipeline] tensores: 4,310/43,105 (10%)
[pipeline] tensores: 8,620/43,105 (20%)
[pipeline] tensores: 12,930/43,105 (30%)
[pipeline] tensores: 17,240/43,105 (40%)
[pipeline] tensores: 21,550/43,105 (50%)
[pipeline] tensores: 25,860/43,105 (60%)
[pipeline] tensores: 30,170/43,105 (70%)
[pipeline] tensores: 34,480/43,105 (80%)
[pipeline] tensores: 38,790/43,105 (90%)
[pipeline] tensores: 43,100/43,105 (100%)
[pipeline] tensores prontos em 5.0s
[pipeline] concluído em 13.6s total — 43,105 pacientes | dist={0: 29385, 1: 380, 2: 249, 3: 10267, 4: 2824} | demográficos: age_mean=0.49 sex_M=20267/43105
[92mINFO [0m:      
[92mINFO [0m:      
[92mINFO [0m:      [RUN 10048486011876909256, ROUND 53]
[92mINFO [0m:      Sending: train message (ID: 2dbe91635d58c7863072996fa882a502cd4ff107565e65a2fa56fe2c2b41c31e)
[92mINFO [0m:      Sent successfully
[92mINFO [0m:      
[92mINFO [0m:      [RUN 10048486011876909256, ROUND 53]
[92mINFO [0m:      Receiving: evaluate message (ID: a858e10ca31202b02bfe779c6c0f6b04086b332008f24592123260c2ecdb969b)
[92mINFO [0m:      Received successfully
[92mINFO [0m:      Start `flwr-clientapp` process
[pipeline] conectando ao banco: postgresql://mosaicfl:senhaForte@localhost:5432/mo...
[pipeline] conexão OK
[pipeline] executando query (max_seq_len=128 — pode levar alguns minutos)...
[pipeline] query concluída em 8.3s — 1,681,666 linhas
[pipeline] filtrado para hospital_id='BPSP' — 1,681,666 linhas
[pipeline] 43,105 atendimentos únicos encontrados
[pipeline] usando vocabulário pré-compartilhado — 541 tokens
[pipeline] construindo tensores para 43,105 sequências...
[pipeline] tensores: 4,310/43,105 (10%)
[pipeline] tensores: 8,620/43,105 (20%)
[pipeline] tensores: 12,930/43,105 (30%)
[pipeline] tensores: 17,240/43,105 (40%)
[pipeline] tensores: 21,550/43,105 (50%)
[pipeline] tensores: 25,860/43,105 (60%)
[pipeline] tensores: 30,170/43,105 (70%)
[pipeline] tensores: 34,480/43,105 (80%)
[pipeline] tensores: 38,790/43,105 (90%)
[pipeline] tensores: 43,100/43,105 (100%)
[pipeline] tensores prontos em 5.0s
[pipeline] concluído em 13.6s total — 43,105 pacientes | dist={0: 29385, 1: 380, 2: 249, 3: 10267, 4: 2824} | demográficos: age_mean=0.49 sex_M=20267/43105
[92mINFO [0m:      
[92mINFO [0m:      
[92mINFO [0m:      [RUN 10048486011876909256, ROUND 53]
[92mINFO [0m:      Sending: evaluate message (ID: 3f25abd05aa0b258f52d45450c91183593aa62ce3de45e02e1c74e8674c32e73)
[92mINFO [0m:      Sent successfully
[92mINFO [0m:      
[92mINFO [0m:      [RUN 10048486011876909256, ROUND 54]
[92mINFO [0m:      Receiving: train message (ID: 0eae9c4fa36ca3b20f859f8a3d28eb82e1bd8d26ae919aaa0c1364ad6081e749)
[92mINFO [0m:      Received successfully
[92mINFO [0m:      Start `flwr-clientapp` process
[pipeline] conectando ao banco: postgresql://mosaicfl:senhaForte@localhost:5432/mo...
[pipeline] conexão OK
[pipeline] executando query (max_seq_len=128 — pode levar alguns minutos)...
[pipeline] query concluída em 8.5s — 1,681,666 linhas
[pipeline] filtrado para hospital_id='BPSP' — 1,681,666 linhas
[pipeline] 43,105 atendimentos únicos encontrados
[pipeline] usando vocabulário pré-compartilhado — 541 tokens
[pipeline] construindo tensores para 43,105 sequências...
[pipeline] tensores: 4,310/43,105 (10%)
[pipeline] tensores: 8,620/43,105 (20%)
[pipeline] tensores: 12,930/43,105 (30%)
[pipeline] tensores: 17,240/43,105 (40%)
[pipeline] tensores: 21,550/43,105 (50%)
[pipeline] tensores: 25,860/43,105 (60%)
[pipeline] tensores: 30,170/43,105 (70%)
[pipeline] tensores: 34,480/43,105 (80%)
[pipeline] tensores: 38,790/43,105 (90%)
[pipeline] tensores: 43,100/43,105 (100%)
[pipeline] tensores prontos em 5.2s
[pipeline] concluído em 14.1s total — 43,105 pacientes | dist={0: 29385, 1: 380, 2: 249, 3: 10267, 4: 2824} | demográficos: age_mean=0.49 sex_M=20267/43105
[92mINFO [0m:      
[92mINFO [0m:      
[92mINFO [0m:      [RUN 10048486011876909256, ROUND 54]
[92mINFO [0m:      Sending: train message (ID: 19bdcea382f2e113c6eb5c24993e56a78f6f01240fbf862f9d79d44982c6c76f)
[92mINFO [0m:      Sent successfully
[92mINFO [0m:      
[92mINFO [0m:      [RUN 10048486011876909256, ROUND 54]
[92mINFO [0m:      Receiving: evaluate message (ID: 519f1fb8c8ec8b9b8ecff092a8996cd301ceb1b37d37c14d0f825313427a19d2)
[92mINFO [0m:      Received successfully
[92mINFO [0m:      Start `flwr-clientapp` process
[pipeline] conectando ao banco: postgresql://mosaicfl:senhaForte@localhost:5432/mo...
[pipeline] conexão OK
[pipeline] executando query (max_seq_len=128 — pode levar alguns minutos)...
[pipeline] query concluída em 8.3s — 1,681,666 linhas
[pipeline] filtrado para hospital_id='BPSP' — 1,681,666 linhas
[pipeline] 43,105 atendimentos únicos encontrados
[pipeline] usando vocabulário pré-compartilhado — 541 tokens
[pipeline] construindo tensores para 43,105 sequências...
[pipeline] tensores: 4,310/43,105 (10%)
[pipeline] tensores: 8,620/43,105 (20%)
[pipeline] tensores: 12,930/43,105 (30%)
[pipeline] tensores: 17,240/43,105 (40%)
[pipeline] tensores: 21,550/43,105 (50%)
[pipeline] tensores: 25,860/43,105 (60%)
[pipeline] tensores: 30,170/43,105 (70%)
[pipeline] tensores: 34,480/43,105 (80%)
[pipeline] tensores: 38,790/43,105 (90%)
[pipeline] tensores: 43,100/43,105 (100%)
[pipeline] tensores prontos em 5.0s
[pipeline] concluído em 13.7s total — 43,105 pacientes | dist={0: 29385, 1: 380, 2: 249, 3: 10267, 4: 2824} | demográficos: age_mean=0.49 sex_M=20267/43105
[92mINFO [0m:      
[92mINFO [0m:      
[92mINFO [0m:      [RUN 10048486011876909256, ROUND 54]
[92mINFO [0m:      Sending: evaluate message (ID: b3c755569399f70ec006132d256994e9c5273a3f2f0d6b87a0fc7955debd57b2)
[92mINFO [0m:      Sent successfully
[92mINFO [0m:      
[92mINFO [0m:      [RUN 10048486011876909256, ROUND 55]
[92mINFO [0m:      Receiving: train message (ID: 090d3351d5b669f42fa8e752a90815aa0ba10cde56f919d373e56b69d79e4bd0)
[92mINFO [0m:      Received successfully
[92mINFO [0m:      Start `flwr-clientapp` process
[pipeline] conectando ao banco: postgresql://mosaicfl:senhaForte@localhost:5432/mo...
[pipeline] conexão OK
[pipeline] executando query (max_seq_len=128 — pode levar alguns minutos)...
[pipeline] query concluída em 8.2s — 1,681,666 linhas
[pipeline] filtrado para hospital_id='BPSP' — 1,681,666 linhas
[pipeline] 43,105 atendimentos únicos encontrados
[pipeline] usando vocabulário pré-compartilhado — 541 tokens
[pipeline] construindo tensores para 43,105 sequências...
[pipeline] tensores: 4,310/43,105 (10%)
[pipeline] tensores: 8,620/43,105 (20%)
[pipeline] tensores: 12,930/43,105 (30%)
[pipeline] tensores: 17,240/43,105 (40%)
[pipeline] tensores: 21,550/43,105 (50%)
[pipeline] tensores: 25,860/43,105 (60%)
[pipeline] tensores: 30,170/43,105 (70%)
[pipeline] tensores: 34,480/43,105 (80%)
[pipeline] tensores: 38,790/43,105 (90%)
[pipeline] tensores: 43,100/43,105 (100%)
[pipeline] tensores prontos em 4.9s
[pipeline] concluído em 13.6s total — 43,105 pacientes | dist={0: 29385, 1: 380, 2: 249, 3: 10267, 4: 2824} | demográficos: age_mean=0.49 sex_M=20267/43105
[92mINFO [0m:      
[92mINFO [0m:      [RUN 10048486011876909256, ROUND 55]
[92mINFO [0m:      Sending: train message (ID: 86ba9fffb1078a223297edb865a61a7ba909772fc9e68bce2f091d5d3785c17f)
[92mINFO [0m:      
[92mINFO [0m:      Sent successfully
[92mINFO [0m:      
[92mINFO [0m:      [RUN 10048486011876909256, ROUND 55]
[92mINFO [0m:      Receiving: evaluate message (ID: 8d939211cba2f60a6371fcb8df4fb6cd6821f6a7fca4e2e73eb2b57f06cf74d6)
[92mINFO [0m:      Received successfully
[92mINFO [0m:      Start `flwr-clientapp` process
[pipeline] conectando ao banco: postgresql://mosaicfl:senhaForte@localhost:5432/mo...
[pipeline] conexão OK
[pipeline] executando query (max_seq_len=128 — pode levar alguns minutos)...
[pipeline] query concluída em 8.2s — 1,681,666 linhas
[pipeline] filtrado para hospital_id='BPSP' — 1,681,666 linhas
[pipeline] 43,105 atendimentos únicos encontrados
[pipeline] usando vocabulário pré-compartilhado — 541 tokens
[pipeline] construindo tensores para 43,105 sequências...
[pipeline] tensores: 4,310/43,105 (10%)
[pipeline] tensores: 8,620/43,105 (20%)
[pipeline] tensores: 12,930/43,105 (30%)
[pipeline] tensores: 17,240/43,105 (40%)
[pipeline] tensores: 21,550/43,105 (50%)
[pipeline] tensores: 25,860/43,105 (60%)
[pipeline] tensores: 30,170/43,105 (70%)
[pipeline] tensores: 34,480/43,105 (80%)
[pipeline] tensores: 38,790/43,105 (90%)
[pipeline] tensores: 43,100/43,105 (100%)
[pipeline] tensores prontos em 5.1s
[pipeline] concluído em 13.8s total — 43,105 pacientes | dist={0: 29385, 1: 380, 2: 249, 3: 10267, 4: 2824} | demográficos: age_mean=0.49 sex_M=20267/43105
[92mINFO [0m:      
[92mINFO [0m:      
[92mINFO [0m:      [RUN 10048486011876909256, ROUND 55]
[92mINFO [0m:      Sending: evaluate message (ID: 7279d6acd0573cc664ca592ed96f9c19eae5157048e26caa3aaf4fbafaaae7ac)
[92mINFO [0m:      Sent successfully
[92mINFO [0m:      
[92mINFO [0m:      [RUN 10048486011876909256, ROUND 56]
[92mINFO [0m:      Receiving: train message (ID: 8530c72d1e3c59a5220b5d6f17477287f947337985485918903067f261a03986)
[92mINFO [0m:      Received successfully
[92mINFO [0m:      Start `flwr-clientapp` process
[pipeline] conectando ao banco: postgresql://mosaicfl:senhaForte@localhost:5432/mo...
[pipeline] conexão OK
[pipeline] executando query (max_seq_len=128 — pode levar alguns minutos)...
[pipeline] query concluída em 8.2s — 1,681,666 linhas
[pipeline] filtrado para hospital_id='BPSP' — 1,681,666 linhas
[pipeline] 43,105 atendimentos únicos encontrados
[pipeline] usando vocabulário pré-compartilhado — 541 tokens
[pipeline] construindo tensores para 43,105 sequências...
[pipeline] tensores: 4,310/43,105 (10%)
[pipeline] tensores: 8,620/43,105 (20%)
[pipeline] tensores: 12,930/43,105 (30%)
[pipeline] tensores: 17,240/43,105 (40%)
[pipeline] tensores: 21,550/43,105 (50%)
[pipeline] tensores: 25,860/43,105 (60%)
[pipeline] tensores: 30,170/43,105 (70%)
[pipeline] tensores: 34,480/43,105 (80%)
[pipeline] tensores: 38,790/43,105 (90%)
[pipeline] tensores: 43,100/43,105 (100%)
[pipeline] tensores prontos em 4.9s
[pipeline] concluído em 13.5s total — 43,105 pacientes | dist={0: 29385, 1: 380, 2: 249, 3: 10267, 4: 2824} | demográficos: age_mean=0.49 sex_M=20267/43105
[92mINFO [0m:      
[92mINFO [0m:      
[92mINFO [0m:      [RUN 10048486011876909256, ROUND 56]
[92mINFO [0m:      Sending: train message (ID: ea15f32a898b012d1d64c6e090b2fe18fd1e7c7668abdf5db3647f83ce0c22be)
[92mINFO [0m:      Sent successfully
[92mINFO [0m:      
[92mINFO [0m:      [RUN 10048486011876909256, ROUND 56]
[92mINFO [0m:      Receiving: evaluate message (ID: 26d999e62315f5f11ad27f65f85e82980db9cae2864236645b53411b94d39b4c)
[92mINFO [0m:      Received successfully
[92mINFO [0m:      Start `flwr-clientapp` process
[pipeline] conectando ao banco: postgresql://mosaicfl:senhaForte@localhost:5432/mo...
[pipeline] conexão OK
[pipeline] executando query (max_seq_len=128 — pode levar alguns minutos)...
[pipeline] query concluída em 8.5s — 1,681,666 linhas
[pipeline] filtrado para hospital_id='BPSP' — 1,681,666 linhas
[pipeline] 43,105 atendimentos únicos encontrados
[pipeline] usando vocabulário pré-compartilhado — 541 tokens
[pipeline] construindo tensores para 43,105 sequências...
[pipeline] tensores: 4,310/43,105 (10%)
[pipeline] tensores: 8,620/43,105 (20%)
[pipeline] tensores: 12,930/43,105 (30%)
[pipeline] tensores: 17,240/43,105 (40%)
[pipeline] tensores: 21,550/43,105 (50%)
[pipeline] tensores: 25,860/43,105 (60%)
[pipeline] tensores: 30,170/43,105 (70%)
[pipeline] tensores: 34,480/43,105 (80%)
[pipeline] tensores: 38,790/43,105 (90%)
[pipeline] tensores: 43,100/43,105 (100%)
[pipeline] tensores prontos em 5.2s
[pipeline] concluído em 14.2s total — 43,105 pacientes | dist={0: 29385, 1: 380, 2: 249, 3: 10267, 4: 2824} | demográficos: age_mean=0.49 sex_M=20267/43105
[92mINFO [0m:      
[92mINFO [0m:      
[92mINFO [0m:      [RUN 10048486011876909256, ROUND 56]
[92mINFO [0m:      Sending: evaluate message (ID: 42e171316b9227ce0ba947b8ceea621eefd3ae6e86e29b342fd33469e8456a18)
[92mINFO [0m:      Sent successfully
[92mINFO [0m:      
[92mINFO [0m:      [RUN 10048486011876909256, ROUND 57]
[92mINFO [0m:      Receiving: train message (ID: 0a4287dff989e261d46f4b8e0432ee1ea400a8c6df8e2049663556b0091c9ea4)
[92mINFO [0m:      Received successfully
[92mINFO [0m:      Start `flwr-clientapp` process
[pipeline] conectando ao banco: postgresql://mosaicfl:senhaForte@localhost:5432/mo...
[pipeline] conexão OK
[pipeline] executando query (max_seq_len=128 — pode levar alguns minutos)...
[pipeline] query concluída em 8.4s — 1,681,666 linhas
[pipeline] filtrado para hospital_id='BPSP' — 1,681,666 linhas
[pipeline] 43,105 atendimentos únicos encontrados
[pipeline] usando vocabulário pré-compartilhado — 541 tokens
[pipeline] construindo tensores para 43,105 sequências...
[pipeline] tensores: 4,310/43,105 (10%)
[pipeline] tensores: 8,620/43,105 (20%)
[pipeline] tensores: 12,930/43,105 (30%)
[pipeline] tensores: 17,240/43,105 (40%)
[pipeline] tensores: 21,550/43,105 (50%)
[pipeline] tensores: 25,860/43,105 (60%)
[pipeline] tensores: 30,170/43,105 (70%)
[pipeline] tensores: 34,480/43,105 (80%)
[pipeline] tensores: 38,790/43,105 (90%)
[pipeline] tensores: 43,100/43,105 (100%)
[pipeline] tensores prontos em 5.1s
[pipeline] concluído em 13.8s total — 43,105 pacientes | dist={0: 29385, 1: 380, 2: 249, 3: 10267, 4: 2824} | demográficos: age_mean=0.49 sex_M=20267/43105
[92mINFO [0m:      
[92mINFO [0m:      
[92mINFO [0m:      [RUN 10048486011876909256, ROUND 57]
[92mINFO [0m:      Sending: train message (ID: 8c0a9ee57630f270b7967c8360cfc1de1da0bdc57198a0ce477a7051559d8f02)
[92mINFO [0m:      Sent successfully
[92mINFO [0m:      
[92mINFO [0m:      [RUN 10048486011876909256, ROUND 57]
[92mINFO [0m:      Receiving: evaluate message (ID: 4b66d9d135b6f7c1219e3bf16ace9afc9dd264aa099d1b52a66219b77255a860)
[92mINFO [0m:      Received successfully
[92mINFO [0m:      Start `flwr-clientapp` process
[pipeline] conectando ao banco: postgresql://mosaicfl:senhaForte@localhost:5432/mo...
[pipeline] conexão OK
[pipeline] executando query (max_seq_len=128 — pode levar alguns minutos)...
[pipeline] query concluída em 8.3s — 1,681,666 linhas
[pipeline] filtrado para hospital_id='BPSP' — 1,681,666 linhas
[pipeline] 43,105 atendimentos únicos encontrados
[pipeline] usando vocabulário pré-compartilhado — 541 tokens
[pipeline] construindo tensores para 43,105 sequências...
[pipeline] tensores: 4,310/43,105 (10%)
[pipeline] tensores: 8,620/43,105 (20%)
[pipeline] tensores: 12,930/43,105 (30%)
[pipeline] tensores: 17,240/43,105 (40%)
[pipeline] tensores: 21,550/43,105 (50%)
[pipeline] tensores: 25,860/43,105 (60%)
[pipeline] tensores: 30,170/43,105 (70%)
[pipeline] tensores: 34,480/43,105 (80%)
[pipeline] tensores: 38,790/43,105 (90%)
[pipeline] tensores: 43,100/43,105 (100%)
[pipeline] tensores prontos em 5.1s
[pipeline] concluído em 13.7s total — 43,105 pacientes | dist={0: 29385, 1: 380, 2: 249, 3: 10267, 4: 2824} | demográficos: age_mean=0.49 sex_M=20267/43105
[92mINFO [0m:      
[92mINFO [0m:      
[92mINFO [0m:      [RUN 10048486011876909256, ROUND 57]
[92mINFO [0m:      Sending: evaluate message (ID: e564f4f55bdf7c690437d72b6ed36df3e1275d58c899701888d5d3f52165f5e8)
[92mINFO [0m:      Sent successfully
[92mINFO [0m:      
[92mINFO [0m:      [RUN 10048486011876909256, ROUND 58]
[92mINFO [0m:      Receiving: train message (ID: aa850576bcff154f28d49002c6314a555de4e3083d0da5b057f87f697d62aa45)
[92mINFO [0m:      Received successfully
[92mINFO [0m:      Start `flwr-clientapp` process
[pipeline] conectando ao banco: postgresql://mosaicfl:senhaForte@localhost:5432/mo...
[pipeline] conexão OK
[pipeline] executando query (max_seq_len=128 — pode levar alguns minutos)...
[pipeline] query concluída em 8.3s — 1,681,666 linhas
[pipeline] filtrado para hospital_id='BPSP' — 1,681,666 linhas
[pipeline] 43,105 atendimentos únicos encontrados
[pipeline] usando vocabulário pré-compartilhado — 541 tokens
[pipeline] construindo tensores para 43,105 sequências...
[pipeline] tensores: 4,310/43,105 (10%)
[pipeline] tensores: 8,620/43,105 (20%)
[pipeline] tensores: 12,930/43,105 (30%)
[pipeline] tensores: 17,240/43,105 (40%)
[pipeline] tensores: 21,550/43,105 (50%)
[pipeline] tensores: 25,860/43,105 (60%)
[pipeline] tensores: 30,170/43,105 (70%)
[pipeline] tensores: 34,480/43,105 (80%)
[pipeline] tensores: 38,790/43,105 (90%)
[pipeline] tensores: 43,100/43,105 (100%)
[pipeline] tensores prontos em 5.1s
[pipeline] concluído em 13.8s total — 43,105 pacientes | dist={0: 29385, 1: 380, 2: 249, 3: 10267, 4: 2824} | demográficos: age_mean=0.49 sex_M=20267/43105
[92mINFO [0m:      
[92mINFO [0m:      [RUN 10048486011876909256, ROUND 58]
[92mINFO [0m:      Sending: train message (ID: 92ccf214dd677f28c61c995b44dd6c923aa63ecdd8e6089df4c0cba2e004c5a5)
[92mINFO [0m:      
[92mINFO [0m:      Sent successfully
[92mINFO [0m:      
[92mINFO [0m:      [RUN 10048486011876909256, ROUND 58]
[92mINFO [0m:      Receiving: evaluate message (ID: 6f618b9824152f2fcee89cea7072a1b6cb1c252bd518527943b1ecb4982b1e30)
[92mINFO [0m:      Received successfully
[92mINFO [0m:      Start `flwr-clientapp` process
[pipeline] conectando ao banco: postgresql://mosaicfl:senhaForte@localhost:5432/mo...
[pipeline] conexão OK
[pipeline] executando query (max_seq_len=128 — pode levar alguns minutos)...
[pipeline] query concluída em 8.5s — 1,681,666 linhas
[pipeline] filtrado para hospital_id='BPSP' — 1,681,666 linhas
[pipeline] 43,105 atendimentos únicos encontrados
[pipeline] usando vocabulário pré-compartilhado — 541 tokens
[pipeline] construindo tensores para 43,105 sequências...
[pipeline] tensores: 4,310/43,105 (10%)
[pipeline] tensores: 8,620/43,105 (20%)
[pipeline] tensores: 12,930/43,105 (30%)
[pipeline] tensores: 17,240/43,105 (40%)
[pipeline] tensores: 21,550/43,105 (50%)
[pipeline] tensores: 25,860/43,105 (60%)
[pipeline] tensores: 30,170/43,105 (70%)
[pipeline] tensores: 34,480/43,105 (80%)
[pipeline] tensores: 38,790/43,105 (90%)
[pipeline] tensores: 43,100/43,105 (100%)
[pipeline] tensores prontos em 5.2s
[pipeline] concluído em 14.2s total — 43,105 pacientes | dist={0: 29385, 1: 380, 2: 249, 3: 10267, 4: 2824} | demográficos: age_mean=0.49 sex_M=20267/43105
[92mINFO [0m:      
[92mINFO [0m:      
[92mINFO [0m:      [RUN 10048486011876909256, ROUND 58]
[92mINFO [0m:      Sending: evaluate message (ID: 0c6934745f2339e95ae01043ae8893e649fb8154298c08139c337855aa552156)
[92mINFO [0m:      Sent successfully
[92mINFO [0m:      
[92mINFO [0m:      [RUN 10048486011876909256, ROUND 59]
[92mINFO [0m:      Receiving: train message (ID: 48b5f17ec5a5af2bf5a0279a23e75f6cc7699c0d18bd1da5a4d805e4eaacf760)
[92mINFO [0m:      Received successfully
[92mINFO [0m:      Start `flwr-clientapp` process
[pipeline] conectando ao banco: postgresql://mosaicfl:senhaForte@localhost:5432/mo...
[pipeline] conexão OK
[pipeline] executando query (max_seq_len=128 — pode levar alguns minutos)...
[pipeline] query concluída em 8.3s — 1,681,666 linhas
[pipeline] filtrado para hospital_id='BPSP' — 1,681,666 linhas
[pipeline] 43,105 atendimentos únicos encontrados
[pipeline] usando vocabulário pré-compartilhado — 541 tokens
[pipeline] construindo tensores para 43,105 sequências...
[pipeline] tensores: 4,310/43,105 (10%)
[pipeline] tensores: 8,620/43,105 (20%)
[pipeline] tensores: 12,930/43,105 (30%)
[pipeline] tensores: 17,240/43,105 (40%)
[pipeline] tensores: 21,550/43,105 (50%)
[pipeline] tensores: 25,860/43,105 (60%)
[pipeline] tensores: 30,170/43,105 (70%)
[pipeline] tensores: 34,480/43,105 (80%)
[pipeline] tensores: 38,790/43,105 (90%)
[pipeline] tensores: 43,100/43,105 (100%)
[pipeline] tensores prontos em 5.1s
[pipeline] concluído em 13.8s total — 43,105 pacientes | dist={0: 29385, 1: 380, 2: 249, 3: 10267, 4: 2824} | demográficos: age_mean=0.49 sex_M=20267/43105
[92mINFO [0m:      
[92mINFO [0m:      
[92mINFO [0m:      [RUN 10048486011876909256, ROUND 59]
[92mINFO [0m:      Sending: train message (ID: 020cc170eb27153af53ae21b989890ef2f228bee273b866e7269317ff6f65d58)
[92mINFO [0m:      Sent successfully
[92mINFO [0m:      
[92mINFO [0m:      [RUN 10048486011876909256, ROUND 59]
[92mINFO [0m:      Receiving: evaluate message (ID: f368bddd67128412d06378010695d984183c0a64933a38fd637e67a287033735)
[92mINFO [0m:      Received successfully
[92mINFO [0m:      Start `flwr-clientapp` process
[pipeline] conectando ao banco: postgresql://mosaicfl:senhaForte@localhost:5432/mo...
[pipeline] conexão OK
[pipeline] executando query (max_seq_len=128 — pode levar alguns minutos)...
[pipeline] query concluída em 8.2s — 1,681,666 linhas
[pipeline] filtrado para hospital_id='BPSP' — 1,681,666 linhas
[pipeline] 43,105 atendimentos únicos encontrados
[pipeline] usando vocabulário pré-compartilhado — 541 tokens
[pipeline] construindo tensores para 43,105 sequências...
[pipeline] tensores: 4,310/43,105 (10%)
[pipeline] tensores: 8,620/43,105 (20%)
[pipeline] tensores: 12,930/43,105 (30%)
[pipeline] tensores: 17,240/43,105 (40%)
[pipeline] tensores: 21,550/43,105 (50%)
[pipeline] tensores: 25,860/43,105 (60%)
[pipeline] tensores: 30,170/43,105 (70%)
[pipeline] tensores: 34,480/43,105 (80%)
[pipeline] tensores: 38,790/43,105 (90%)
[pipeline] tensores: 43,100/43,105 (100%)
[pipeline] tensores prontos em 5.1s
[pipeline] concluído em 13.7s total — 43,105 pacientes | dist={0: 29385, 1: 380, 2: 249, 3: 10267, 4: 2824} | demográficos: age_mean=0.49 sex_M=20267/43105
[92mINFO [0m:      
[92mINFO [0m:      
[92mINFO [0m:      [RUN 10048486011876909256, ROUND 59]
[92mINFO [0m:      Sending: evaluate message (ID: 82696e2e22aba3f68409239ad83e00571fb17f1b3908902b188ca7a16b47af60)
[92mINFO [0m:      Sent successfully
[92mINFO [0m:      
[92mINFO [0m:      [RUN 10048486011876909256, ROUND 60]
[92mINFO [0m:      Receiving: train message (ID: 22a15d7b1a31e11f4feb24a06623fab5056ccfeff48561ffee86f8d9eff8e10f)
[92mINFO [0m:      Received successfully
[92mINFO [0m:      Start `flwr-clientapp` process
[pipeline] conectando ao banco: postgresql://mosaicfl:senhaForte@localhost:5432/mo...
[pipeline] conexão OK
[pipeline] executando query (max_seq_len=128 — pode levar alguns minutos)...
[pipeline] query concluída em 8.3s — 1,681,666 linhas
[pipeline] filtrado para hospital_id='BPSP' — 1,681,666 linhas
[pipeline] 43,105 atendimentos únicos encontrados
[pipeline] usando vocabulário pré-compartilhado — 541 tokens
[pipeline] construindo tensores para 43,105 sequências...
[pipeline] tensores: 4,310/43,105 (10%)
[pipeline] tensores: 8,620/43,105 (20%)
[pipeline] tensores: 12,930/43,105 (30%)
[pipeline] tensores: 17,240/43,105 (40%)
[pipeline] tensores: 21,550/43,105 (50%)
[pipeline] tensores: 25,860/43,105 (60%)
[pipeline] tensores: 30,170/43,105 (70%)
[pipeline] tensores: 34,480/43,105 (80%)
[pipeline] tensores: 38,790/43,105 (90%)
[pipeline] tensores: 43,100/43,105 (100%)
[pipeline] tensores prontos em 5.1s
[pipeline] concluído em 13.8s total — 43,105 pacientes | dist={0: 29385, 1: 380, 2: 249, 3: 10267, 4: 2824} | demográficos: age_mean=0.49 sex_M=20267/43105
[92mINFO [0m:      
[92mINFO [0m:      [RUN 10048486011876909256, ROUND 60]
[92mINFO [0m:      Sending: train message (ID: 047d69ef1950ad5c3cef19020b2436cb799656a1b41b81255e7c6acb84c4077a)
[92mINFO [0m:      
[92mINFO [0m:      Sent successfully
[92mINFO [0m:      
[92mINFO [0m:      [RUN 10048486011876909256, ROUND 60]
[92mINFO [0m:      Receiving: evaluate message (ID: 983a7e9fa68329fc284fae3a556680912862b81d2fb7fb555ecf865947023e02)
[92mINFO [0m:      Received successfully
[92mINFO [0m:      Start `flwr-clientapp` process
[pipeline] conectando ao banco: postgresql://mosaicfl:senhaForte@localhost:5432/mo...
[pipeline] conexão OK
[pipeline] executando query (max_seq_len=128 — pode levar alguns minutos)...
[pipeline] query concluída em 8.3s — 1,681,666 linhas
[pipeline] filtrado para hospital_id='BPSP' — 1,681,666 linhas
[pipeline] 43,105 atendimentos únicos encontrados
[pipeline] usando vocabulário pré-compartilhado — 541 tokens
[pipeline] construindo tensores para 43,105 sequências...
[pipeline] tensores: 4,310/43,105 (10%)
[pipeline] tensores: 8,620/43,105 (20%)
[pipeline] tensores: 12,930/43,105 (30%)
[pipeline] tensores: 17,240/43,105 (40%)
[pipeline] tensores: 21,550/43,105 (50%)
[pipeline] tensores: 25,860/43,105 (60%)
[pipeline] tensores: 30,170/43,105 (70%)
[pipeline] tensores: 34,480/43,105 (80%)
[pipeline] tensores: 38,790/43,105 (90%)
[pipeline] tensores: 43,100/43,105 (100%)
[pipeline] tensores prontos em 5.2s
[pipeline] concluído em 13.9s total — 43,105 pacientes | dist={0: 29385, 1: 380, 2: 249, 3: 10267, 4: 2824} | demográficos: age_mean=0.49 sex_M=20267/43105
[92mINFO [0m:      
[92mINFO [0m:      
[92mINFO [0m:      [RUN 10048486011876909256, ROUND 60]
[92mINFO [0m:      Sending: evaluate message (ID: c94c74ab2870e8234e9a93791651c5123dea3f8b06e388cacb866b4824ae58ba)
[92mINFO [0m:      Sent successfully
[92mINFO [0m:      
[92mINFO [0m:      [RUN 10048486011876909256, ROUND 61]
[92mINFO [0m:      Receiving: train message (ID: b67fe6f91dc60d6f4d7fdd694c256dbf4160de7c1cf7437a300daf9bff5c0c3a)
[92mINFO [0m:      Received successfully
[92mINFO [0m:      Start `flwr-clientapp` process
[pipeline] conectando ao banco: postgresql://mosaicfl:senhaForte@localhost:5432/mo...
[pipeline] conexão OK
[pipeline] executando query (max_seq_len=128 — pode levar alguns minutos)...
[pipeline] query concluída em 8.4s — 1,681,666 linhas
[pipeline] filtrado para hospital_id='BPSP' — 1,681,666 linhas
[pipeline] 43,105 atendimentos únicos encontrados
[pipeline] usando vocabulário pré-compartilhado — 541 tokens
[pipeline] construindo tensores para 43,105 sequências...
[pipeline] tensores: 4,310/43,105 (10%)
[pipeline] tensores: 8,620/43,105 (20%)
[pipeline] tensores: 12,930/43,105 (30%)
[pipeline] tensores: 17,240/43,105 (40%)
[pipeline] tensores: 21,550/43,105 (50%)
[pipeline] tensores: 25,860/43,105 (60%)
[pipeline] tensores: 30,170/43,105 (70%)
[pipeline] tensores: 34,480/43,105 (80%)
[pipeline] tensores: 38,790/43,105 (90%)
[pipeline] tensores: 43,100/43,105 (100%)
[pipeline] tensores prontos em 5.1s
[pipeline] concluído em 13.9s total — 43,105 pacientes | dist={0: 29385, 1: 380, 2: 249, 3: 10267, 4: 2824} | demográficos: age_mean=0.49 sex_M=20267/43105
[92mINFO [0m:      
[92mINFO [0m:      [RUN 10048486011876909256, ROUND 61]
[92mINFO [0m:      Sending: train message (ID: d94b1fab63aa2064fce1c71d063cd7e77073ccff81d7c60a2272ea73da2b9afd)
[92mINFO [0m:      
[92mINFO [0m:      Sent successfully
[92mINFO [0m:      
[92mINFO [0m:      [RUN 10048486011876909256, ROUND 61]
[92mINFO [0m:      Receiving: evaluate message (ID: 90cbe1ec164699b97343ca6d66c6674663ef99e13d5b5eb2950f8d36401c973f)
[92mINFO [0m:      Received successfully
[92mINFO [0m:      Start `flwr-clientapp` process
[pipeline] conectando ao banco: postgresql://mosaicfl:senhaForte@localhost:5432/mo...
[pipeline] conexão OK
[pipeline] executando query (max_seq_len=128 — pode levar alguns minutos)...
[pipeline] query concluída em 8.4s — 1,681,666 linhas
[pipeline] filtrado para hospital_id='BPSP' — 1,681,666 linhas
[pipeline] 43,105 atendimentos únicos encontrados
[pipeline] usando vocabulário pré-compartilhado — 541 tokens
[pipeline] construindo tensores para 43,105 sequências...
[pipeline] tensores: 4,310/43,105 (10%)
[pipeline] tensores: 8,620/43,105 (20%)
[pipeline] tensores: 12,930/43,105 (30%)
[pipeline] tensores: 17,240/43,105 (40%)
[pipeline] tensores: 21,550/43,105 (50%)
[pipeline] tensores: 25,860/43,105 (60%)
[pipeline] tensores: 30,170/43,105 (70%)
[pipeline] tensores: 34,480/43,105 (80%)
[pipeline] tensores: 38,790/43,105 (90%)
[pipeline] tensores: 43,100/43,105 (100%)
[pipeline] tensores prontos em 5.1s
[pipeline] concluído em 13.8s total — 43,105 pacientes | dist={0: 29385, 1: 380, 2: 249, 3: 10267, 4: 2824} | demográficos: age_mean=0.49 sex_M=20267/43105
[92mINFO [0m:      
[92mINFO [0m:      [RUN 10048486011876909256, ROUND 61]
[92mINFO [0m:      Sending: evaluate message (ID: 2b96b82f89f52365c6ce37b1649b286c355872ae99e5c23ce53001abb36024f8)
[92mINFO [0m:      Sent successfully
[92mINFO [0m:      
[92mINFO [0m:      
[92mINFO [0m:      [RUN 10048486011876909256, ROUND 62]
[92mINFO [0m:      Receiving: train message (ID: 54078a34d52945ce4a39bf334c20592ea0dfb22935fcbc973e63ef5f59a72e14)
[92mINFO [0m:      Received successfully
[92mINFO [0m:      Start `flwr-clientapp` process
[pipeline] conectando ao banco: postgresql://mosaicfl:senhaForte@localhost:5432/mo...
[pipeline] conexão OK
[pipeline] executando query (max_seq_len=128 — pode levar alguns minutos)...
[pipeline] query concluída em 8.3s — 1,681,666 linhas
[pipeline] filtrado para hospital_id='BPSP' — 1,681,666 linhas
[pipeline] 43,105 atendimentos únicos encontrados
[pipeline] usando vocabulário pré-compartilhado — 541 tokens
[pipeline] construindo tensores para 43,105 sequências...
[pipeline] tensores: 4,310/43,105 (10%)
[pipeline] tensores: 8,620/43,105 (20%)
[pipeline] tensores: 12,930/43,105 (30%)
[pipeline] tensores: 17,240/43,105 (40%)
[pipeline] tensores: 21,550/43,105 (50%)
[pipeline] tensores: 25,860/43,105 (60%)
[pipeline] tensores: 30,170/43,105 (70%)
[pipeline] tensores: 34,480/43,105 (80%)
[pipeline] tensores: 38,790/43,105 (90%)
[pipeline] tensores: 43,100/43,105 (100%)
[pipeline] tensores prontos em 5.1s
[pipeline] concluído em 13.7s total — 43,105 pacientes | dist={0: 29385, 1: 380, 2: 249, 3: 10267, 4: 2824} | demográficos: age_mean=0.49 sex_M=20267/43105
[92mINFO [0m:      
[92mINFO [0m:      [RUN 10048486011876909256, ROUND 62]
[92mINFO [0m:      Sending: train message (ID: e1a26e3667bccc5d056b04cf9e912041d962391891f61dc7c6c4c87a575b01c3)
[92mINFO [0m:      
[92mINFO [0m:      Sent successfully
[92mINFO [0m:      
[92mINFO [0m:      [RUN 10048486011876909256, ROUND 62]
[92mINFO [0m:      Receiving: evaluate message (ID: fb92adf2f9c6f1cf2ada355c7490bfb1d06a51236c349753d6d8e15b3d9f24a0)
[92mINFO [0m:      Received successfully
[92mINFO [0m:      Start `flwr-clientapp` process
[pipeline] conectando ao banco: postgresql://mosaicfl:senhaForte@localhost:5432/mo...
[pipeline] conexão OK
[pipeline] executando query (max_seq_len=128 — pode levar alguns minutos)...
[pipeline] query concluída em 8.3s — 1,681,666 linhas
[pipeline] filtrado para hospital_id='BPSP' — 1,681,666 linhas
[pipeline] 43,105 atendimentos únicos encontrados
[pipeline] usando vocabulário pré-compartilhado — 541 tokens
[pipeline] construindo tensores para 43,105 sequências...
[pipeline] tensores: 4,310/43,105 (10%)
[pipeline] tensores: 8,620/43,105 (20%)
[pipeline] tensores: 12,930/43,105 (30%)
[pipeline] tensores: 17,240/43,105 (40%)
[pipeline] tensores: 21,550/43,105 (50%)
[pipeline] tensores: 25,860/43,105 (60%)
[pipeline] tensores: 30,170/43,105 (70%)
[pipeline] tensores: 34,480/43,105 (80%)
[pipeline] tensores: 38,790/43,105 (90%)
[pipeline] tensores: 43,100/43,105 (100%)
[pipeline] tensores prontos em 5.1s
[pipeline] concluído em 13.8s total — 43,105 pacientes | dist={0: 29385, 1: 380, 2: 249, 3: 10267, 4: 2824} | demográficos: age_mean=0.49 sex_M=20267/43105
[92mINFO [0m:      
[92mINFO [0m:      
[92mINFO [0m:      [RUN 10048486011876909256, ROUND 62]
[92mINFO [0m:      Sending: evaluate message (ID: cfcdf54b1b4c16fd7533a43443c6f369fde6224ce5b6d302dce60da473d6bd83)
[92mINFO [0m:      Sent successfully
[92mINFO [0m:      
[92mINFO [0m:      [RUN 10048486011876909256, ROUND 63]
[92mINFO [0m:      Receiving: train message (ID: 7c628192afa8595dff62212ae7a3e26b2eedad94a3abfa26b7e6cacc9c244c92)
[92mINFO [0m:      Received successfully
[92mINFO [0m:      Start `flwr-clientapp` process
[pipeline] conectando ao banco: postgresql://mosaicfl:senhaForte@localhost:5432/mo...
[pipeline] conexão OK
[pipeline] executando query (max_seq_len=128 — pode levar alguns minutos)...
[pipeline] query concluída em 8.3s — 1,681,666 linhas
[pipeline] filtrado para hospital_id='BPSP' — 1,681,666 linhas
[pipeline] 43,105 atendimentos únicos encontrados
[pipeline] usando vocabulário pré-compartilhado — 541 tokens
[pipeline] construindo tensores para 43,105 sequências...
[pipeline] tensores: 4,310/43,105 (10%)
[pipeline] tensores: 8,620/43,105 (20%)
[pipeline] tensores: 12,930/43,105 (30%)
[pipeline] tensores: 17,240/43,105 (40%)
[pipeline] tensores: 21,550/43,105 (50%)
[pipeline] tensores: 25,860/43,105 (60%)
[pipeline] tensores: 30,170/43,105 (70%)
[pipeline] tensores: 34,480/43,105 (80%)
[pipeline] tensores: 38,790/43,105 (90%)
[pipeline] tensores: 43,100/43,105 (100%)
[pipeline] tensores prontos em 5.0s
[pipeline] concluído em 13.7s total — 43,105 pacientes | dist={0: 29385, 1: 380, 2: 249, 3: 10267, 4: 2824} | demográficos: age_mean=0.49 sex_M=20267/43105
[92mINFO [0m:      
[92mINFO [0m:      
[92mINFO [0m:      [RUN 10048486011876909256, ROUND 63]
[92mINFO [0m:      Sending: train message (ID: f3047d44d500b7e0b906f0ead5b315f1a67f8101f51bf4f170c51e64c340b390)
[92mINFO [0m:      Sent successfully
[92mINFO [0m:      
[92mINFO [0m:      [RUN 10048486011876909256, ROUND 63]
[92mINFO [0m:      Receiving: evaluate message (ID: 904deda2b320af6fe27441f3a63af1a37708f13915e20eb19062e4cc65f59f9c)
[92mINFO [0m:      Received successfully
[92mINFO [0m:      Start `flwr-clientapp` process
[pipeline] conectando ao banco: postgresql://mosaicfl:senhaForte@localhost:5432/mo...
[pipeline] conexão OK
[pipeline] executando query (max_seq_len=128 — pode levar alguns minutos)...
[pipeline] query concluída em 8.3s — 1,681,666 linhas
[pipeline] filtrado para hospital_id='BPSP' — 1,681,666 linhas
[pipeline] 43,105 atendimentos únicos encontrados
[pipeline] usando vocabulário pré-compartilhado — 541 tokens
[pipeline] construindo tensores para 43,105 sequências...
[pipeline] tensores: 4,310/43,105 (10%)
[pipeline] tensores: 8,620/43,105 (20%)
[pipeline] tensores: 12,930/43,105 (30%)
[pipeline] tensores: 17,240/43,105 (40%)
[pipeline] tensores: 21,550/43,105 (50%)
[pipeline] tensores: 25,860/43,105 (60%)
[pipeline] tensores: 30,170/43,105 (70%)
[pipeline] tensores: 34,480/43,105 (80%)
[pipeline] tensores: 38,790/43,105 (90%)
[pipeline] tensores: 43,100/43,105 (100%)
[pipeline] tensores prontos em 5.1s
[pipeline] concluído em 13.9s total — 43,105 pacientes | dist={0: 29385, 1: 380, 2: 249, 3: 10267, 4: 2824} | demográficos: age_mean=0.49 sex_M=20267/43105
[92mINFO [0m:      
[92mINFO [0m:      
[92mINFO [0m:      [RUN 10048486011876909256, ROUND 63]
[92mINFO [0m:      Sending: evaluate message (ID: ee2ef28b03f34d9aed2ec11b73c66410b2bf2363cb36c9b4bd2284959916d548)
[92mINFO [0m:      Sent successfully
[92mINFO [0m:      
[92mINFO [0m:      [RUN 10048486011876909256, ROUND 64]
[92mINFO [0m:      Receiving: train message (ID: 13ba48ba2f647908b5e91128179103d3d0d11ff7595a16559aca376ae1cea943)
[92mINFO [0m:      Start `flwr-clientapp` process
[92mINFO [0m:      Received successfully
[pipeline] conectando ao banco: postgresql://mosaicfl:senhaForte@localhost:5432/mo...
[pipeline] conexão OK
[pipeline] executando query (max_seq_len=128 — pode levar alguns minutos)...
[pipeline] query concluída em 8.5s — 1,681,666 linhas
[pipeline] filtrado para hospital_id='BPSP' — 1,681,666 linhas
[pipeline] 43,105 atendimentos únicos encontrados
[pipeline] usando vocabulário pré-compartilhado — 541 tokens
[pipeline] construindo tensores para 43,105 sequências...
[pipeline] tensores: 4,310/43,105 (10%)
[pipeline] tensores: 8,620/43,105 (20%)
[pipeline] tensores: 12,930/43,105 (30%)
[pipeline] tensores: 17,240/43,105 (40%)
[pipeline] tensores: 21,550/43,105 (50%)
[pipeline] tensores: 25,860/43,105 (60%)
[pipeline] tensores: 30,170/43,105 (70%)
[pipeline] tensores: 34,480/43,105 (80%)
[pipeline] tensores: 38,790/43,105 (90%)
[pipeline] tensores: 43,100/43,105 (100%)
[pipeline] tensores prontos em 5.2s
[pipeline] concluído em 14.1s total — 43,105 pacientes | dist={0: 29385, 1: 380, 2: 249, 3: 10267, 4: 2824} | demográficos: age_mean=0.49 sex_M=20267/43105
[92mINFO [0m:      
[92mINFO [0m:      
[92mINFO [0m:      [RUN 10048486011876909256, ROUND 64]
[92mINFO [0m:      Sending: train message (ID: 13d5240e2b2a82bf73263f022240a027c9353b0ec12b6e92158ad66b9cada18a)
[92mINFO [0m:      Sent successfully
[92mINFO [0m:      
[92mINFO [0m:      [RUN 10048486011876909256, ROUND 64]
[92mINFO [0m:      Receiving: evaluate message (ID: 6b78515f1cbd1c0c76579787a217f60e79f02a81acd92b940c51051e502a5032)
[92mINFO [0m:      Received successfully
[92mINFO [0m:      Start `flwr-clientapp` process
[pipeline] conectando ao banco: postgresql://mosaicfl:senhaForte@localhost:5432/mo...
[pipeline] conexão OK
[pipeline] executando query (max_seq_len=128 — pode levar alguns minutos)...
[pipeline] query concluída em 8.4s — 1,681,666 linhas
[pipeline] filtrado para hospital_id='BPSP' — 1,681,666 linhas
[pipeline] 43,105 atendimentos únicos encontrados
[pipeline] usando vocabulário pré-compartilhado — 541 tokens
[pipeline] construindo tensores para 43,105 sequências...
[pipeline] tensores: 4,310/43,105 (10%)
[pipeline] tensores: 8,620/43,105 (20%)
[pipeline] tensores: 12,930/43,105 (30%)
[pipeline] tensores: 17,240/43,105 (40%)
[pipeline] tensores: 21,550/43,105 (50%)
[pipeline] tensores: 25,860/43,105 (60%)
[pipeline] tensores: 30,170/43,105 (70%)
[pipeline] tensores: 34,480/43,105 (80%)
[pipeline] tensores: 38,790/43,105 (90%)
[pipeline] tensores: 43,100/43,105 (100%)
[pipeline] tensores prontos em 5.2s
[pipeline] concluído em 13.9s total — 43,105 pacientes | dist={0: 29385, 1: 380, 2: 249, 3: 10267, 4: 2824} | demográficos: age_mean=0.49 sex_M=20267/43105
[92mINFO [0m:      
[92mINFO [0m:      
[92mINFO [0m:      [RUN 10048486011876909256, ROUND 64]
[92mINFO [0m:      Sending: evaluate message (ID: ca9be41f75e33de8f352ff237c55ed4bcf37ed4abfed06353ec9694180d73e53)
[92mINFO [0m:      Sent successfully
[92mINFO [0m:      
[92mINFO [0m:      [RUN 10048486011876909256, ROUND 65]
[92mINFO [0m:      Receiving: train message (ID: b20f8a921b54f42d2ddbfe075627a8ee0f52180705104d8285ea66f6928a721f)
[92mINFO [0m:      Received successfully
[92mINFO [0m:      Start `flwr-clientapp` process
[pipeline] conectando ao banco: postgresql://mosaicfl:senhaForte@localhost:5432/mo...
[pipeline] conexão OK
[pipeline] executando query (max_seq_len=128 — pode levar alguns minutos)...
[pipeline] query concluída em 8.4s — 1,681,666 linhas
[pipeline] filtrado para hospital_id='BPSP' — 1,681,666 linhas
[pipeline] 43,105 atendimentos únicos encontrados
[pipeline] usando vocabulário pré-compartilhado — 541 tokens
[pipeline] construindo tensores para 43,105 sequências...
[pipeline] tensores: 4,310/43,105 (10%)
[pipeline] tensores: 8,620/43,105 (20%)
[pipeline] tensores: 12,930/43,105 (30%)
[pipeline] tensores: 17,240/43,105 (40%)
[pipeline] tensores: 21,550/43,105 (50%)
[pipeline] tensores: 25,860/43,105 (60%)
[pipeline] tensores: 30,170/43,105 (70%)
[pipeline] tensores: 34,480/43,105 (80%)
[pipeline] tensores: 38,790/43,105 (90%)
[pipeline] tensores: 43,100/43,105 (100%)
[pipeline] tensores prontos em 5.1s
[pipeline] concluído em 13.9s total — 43,105 pacientes | dist={0: 29385, 1: 380, 2: 249, 3: 10267, 4: 2824} | demográficos: age_mean=0.49 sex_M=20267/43105
[92mINFO [0m:      
[92mINFO [0m:      
[92mINFO [0m:      [RUN 10048486011876909256, ROUND 65]
[92mINFO [0m:      Sending: train message (ID: fedfe1066605cfacc4893a54d931f12417246a685274b2c32294f7a29e9a068b)
[92mINFO [0m:      Sent successfully
[92mINFO [0m:      
[92mINFO [0m:      [RUN 10048486011876909256, ROUND 65]
[92mINFO [0m:      Receiving: evaluate message (ID: 2a7d1d5f34d4b0648c69cc5b183d981f5aa60f0170fc34082564ad2ce7090ec0)
[92mINFO [0m:      Received successfully
[92mINFO [0m:      Start `flwr-clientapp` process
[pipeline] conectando ao banco: postgresql://mosaicfl:senhaForte@localhost:5432/mo...
[pipeline] conexão OK
[pipeline] executando query (max_seq_len=128 — pode levar alguns minutos)...
[pipeline] query concluída em 8.4s — 1,681,666 linhas
[pipeline] filtrado para hospital_id='BPSP' — 1,681,666 linhas
[pipeline] 43,105 atendimentos únicos encontrados
[pipeline] usando vocabulário pré-compartilhado — 541 tokens
[pipeline] construindo tensores para 43,105 sequências...
[pipeline] tensores: 4,310/43,105 (10%)
[pipeline] tensores: 8,620/43,105 (20%)
[pipeline] tensores: 12,930/43,105 (30%)
[pipeline] tensores: 17,240/43,105 (40%)
[pipeline] tensores: 21,550/43,105 (50%)
[pipeline] tensores: 25,860/43,105 (60%)
[pipeline] tensores: 30,170/43,105 (70%)
[pipeline] tensores: 34,480/43,105 (80%)
[pipeline] tensores: 38,790/43,105 (90%)
[pipeline] tensores: 43,100/43,105 (100%)
[pipeline] tensores prontos em 5.2s
[pipeline] concluído em 13.9s total — 43,105 pacientes | dist={0: 29385, 1: 380, 2: 249, 3: 10267, 4: 2824} | demográficos: age_mean=0.49 sex_M=20267/43105
[92mINFO [0m:      
[92mINFO [0m:      
[92mINFO [0m:      [RUN 10048486011876909256, ROUND 65]
[92mINFO [0m:      Sending: evaluate message (ID: 1b803e2e6038d31d8bb2f9b279f3ebb4eaf56ceb9949a6032edadf0252de386a)
[92mINFO [0m:      Sent successfully
[92mINFO [0m:      
[92mINFO [0m:      [RUN 10048486011876909256, ROUND 66]
[92mINFO [0m:      Receiving: train message (ID: d01fe843550f0fec1c22291a82519ef5c8c43311e0549d04ee7528abc600c143)
[92mINFO [0m:      Received successfully
[92mINFO [0m:      Start `flwr-clientapp` process
[pipeline] conectando ao banco: postgresql://mosaicfl:senhaForte@localhost:5432/mo...
[pipeline] conexão OK
[pipeline] executando query (max_seq_len=128 — pode levar alguns minutos)...
[pipeline] query concluída em 8.4s — 1,681,666 linhas
[pipeline] filtrado para hospital_id='BPSP' — 1,681,666 linhas
[pipeline] 43,105 atendimentos únicos encontrados
[pipeline] usando vocabulário pré-compartilhado — 541 tokens
[pipeline] construindo tensores para 43,105 sequências...
[pipeline] tensores: 4,310/43,105 (10%)
[pipeline] tensores: 8,620/43,105 (20%)
[pipeline] tensores: 12,930/43,105 (30%)
[pipeline] tensores: 17,240/43,105 (40%)
[pipeline] tensores: 21,550/43,105 (50%)
[pipeline] tensores: 25,860/43,105 (60%)
[pipeline] tensores: 30,170/43,105 (70%)
[pipeline] tensores: 34,480/43,105 (80%)
[pipeline] tensores: 38,790/43,105 (90%)
[pipeline] tensores: 43,100/43,105 (100%)
[pipeline] tensores prontos em 5.1s
[pipeline] concluído em 13.9s total — 43,105 pacientes | dist={0: 29385, 1: 380, 2: 249, 3: 10267, 4: 2824} | demográficos: age_mean=0.49 sex_M=20267/43105
[92mINFO [0m:      
[92mINFO [0m:      
[92mINFO [0m:      [RUN 10048486011876909256, ROUND 66]
[92mINFO [0m:      Sending: train message (ID: 9e2fa27893ff406c2b9a12edb6a7d976d7a6da2ea5b6cb58d58001a81d6b2d16)
[92mINFO [0m:      Sent successfully
[92mINFO [0m:      
[92mINFO [0m:      [RUN 10048486011876909256, ROUND 66]
[92mINFO [0m:      Receiving: evaluate message (ID: e00a7bda0862204eb3d6f29cd661b8b478b8abf610b39264ebffabb8c109c5de)
[92mINFO [0m:      Received successfully
[92mINFO [0m:      Start `flwr-clientapp` process
[pipeline] conectando ao banco: postgresql://mosaicfl:senhaForte@localhost:5432/mo...
[pipeline] conexão OK
[pipeline] executando query (max_seq_len=128 — pode levar alguns minutos)...
[pipeline] query concluída em 8.4s — 1,681,666 linhas
[pipeline] filtrado para hospital_id='BPSP' — 1,681,666 linhas
[pipeline] 43,105 atendimentos únicos encontrados
[pipeline] usando vocabulário pré-compartilhado — 541 tokens
[pipeline] construindo tensores para 43,105 sequências...
[pipeline] tensores: 4,310/43,105 (10%)
[pipeline] tensores: 8,620/43,105 (20%)
[pipeline] tensores: 12,930/43,105 (30%)
[pipeline] tensores: 17,240/43,105 (40%)
[pipeline] tensores: 21,550/43,105 (50%)
[pipeline] tensores: 25,860/43,105 (60%)
[pipeline] tensores: 30,170/43,105 (70%)
[pipeline] tensores: 34,480/43,105 (80%)
[pipeline] tensores: 38,790/43,105 (90%)
[pipeline] tensores: 43,100/43,105 (100%)
[pipeline] tensores prontos em 5.2s
[pipeline] concluído em 14.0s total — 43,105 pacientes | dist={0: 29385, 1: 380, 2: 249, 3: 10267, 4: 2824} | demográficos: age_mean=0.49 sex_M=20267/43105
[92mINFO [0m:      
[92mINFO [0m:      
[92mINFO [0m:      [RUN 10048486011876909256, ROUND 66]
[92mINFO [0m:      Sending: evaluate message (ID: 2d399275a7e7971d3d2e6ddb459cc34208816838f9ad731b53cf4565197caa26)
[92mINFO [0m:      Sent successfully
[92mINFO [0m:      
[92mINFO [0m:      [RUN 10048486011876909256, ROUND 67]
[92mINFO [0m:      Receiving: train message (ID: b29a712f6d16f97881925f427483f91550a36e2b4cdaa23cf5b7f52af3a81b59)
[92mINFO [0m:      Received successfully
[92mINFO [0m:      Start `flwr-clientapp` process
[pipeline] conectando ao banco: postgresql://mosaicfl:senhaForte@localhost:5432/mo...
[pipeline] conexão OK
[pipeline] executando query (max_seq_len=128 — pode levar alguns minutos)...
[pipeline] query concluída em 9.0s — 1,681,666 linhas
[pipeline] filtrado para hospital_id='BPSP' — 1,681,666 linhas
[pipeline] 43,105 atendimentos únicos encontrados
[pipeline] usando vocabulário pré-compartilhado — 541 tokens
[pipeline] construindo tensores para 43,105 sequências...
[pipeline] tensores: 4,310/43,105 (10%)
[pipeline] tensores: 8,620/43,105 (20%)
[pipeline] tensores: 12,930/43,105 (30%)
[pipeline] tensores: 17,240/43,105 (40%)
[pipeline] tensores: 21,550/43,105 (50%)
[pipeline] tensores: 25,860/43,105 (60%)
[pipeline] tensores: 30,170/43,105 (70%)
[pipeline] tensores: 34,480/43,105 (80%)
[pipeline] tensores: 38,790/43,105 (90%)
[pipeline] tensores: 43,100/43,105 (100%)
[pipeline] tensores prontos em 5.2s
[pipeline] concluído em 14.6s total — 43,105 pacientes | dist={0: 29385, 1: 380, 2: 249, 3: 10267, 4: 2824} | demográficos: age_mean=0.49 sex_M=20267/43105
[92mINFO [0m:      
[92mINFO [0m:      
[92mINFO [0m:      [RUN 10048486011876909256, ROUND 67]
[92mINFO [0m:      Sending: train message (ID: 554392150c082f1cda20212fadc74eedb7c6cbeab827a96aef2c206e941331f2)
[92mINFO [0m:      Sent successfully
[92mINFO [0m:      
[92mINFO [0m:      [RUN 10048486011876909256, ROUND 67]
[92mINFO [0m:      Receiving: evaluate message (ID: 857f3add579df660b9ffb3040613419d943d8edf0cc1d1b2e28681cd414cdfa8)
[92mINFO [0m:      Received successfully
[92mINFO [0m:      Start `flwr-clientapp` process
[pipeline] conectando ao banco: postgresql://mosaicfl:senhaForte@localhost:5432/mo...
[pipeline] conexão OK
[pipeline] executando query (max_seq_len=128 — pode levar alguns minutos)...
[pipeline] query concluída em 8.4s — 1,681,666 linhas
[pipeline] filtrado para hospital_id='BPSP' — 1,681,666 linhas
[pipeline] 43,105 atendimentos únicos encontrados
[pipeline] usando vocabulário pré-compartilhado — 541 tokens
[pipeline] construindo tensores para 43,105 sequências...
[pipeline] tensores: 4,310/43,105 (10%)
[pipeline] tensores: 8,620/43,105 (20%)
[pipeline] tensores: 12,930/43,105 (30%)
[pipeline] tensores: 17,240/43,105 (40%)
[pipeline] tensores: 21,550/43,105 (50%)
[pipeline] tensores: 25,860/43,105 (60%)
[pipeline] tensores: 30,170/43,105 (70%)
[pipeline] tensores: 34,480/43,105 (80%)
[pipeline] tensores: 38,790/43,105 (90%)
[pipeline] tensores: 43,100/43,105 (100%)
[pipeline] tensores prontos em 5.2s
[pipeline] concluído em 14.0s total — 43,105 pacientes | dist={0: 29385, 1: 380, 2: 249, 3: 10267, 4: 2824} | demográficos: age_mean=0.49 sex_M=20267/43105
[92mINFO [0m:      
[92mINFO [0m:      
[92mINFO [0m:      [RUN 10048486011876909256, ROUND 67]
[92mINFO [0m:      Sending: evaluate message (ID: f3703d4b756d1d59e236129e76ff7aabb0bd5b7e4602ad327163aea8cc6617fc)
[92mINFO [0m:      Sent successfully
[92mINFO [0m:      
[92mINFO [0m:      [RUN 10048486011876909256, ROUND 68]
[92mINFO [0m:      Receiving: train message (ID: 6201b5c6af7a8c441620b832916fdb8c4f318dfd5f3d366003e6c6d1ae1a461b)
[92mINFO [0m:      Received successfully
[92mINFO [0m:      Start `flwr-clientapp` process
[pipeline] conectando ao banco: postgresql://mosaicfl:senhaForte@localhost:5432/mo...
[pipeline] conexão OK
[pipeline] executando query (max_seq_len=128 — pode levar alguns minutos)...
[pipeline] query concluída em 8.4s — 1,681,666 linhas
[pipeline] filtrado para hospital_id='BPSP' — 1,681,666 linhas
[pipeline] 43,105 atendimentos únicos encontrados
[pipeline] usando vocabulário pré-compartilhado — 541 tokens
[pipeline] construindo tensores para 43,105 sequências...
[pipeline] tensores: 4,310/43,105 (10%)
[pipeline] tensores: 8,620/43,105 (20%)
[pipeline] tensores: 12,930/43,105 (30%)
[pipeline] tensores: 17,240/43,105 (40%)
[pipeline] tensores: 21,550/43,105 (50%)
[pipeline] tensores: 25,860/43,105 (60%)
[pipeline] tensores: 30,170/43,105 (70%)
[pipeline] tensores: 34,480/43,105 (80%)
[pipeline] tensores: 38,790/43,105 (90%)
[pipeline] tensores: 43,100/43,105 (100%)
[pipeline] tensores prontos em 5.2s
[pipeline] concluído em 14.1s total — 43,105 pacientes | dist={0: 29385, 1: 380, 2: 249, 3: 10267, 4: 2824} | demográficos: age_mean=0.49 sex_M=20267/43105
[92mINFO [0m:      
[92mINFO [0m:      
[92mINFO [0m:      [RUN 10048486011876909256, ROUND 68]
[92mINFO [0m:      Sending: train message (ID: 65d98afdc9e2d6d8b0b5416397e62525dc651d01abd708c8c74afcea0baa706d)
[92mINFO [0m:      Sent successfully
[92mINFO [0m:      
[92mINFO [0m:      [RUN 10048486011876909256, ROUND 68]
[92mINFO [0m:      Receiving: evaluate message (ID: 14a332b7b2fcf6f4273a52f0bcf8ea8444810bf3311fd3b472830fab17cb2dd7)
[92mINFO [0m:      Received successfully
[92mINFO [0m:      Start `flwr-clientapp` process
[pipeline] conectando ao banco: postgresql://mosaicfl:senhaForte@localhost:5432/mo...
[pipeline] conexão OK
[pipeline] executando query (max_seq_len=128 — pode levar alguns minutos)...
[pipeline] query concluída em 8.3s — 1,681,666 linhas
[pipeline] filtrado para hospital_id='BPSP' — 1,681,666 linhas
[pipeline] 43,105 atendimentos únicos encontrados
[pipeline] usando vocabulário pré-compartilhado — 541 tokens
[pipeline] construindo tensores para 43,105 sequências...
[pipeline] tensores: 4,310/43,105 (10%)
[pipeline] tensores: 8,620/43,105 (20%)
[pipeline] tensores: 12,930/43,105 (30%)
[pipeline] tensores: 17,240/43,105 (40%)
[pipeline] tensores: 21,550/43,105 (50%)
[pipeline] tensores: 25,860/43,105 (60%)
[pipeline] tensores: 30,170/43,105 (70%)
[pipeline] tensores: 34,480/43,105 (80%)
[pipeline] tensores: 38,790/43,105 (90%)
[pipeline] tensores: 43,100/43,105 (100%)
[pipeline] tensores prontos em 5.1s
[pipeline] concluído em 13.8s total — 43,105 pacientes | dist={0: 29385, 1: 380, 2: 249, 3: 10267, 4: 2824} | demográficos: age_mean=0.49 sex_M=20267/43105
[92mINFO [0m:      
[92mINFO [0m:      
[92mINFO [0m:      [RUN 10048486011876909256, ROUND 68]
[92mINFO [0m:      Sending: evaluate message (ID: 539f62bb28fe3876a92a9d0c312589e27f4dfb4a4d71315fa36da06e67b99a6e)
[92mINFO [0m:      Sent successfully
[92mINFO [0m:      
[92mINFO [0m:      [RUN 10048486011876909256, ROUND 69]
[92mINFO [0m:      Receiving: train message (ID: 0d055500ec797514e7f4f37b2a8089eab688fa0045fa7d994e1881737c5073a4)
[92mINFO [0m:      Received successfully
[92mINFO [0m:      Start `flwr-clientapp` process
[pipeline] conectando ao banco: postgresql://mosaicfl:senhaForte@localhost:5432/mo...
[pipeline] conexão OK
[pipeline] executando query (max_seq_len=128 — pode levar alguns minutos)...
[pipeline] query concluída em 8.5s — 1,681,666 linhas
[pipeline] filtrado para hospital_id='BPSP' — 1,681,666 linhas
[pipeline] 43,105 atendimentos únicos encontrados
[pipeline] usando vocabulário pré-compartilhado — 541 tokens
[pipeline] construindo tensores para 43,105 sequências...
[pipeline] tensores: 4,310/43,105 (10%)
[pipeline] tensores: 8,620/43,105 (20%)
[pipeline] tensores: 12,930/43,105 (30%)
[pipeline] tensores: 17,240/43,105 (40%)
[pipeline] tensores: 21,550/43,105 (50%)
[pipeline] tensores: 25,860/43,105 (60%)
[pipeline] tensores: 30,170/43,105 (70%)
[pipeline] tensores: 34,480/43,105 (80%)
[pipeline] tensores: 38,790/43,105 (90%)
[pipeline] tensores: 43,100/43,105 (100%)
[pipeline] tensores prontos em 5.2s
[pipeline] concluído em 14.1s total — 43,105 pacientes | dist={0: 29385, 1: 380, 2: 249, 3: 10267, 4: 2824} | demográficos: age_mean=0.49 sex_M=20267/43105
[92mINFO [0m:      
[92mINFO [0m:      
[92mINFO [0m:      [RUN 10048486011876909256, ROUND 69]
[92mINFO [0m:      Sending: train message (ID: 51dc19a0f806186728ea9aceb4a06b4f2627ccfbacea7eac61f85593cee2c8ae)
[92mINFO [0m:      Sent successfully
[92mINFO [0m:      
[92mINFO [0m:      [RUN 10048486011876909256, ROUND 69]
[92mINFO [0m:      Receiving: evaluate message (ID: a669df1a6da810e0a83eea4ccab25cbbbf8d5978c9e6965ab6425c669b3c6faf)
[92mINFO [0m:      Received successfully
[92mINFO [0m:      Start `flwr-clientapp` process
[pipeline] conectando ao banco: postgresql://mosaicfl:senhaForte@localhost:5432/mo...
[pipeline] conexão OK
[pipeline] executando query (max_seq_len=128 — pode levar alguns minutos)...
[pipeline] query concluída em 8.5s — 1,681,666 linhas
[pipeline] filtrado para hospital_id='BPSP' — 1,681,666 linhas
[pipeline] 43,105 atendimentos únicos encontrados
[pipeline] usando vocabulário pré-compartilhado — 541 tokens
[pipeline] construindo tensores para 43,105 sequências...
[pipeline] tensores: 4,310/43,105 (10%)
[pipeline] tensores: 8,620/43,105 (20%)
[pipeline] tensores: 12,930/43,105 (30%)
[pipeline] tensores: 17,240/43,105 (40%)
[pipeline] tensores: 21,550/43,105 (50%)
[pipeline] tensores: 25,860/43,105 (60%)
[pipeline] tensores: 30,170/43,105 (70%)
[pipeline] tensores: 34,480/43,105 (80%)
[pipeline] tensores: 38,790/43,105 (90%)
[pipeline] tensores: 43,100/43,105 (100%)
[pipeline] tensores prontos em 5.3s
[pipeline] concluído em 14.2s total — 43,105 pacientes | dist={0: 29385, 1: 380, 2: 249, 3: 10267, 4: 2824} | demográficos: age_mean=0.49 sex_M=20267/43105
[92mINFO [0m:      
[92mINFO [0m:      
[92mINFO [0m:      [RUN 10048486011876909256, ROUND 69]
[92mINFO [0m:      Sending: evaluate message (ID: 43a81f47258d90a3347b98984635a8d16360a0fb57e3d95d18038289d156f9ca)
[92mINFO [0m:      Sent successfully
[92mINFO [0m:      
[92mINFO [0m:      [RUN 10048486011876909256, ROUND 70]
[92mINFO [0m:      Receiving: train message (ID: 4051fe56316e5102e6c38a426b0f072de929dbed833b9bfdc0a5f07558ab470a)
[92mINFO [0m:      Received successfully
[92mINFO [0m:      Start `flwr-clientapp` process
[pipeline] conectando ao banco: postgresql://mosaicfl:senhaForte@localhost:5432/mo...
[pipeline] conexão OK
[pipeline] executando query (max_seq_len=128 — pode levar alguns minutos)...
[pipeline] query concluída em 8.3s — 1,681,666 linhas
[pipeline] filtrado para hospital_id='BPSP' — 1,681,666 linhas
[pipeline] 43,105 atendimentos únicos encontrados
[pipeline] usando vocabulário pré-compartilhado — 541 tokens
[pipeline] construindo tensores para 43,105 sequências...
[pipeline] tensores: 4,310/43,105 (10%)
[pipeline] tensores: 8,620/43,105 (20%)
[pipeline] tensores: 12,930/43,105 (30%)
[pipeline] tensores: 17,240/43,105 (40%)
[pipeline] tensores: 21,550/43,105 (50%)
[pipeline] tensores: 25,860/43,105 (60%)
[pipeline] tensores: 30,170/43,105 (70%)
[pipeline] tensores: 34,480/43,105 (80%)
[pipeline] tensores: 38,790/43,105 (90%)
[pipeline] tensores: 43,100/43,105 (100%)
[pipeline] tensores prontos em 5.0s
[pipeline] concluído em 13.7s total — 43,105 pacientes | dist={0: 29385, 1: 380, 2: 249, 3: 10267, 4: 2824} | demográficos: age_mean=0.49 sex_M=20267/43105
[92mINFO [0m:      
[92mINFO [0m:      [RUN 10048486011876909256, ROUND 70]
[92mINFO [0m:      Sending: train message (ID: 0022dae1dc954a79211988cf4bdbf33cc418ea0cbb093729f07fc7a5025e0602)
[92mINFO [0m:      
[92mINFO [0m:      Sent successfully
[92mINFO [0m:      
[92mINFO [0m:      [RUN 10048486011876909256, ROUND 70]
[92mINFO [0m:      Receiving: evaluate message (ID: 25e0d83929369147cce801bd81ae21658a4bc32fbfb4b26a17ab71f5573f06a7)
[92mINFO [0m:      Received successfully
[92mINFO [0m:      Start `flwr-clientapp` process
[pipeline] conectando ao banco: postgresql://mosaicfl:senhaForte@localhost:5432/mo...
[pipeline] conexão OK
[pipeline] executando query (max_seq_len=128 — pode levar alguns minutos)...
[pipeline] query concluída em 8.2s — 1,681,666 linhas
[pipeline] filtrado para hospital_id='BPSP' — 1,681,666 linhas
[pipeline] 43,105 atendimentos únicos encontrados
[pipeline] usando vocabulário pré-compartilhado — 541 tokens
[pipeline] construindo tensores para 43,105 sequências...
[pipeline] tensores: 4,310/43,105 (10%)
[pipeline] tensores: 8,620/43,105 (20%)
[pipeline] tensores: 12,930/43,105 (30%)
[pipeline] tensores: 17,240/43,105 (40%)
[pipeline] tensores: 21,550/43,105 (50%)
[pipeline] tensores: 25,860/43,105 (60%)
[pipeline] tensores: 30,170/43,105 (70%)
[pipeline] tensores: 34,480/43,105 (80%)
[pipeline] tensores: 38,790/43,105 (90%)
[pipeline] tensores: 43,100/43,105 (100%)
[pipeline] tensores prontos em 5.1s
[pipeline] concluído em 13.6s total — 43,105 pacientes | dist={0: 29385, 1: 380, 2: 249, 3: 10267, 4: 2824} | demográficos: age_mean=0.49 sex_M=20267/43105
[92mINFO [0m:      
[92mINFO [0m:      
[92mINFO [0m:      [RUN 10048486011876909256, ROUND 70]
[92mINFO [0m:      Sending: evaluate message (ID: bc329051a79d09192a3e63bfc5a752da0920afbc3799c9e56bc6fc2bfbbe699c)
[92mINFO [0m:      Sent successfully
[92mINFO [0m:      
[92mINFO [0m:      [RUN 10048486011876909256, ROUND 71]
[92mINFO [0m:      Receiving: train message (ID: a60d1e5a4197951b8859d21730e385fefce0780394aef962d4398145142e4edf)
[92mINFO [0m:      Received successfully
[92mINFO [0m:      Start `flwr-clientapp` process
[pipeline] conectando ao banco: postgresql://mosaicfl:senhaForte@localhost:5432/mo...
[pipeline] conexão OK
[pipeline] executando query (max_seq_len=128 — pode levar alguns minutos)...
[pipeline] query concluída em 8.3s — 1,681,666 linhas
[pipeline] filtrado para hospital_id='BPSP' — 1,681,666 linhas
[pipeline] 43,105 atendimentos únicos encontrados
[pipeline] usando vocabulário pré-compartilhado — 541 tokens
[pipeline] construindo tensores para 43,105 sequências...
[pipeline] tensores: 4,310/43,105 (10%)
[pipeline] tensores: 8,620/43,105 (20%)
[pipeline] tensores: 12,930/43,105 (30%)
[pipeline] tensores: 17,240/43,105 (40%)
[pipeline] tensores: 21,550/43,105 (50%)
[pipeline] tensores: 25,860/43,105 (60%)
[pipeline] tensores: 30,170/43,105 (70%)
[pipeline] tensores: 34,480/43,105 (80%)
[pipeline] tensores: 38,790/43,105 (90%)
[pipeline] tensores: 43,100/43,105 (100%)
[pipeline] tensores prontos em 5.0s
[pipeline] concluído em 13.7s total — 43,105 pacientes | dist={0: 29385, 1: 380, 2: 249, 3: 10267, 4: 2824} | demográficos: age_mean=0.49 sex_M=20267/43105
[92mINFO [0m:      
[92mINFO [0m:      
[92mINFO [0m:      [RUN 10048486011876909256, ROUND 71]
[92mINFO [0m:      Sending: train message (ID: 9c80ea0ae262b733f7e08f653b124101ae7715858e818c2d7955d2184335ce86)
[92mINFO [0m:      Sent successfully
[92mINFO [0m:      
[92mINFO [0m:      [RUN 10048486011876909256, ROUND 71]
[92mINFO [0m:      Receiving: evaluate message (ID: fd63531a1dc0c79460344091aa7a2bd2c9f29cd374f8e2190c01de5c7f64f2d6)
[92mINFO [0m:      Received successfully
[92mINFO [0m:      Start `flwr-clientapp` process
[pipeline] conectando ao banco: postgresql://mosaicfl:senhaForte@localhost:5432/mo...
[pipeline] conexão OK
[pipeline] executando query (max_seq_len=128 — pode levar alguns minutos)...
[pipeline] query concluída em 8.3s — 1,681,666 linhas
[pipeline] filtrado para hospital_id='BPSP' — 1,681,666 linhas
[pipeline] 43,105 atendimentos únicos encontrados
[pipeline] usando vocabulário pré-compartilhado — 541 tokens
[pipeline] construindo tensores para 43,105 sequências...
[pipeline] tensores: 4,310/43,105 (10%)
[pipeline] tensores: 8,620/43,105 (20%)
[pipeline] tensores: 12,930/43,105 (30%)
[pipeline] tensores: 17,240/43,105 (40%)
[pipeline] tensores: 21,550/43,105 (50%)
[pipeline] tensores: 25,860/43,105 (60%)
[pipeline] tensores: 30,170/43,105 (70%)
[pipeline] tensores: 34,480/43,105 (80%)
[pipeline] tensores: 38,790/43,105 (90%)
[pipeline] tensores: 43,100/43,105 (100%)
[pipeline] tensores prontos em 5.1s
[pipeline] concluído em 13.8s total — 43,105 pacientes | dist={0: 29385, 1: 380, 2: 249, 3: 10267, 4: 2824} | demográficos: age_mean=0.49 sex_M=20267/43105
[92mINFO [0m:      
[92mINFO [0m:      [RUN 10048486011876909256, ROUND 71]
[92mINFO [0m:      Sending: evaluate message (ID: 506484bef9e34717a5ff9f593a86c06f9ae80896a3a68aca49f10149fbeba7f8)
[92mINFO [0m:      Sent successfully
[92mINFO [0m:      
[92mINFO [0m:      
[92mINFO [0m:      [RUN 10048486011876909256, ROUND 72]
[92mINFO [0m:      Receiving: train message (ID: 8cd570672428a3cfeba8cd949916be8fc867b9fa43691af5871a87307d64d47d)
[92mINFO [0m:      Received successfully
[92mINFO [0m:      Start `flwr-clientapp` process
[pipeline] conectando ao banco: postgresql://mosaicfl:senhaForte@localhost:5432/mo...
[pipeline] conexão OK
[pipeline] executando query (max_seq_len=128 — pode levar alguns minutos)...
[pipeline] query concluída em 8.3s — 1,681,666 linhas
[pipeline] filtrado para hospital_id='BPSP' — 1,681,666 linhas
[pipeline] 43,105 atendimentos únicos encontrados
[pipeline] usando vocabulário pré-compartilhado — 541 tokens
[pipeline] construindo tensores para 43,105 sequências...
[pipeline] tensores: 4,310/43,105 (10%)
[pipeline] tensores: 8,620/43,105 (20%)
[pipeline] tensores: 12,930/43,105 (30%)
[pipeline] tensores: 17,240/43,105 (40%)
[pipeline] tensores: 21,550/43,105 (50%)
[pipeline] tensores: 25,860/43,105 (60%)
[pipeline] tensores: 30,170/43,105 (70%)
[pipeline] tensores: 34,480/43,105 (80%)
[pipeline] tensores: 38,790/43,105 (90%)
[pipeline] tensores: 43,100/43,105 (100%)
[pipeline] tensores prontos em 5.2s
[pipeline] concluído em 13.9s total — 43,105 pacientes | dist={0: 29385, 1: 380, 2: 249, 3: 10267, 4: 2824} | demográficos: age_mean=0.49 sex_M=20267/43105
[92mINFO [0m:      
[92mINFO [0m:      
[92mINFO [0m:      [RUN 10048486011876909256, ROUND 72]
[92mINFO [0m:      Sending: train message (ID: d4c4c8327bec1d88956273f0200276403949cbdefb4922a76afd0294e83c814f)
[92mINFO [0m:      Sent successfully
[92mINFO [0m:      
[92mINFO [0m:      [RUN 10048486011876909256, ROUND 72]
[92mINFO [0m:      Receiving: evaluate message (ID: be41108314c22e6de51c83f0c9068b1a10b6c23d7a5e367a4fa6ca0617937b89)
[92mINFO [0m:      Received successfully
[92mINFO [0m:      Start `flwr-clientapp` process
[pipeline] conectando ao banco: postgresql://mosaicfl:senhaForte@localhost:5432/mo...
[pipeline] conexão OK
[pipeline] executando query (max_seq_len=128 — pode levar alguns minutos)...
[pipeline] query concluída em 8.7s — 1,681,666 linhas
[pipeline] filtrado para hospital_id='BPSP' — 1,681,666 linhas
[pipeline] 43,105 atendimentos únicos encontrados
[pipeline] usando vocabulário pré-compartilhado — 541 tokens
[pipeline] construindo tensores para 43,105 sequências...
[pipeline] tensores: 4,310/43,105 (10%)
[pipeline] tensores: 8,620/43,105 (20%)
[pipeline] tensores: 12,930/43,105 (30%)
[pipeline] tensores: 17,240/43,105 (40%)
[pipeline] tensores: 21,550/43,105 (50%)
[pipeline] tensores: 25,860/43,105 (60%)
[pipeline] tensores: 30,170/43,105 (70%)
[pipeline] tensores: 34,480/43,105 (80%)
[pipeline] tensores: 38,790/43,105 (90%)
[pipeline] tensores: 43,100/43,105 (100%)
[pipeline] tensores prontos em 5.2s
[pipeline] concluído em 14.3s total — 43,105 pacientes | dist={0: 29385, 1: 380, 2: 249, 3: 10267, 4: 2824} | demográficos: age_mean=0.49 sex_M=20267/43105
[92mINFO [0m:      
[92mINFO [0m:      
[92mINFO [0m:      [RUN 10048486011876909256, ROUND 72]
[92mINFO [0m:      Sending: evaluate message (ID: 476736074ebf0c7a3f2e4fe222d81a69817f34a65d63b740cfa643b679732fe8)
[92mINFO [0m:      Sent successfully
[92mINFO [0m:      
[92mINFO [0m:      [RUN 10048486011876909256, ROUND 73]
[92mINFO [0m:      Receiving: train message (ID: 2f09b927c290cd93ca7fbf1b9e864602b0d5547ce5ceffbc588a49845219c618)
[92mINFO [0m:      Received successfully
[92mINFO [0m:      Start `flwr-clientapp` process
[pipeline] conectando ao banco: postgresql://mosaicfl:senhaForte@localhost:5432/mo...
[pipeline] conexão OK
[pipeline] executando query (max_seq_len=128 — pode levar alguns minutos)...
[pipeline] query concluída em 8.4s — 1,681,666 linhas
[pipeline] filtrado para hospital_id='BPSP' — 1,681,666 linhas
[pipeline] 43,105 atendimentos únicos encontrados
[pipeline] usando vocabulário pré-compartilhado — 541 tokens
[pipeline] construindo tensores para 43,105 sequências...
[pipeline] tensores: 4,310/43,105 (10%)
[pipeline] tensores: 8,620/43,105 (20%)
[pipeline] tensores: 12,930/43,105 (30%)
[pipeline] tensores: 17,240/43,105 (40%)
[pipeline] tensores: 21,550/43,105 (50%)
[pipeline] tensores: 25,860/43,105 (60%)
[pipeline] tensores: 30,170/43,105 (70%)
[pipeline] tensores: 34,480/43,105 (80%)
[pipeline] tensores: 38,790/43,105 (90%)
[pipeline] tensores: 43,100/43,105 (100%)
[pipeline] tensores prontos em 5.2s
[pipeline] concluído em 13.9s total — 43,105 pacientes | dist={0: 29385, 1: 380, 2: 249, 3: 10267, 4: 2824} | demográficos: age_mean=0.49 sex_M=20267/43105
[92mINFO [0m:      
[92mINFO [0m:      
[92mINFO [0m:      [RUN 10048486011876909256, ROUND 73]
[92mINFO [0m:      Sending: train message (ID: f0bae4e33a45d7d90d5c6207bacbbe33bbc425b3d36f62cdd68a4a2541ef03f4)
[92mINFO [0m:      Sent successfully
[92mINFO [0m:      
[92mINFO [0m:      [RUN 10048486011876909256, ROUND 73]
[92mINFO [0m:      Receiving: evaluate message (ID: 6ac05b3b3604c8dd4aacf934c44e0e1c9054c77fdb06a8f48d8493b63de84b03)
[92mINFO [0m:      Received successfully
[92mINFO [0m:      Start `flwr-clientapp` process
[pipeline] conectando ao banco: postgresql://mosaicfl:senhaForte@localhost:5432/mo...
[pipeline] conexão OK
[pipeline] executando query (max_seq_len=128 — pode levar alguns minutos)...
[pipeline] query concluída em 8.4s — 1,681,666 linhas
[pipeline] filtrado para hospital_id='BPSP' — 1,681,666 linhas
[pipeline] 43,105 atendimentos únicos encontrados
[pipeline] usando vocabulário pré-compartilhado — 541 tokens
[pipeline] construindo tensores para 43,105 sequências...
[pipeline] tensores: 4,310/43,105 (10%)
[pipeline] tensores: 8,620/43,105 (20%)
[pipeline] tensores: 12,930/43,105 (30%)
[pipeline] tensores: 17,240/43,105 (40%)
[pipeline] tensores: 21,550/43,105 (50%)
[pipeline] tensores: 25,860/43,105 (60%)
[pipeline] tensores: 30,170/43,105 (70%)
[pipeline] tensores: 34,480/43,105 (80%)
[pipeline] tensores: 38,790/43,105 (90%)
[pipeline] tensores: 43,100/43,105 (100%)
[pipeline] tensores prontos em 5.2s
[pipeline] concluído em 14.0s total — 43,105 pacientes | dist={0: 29385, 1: 380, 2: 249, 3: 10267, 4: 2824} | demográficos: age_mean=0.49 sex_M=20267/43105
[92mINFO [0m:      
[92mINFO [0m:      
[92mINFO [0m:      [RUN 10048486011876909256, ROUND 73]
[92mINFO [0m:      Sending: evaluate message (ID: 98bbf4a0dad0eb8151ae95f1cad553a5d7e97b16cc2f28275963a4148e5357cf)
[92mINFO [0m:      Sent successfully
[92mINFO [0m:      
[92mINFO [0m:      [RUN 10048486011876909256, ROUND 74]
[92mINFO [0m:      Receiving: train message (ID: e064d083ddbb8ffcdf4f2e5dd26e535bc3e17b637cc8099cb8ce6712a40743ce)
[92mINFO [0m:      Received successfully
[92mINFO [0m:      Start `flwr-clientapp` process
[pipeline] conectando ao banco: postgresql://mosaicfl:senhaForte@localhost:5432/mo...
[pipeline] conexão OK
[pipeline] executando query (max_seq_len=128 — pode levar alguns minutos)...
[pipeline] query concluída em 8.3s — 1,681,666 linhas
[pipeline] filtrado para hospital_id='BPSP' — 1,681,666 linhas
[pipeline] 43,105 atendimentos únicos encontrados
[pipeline] usando vocabulário pré-compartilhado — 541 tokens
[pipeline] construindo tensores para 43,105 sequências...
[pipeline] tensores: 4,310/43,105 (10%)
[pipeline] tensores: 8,620/43,105 (20%)
[pipeline] tensores: 12,930/43,105 (30%)
[pipeline] tensores: 17,240/43,105 (40%)
[pipeline] tensores: 21,550/43,105 (50%)
[pipeline] tensores: 25,860/43,105 (60%)
[pipeline] tensores: 30,170/43,105 (70%)
[pipeline] tensores: 34,480/43,105 (80%)
[pipeline] tensores: 38,790/43,105 (90%)
[pipeline] tensores: 43,100/43,105 (100%)
[pipeline] tensores prontos em 5.3s
[pipeline] concluído em 14.3s total — 43,105 pacientes | dist={0: 29385, 1: 380, 2: 249, 3: 10267, 4: 2824} | demográficos: age_mean=0.49 sex_M=20267/43105
[92mINFO [0m:      
[92mINFO [0m:      
[92mINFO [0m:      [RUN 10048486011876909256, ROUND 74]
[92mINFO [0m:      Sending: train message (ID: 2223f25c6ba1e814327b7e3cb63572e4f0abd63a50f43b70507b270c7312cfb0)
[92mINFO [0m:      Sent successfully
[92mINFO [0m:      
[92mINFO [0m:      [RUN 10048486011876909256, ROUND 74]
[92mINFO [0m:      Receiving: evaluate message (ID: 1fda509c872b4157861b785b3eaad966b464a71b3a79b356719051cad32854eb)
[92mINFO [0m:      Received successfully
[92mINFO [0m:      Start `flwr-clientapp` process
[pipeline] conectando ao banco: postgresql://mosaicfl:senhaForte@localhost:5432/mo...
[pipeline] conexão OK
[pipeline] executando query (max_seq_len=128 — pode levar alguns minutos)...
[pipeline] query concluída em 8.3s — 1,681,666 linhas
[pipeline] filtrado para hospital_id='BPSP' — 1,681,666 linhas
[pipeline] 43,105 atendimentos únicos encontrados
[pipeline] usando vocabulário pré-compartilhado — 541 tokens
[pipeline] construindo tensores para 43,105 sequências...
[pipeline] tensores: 4,310/43,105 (10%)
[pipeline] tensores: 8,620/43,105 (20%)
[pipeline] tensores: 12,930/43,105 (30%)
[pipeline] tensores: 17,240/43,105 (40%)
[pipeline] tensores: 21,550/43,105 (50%)
[pipeline] tensores: 25,860/43,105 (60%)
[pipeline] tensores: 30,170/43,105 (70%)
[pipeline] tensores: 34,480/43,105 (80%)
[pipeline] tensores: 38,790/43,105 (90%)
[pipeline] tensores: 43,100/43,105 (100%)
[pipeline] tensores prontos em 5.0s
[pipeline] concluído em 13.7s total — 43,105 pacientes | dist={0: 29385, 1: 380, 2: 249, 3: 10267, 4: 2824} | demográficos: age_mean=0.49 sex_M=20267/43105
[92mINFO [0m:      
[92mINFO [0m:      
[92mINFO [0m:      [RUN 10048486011876909256, ROUND 74]
[92mINFO [0m:      Sending: evaluate message (ID: 26af0a93cb2facb29e3e5c9267dab7e2e81132e22b982e127e5d29cfc20071c4)
[92mINFO [0m:      Sent successfully
[92mINFO [0m:      
[92mINFO [0m:      [RUN 10048486011876909256, ROUND 75]
[92mINFO [0m:      Receiving: train message (ID: c841276e08ebeb77557dfba4ea715d79cd80c31a25ac7d2e739ef7623db68e86)
[92mINFO [0m:      Start `flwr-clientapp` process
[92mINFO [0m:      Received successfully
[pipeline] conectando ao banco: postgresql://mosaicfl:senhaForte@localhost:5432/mo...
[pipeline] conexão OK
[pipeline] executando query (max_seq_len=128 — pode levar alguns minutos)...
[pipeline] query concluída em 8.3s — 1,681,666 linhas
[pipeline] filtrado para hospital_id='BPSP' — 1,681,666 linhas
[pipeline] 43,105 atendimentos únicos encontrados
[pipeline] usando vocabulário pré-compartilhado — 541 tokens
[pipeline] construindo tensores para 43,105 sequências...
[pipeline] tensores: 4,310/43,105 (10%)
[pipeline] tensores: 8,620/43,105 (20%)
[pipeline] tensores: 12,930/43,105 (30%)
[pipeline] tensores: 17,240/43,105 (40%)
[pipeline] tensores: 21,550/43,105 (50%)
[pipeline] tensores: 25,860/43,105 (60%)
[pipeline] tensores: 30,170/43,105 (70%)
[pipeline] tensores: 34,480/43,105 (80%)
[pipeline] tensores: 38,790/43,105 (90%)
[pipeline] tensores: 43,100/43,105 (100%)
[pipeline] tensores prontos em 4.9s
[pipeline] concluído em 13.6s total — 43,105 pacientes | dist={0: 29385, 1: 380, 2: 249, 3: 10267, 4: 2824} | demográficos: age_mean=0.49 sex_M=20267/43105
[92mINFO [0m:      
[92mINFO [0m:      
[92mINFO [0m:      [RUN 10048486011876909256, ROUND 75]
[92mINFO [0m:      Sending: train message (ID: 08a1495987f8b2692e0924910e8ca933f4bbc71a4fdc1c5be3e16550e38ce99f)
[92mINFO [0m:      Sent successfully
[92mINFO [0m:      
[92mINFO [0m:      [RUN 10048486011876909256, ROUND 75]
[92mINFO [0m:      Receiving: evaluate message (ID: 4e6e205cb6772050b5ac1f0ca9f633044c658599ba4724b1245cc6110e26efd2)
[92mINFO [0m:      Received successfully
[92mINFO [0m:      Start `flwr-clientapp` process
[pipeline] conectando ao banco: postgresql://mosaicfl:senhaForte@localhost:5432/mo...
[pipeline] conexão OK
[pipeline] executando query (max_seq_len=128 — pode levar alguns minutos)...
[pipeline] query concluída em 8.3s — 1,681,666 linhas
[pipeline] filtrado para hospital_id='BPSP' — 1,681,666 linhas
[pipeline] 43,105 atendimentos únicos encontrados
[pipeline] usando vocabulário pré-compartilhado — 541 tokens
[pipeline] construindo tensores para 43,105 sequências...
[pipeline] tensores: 4,310/43,105 (10%)
[pipeline] tensores: 8,620/43,105 (20%)
[pipeline] tensores: 12,930/43,105 (30%)
[pipeline] tensores: 17,240/43,105 (40%)
[pipeline] tensores: 21,550/43,105 (50%)
[pipeline] tensores: 25,860/43,105 (60%)
[pipeline] tensores: 30,170/43,105 (70%)
[pipeline] tensores: 34,480/43,105 (80%)
[pipeline] tensores: 38,790/43,105 (90%)
[pipeline] tensores: 43,100/43,105 (100%)
[pipeline] tensores prontos em 5.0s
[pipeline] concluído em 13.7s total — 43,105 pacientes | dist={0: 29385, 1: 380, 2: 249, 3: 10267, 4: 2824} | demográficos: age_mean=0.49 sex_M=20267/43105
[92mINFO [0m:      
[92mINFO [0m:      
[92mINFO [0m:      [RUN 10048486011876909256, ROUND 75]
[92mINFO [0m:      Sending: evaluate message (ID: 911666b1533e2e9c1495f576c46b74c89e980f5476872cafccf3a8b62981f8f3)
[92mINFO [0m:      Sent successfully
[92mINFO [0m:      
[92mINFO [0m:      [RUN 10048486011876909256, ROUND 76]
[92mINFO [0m:      Receiving: train message (ID: 3f698227d84e48bd6ac586d4552976a3cedb7b249fe24373d9d17c1607bb8d8a)
[92mINFO [0m:      Received successfully
[92mINFO [0m:      Start `flwr-clientapp` process
[pipeline] conectando ao banco: postgresql://mosaicfl:senhaForte@localhost:5432/mo...
[pipeline] conexão OK
[pipeline] executando query (max_seq_len=128 — pode levar alguns minutos)...
[pipeline] query concluída em 8.3s — 1,681,666 linhas
[pipeline] filtrado para hospital_id='BPSP' — 1,681,666 linhas
[pipeline] 43,105 atendimentos únicos encontrados
[pipeline] usando vocabulário pré-compartilhado — 541 tokens
[pipeline] construindo tensores para 43,105 sequências...
[pipeline] tensores: 4,310/43,105 (10%)
[pipeline] tensores: 8,620/43,105 (20%)
[pipeline] tensores: 12,930/43,105 (30%)
[pipeline] tensores: 17,240/43,105 (40%)
[pipeline] tensores: 21,550/43,105 (50%)
[pipeline] tensores: 25,860/43,105 (60%)
[pipeline] tensores: 30,170/43,105 (70%)
[pipeline] tensores: 34,480/43,105 (80%)
[pipeline] tensores: 38,790/43,105 (90%)
[pipeline] tensores: 43,100/43,105 (100%)
[pipeline] tensores prontos em 5.0s
[pipeline] concluído em 13.8s total — 43,105 pacientes | dist={0: 29385, 1: 380, 2: 249, 3: 10267, 4: 2824} | demográficos: age_mean=0.49 sex_M=20267/43105
[92mINFO [0m:      
[92mINFO [0m:      
[92mINFO [0m:      [RUN 10048486011876909256, ROUND 76]
[92mINFO [0m:      Sending: train message (ID: 5ff21e71c942ab907063c51ed994aa084816f0d560f91ae3b4dc692dbe305537)
[92mINFO [0m:      Sent successfully
[92mINFO [0m:      
[92mINFO [0m:      [RUN 10048486011876909256, ROUND 76]
[92mINFO [0m:      Receiving: evaluate message (ID: 12ede4e81c57729b5bdce31dfcc11f6b5d77e6ffba52c068b266362ee1004615)
[92mINFO [0m:      Received successfully
[92mINFO [0m:      Start `flwr-clientapp` process
[pipeline] conectando ao banco: postgresql://mosaicfl:senhaForte@localhost:5432/mo...
[pipeline] conexão OK
[pipeline] executando query (max_seq_len=128 — pode levar alguns minutos)...
[pipeline] query concluída em 8.3s — 1,681,666 linhas
[pipeline] filtrado para hospital_id='BPSP' — 1,681,666 linhas
[pipeline] 43,105 atendimentos únicos encontrados
[pipeline] usando vocabulário pré-compartilhado — 541 tokens
[pipeline] construindo tensores para 43,105 sequências...
[pipeline] tensores: 4,310/43,105 (10%)
[pipeline] tensores: 8,620/43,105 (20%)
[pipeline] tensores: 12,930/43,105 (30%)
[pipeline] tensores: 17,240/43,105 (40%)
[pipeline] tensores: 21,550/43,105 (50%)
[pipeline] tensores: 25,860/43,105 (60%)
[pipeline] tensores: 30,170/43,105 (70%)
[pipeline] tensores: 34,480/43,105 (80%)
[pipeline] tensores: 38,790/43,105 (90%)
[pipeline] tensores: 43,100/43,105 (100%)
[pipeline] tensores prontos em 5.0s
[pipeline] concluído em 13.7s total — 43,105 pacientes | dist={0: 29385, 1: 380, 2: 249, 3: 10267, 4: 2824} | demográficos: age_mean=0.49 sex_M=20267/43105
[92mINFO [0m:      
[92mINFO [0m:      
[92mINFO [0m:      [RUN 10048486011876909256, ROUND 76]
[92mINFO [0m:      Sending: evaluate message (ID: d33815c323ac985555821612665b8bb630c8c8512543b4ce770a7d6d641504fa)
[92mINFO [0m:      Sent successfully
[92mINFO [0m:      
[92mINFO [0m:      [RUN 10048486011876909256, ROUND 77]
[92mINFO [0m:      Receiving: train message (ID: fbe3a56e1ccb3953ea7e7ee310695731e8fdce223967d5e0d7e9839c03324f02)
[92mINFO [0m:      Received successfully
[92mINFO [0m:      Start `flwr-clientapp` process
[pipeline] conectando ao banco: postgresql://mosaicfl:senhaForte@localhost:5432/mo...
[pipeline] conexão OK
[pipeline] executando query (max_seq_len=128 — pode levar alguns minutos)...
[pipeline] query concluída em 8.2s — 1,681,666 linhas
[pipeline] filtrado para hospital_id='BPSP' — 1,681,666 linhas
[pipeline] 43,105 atendimentos únicos encontrados
[pipeline] usando vocabulário pré-compartilhado — 541 tokens
[pipeline] construindo tensores para 43,105 sequências...
[pipeline] tensores: 4,310/43,105 (10%)
[pipeline] tensores: 8,620/43,105 (20%)
[pipeline] tensores: 12,930/43,105 (30%)
[pipeline] tensores: 17,240/43,105 (40%)
[pipeline] tensores: 21,550/43,105 (50%)
[pipeline] tensores: 25,860/43,105 (60%)
[pipeline] tensores: 30,170/43,105 (70%)
[pipeline] tensores: 34,480/43,105 (80%)
[pipeline] tensores: 38,790/43,105 (90%)
[pipeline] tensores: 43,100/43,105 (100%)
[pipeline] tensores prontos em 5.0s
[pipeline] concluído em 13.5s total — 43,105 pacientes | dist={0: 29385, 1: 380, 2: 249, 3: 10267, 4: 2824} | demográficos: age_mean=0.49 sex_M=20267/43105
[92mINFO [0m:      
[92mINFO [0m:      [RUN 10048486011876909256, ROUND 77]
[92mINFO [0m:      Sending: train message (ID: 156ae383e2a25f9116463cd476a99e7c8599fdebfa27bc4b0e788cd887883cbd)
[92mINFO [0m:      
[92mINFO [0m:      Sent successfully
[92mINFO [0m:      
[92mINFO [0m:      [RUN 10048486011876909256, ROUND 77]
[92mINFO [0m:      Receiving: evaluate message (ID: 88faffbe5a30e8c63c3d59c7fb3a487662cad6ac142b07eafc132da41e8b6cab)
[92mINFO [0m:      Received successfully
[92mINFO [0m:      Start `flwr-clientapp` process
[pipeline] conectando ao banco: postgresql://mosaicfl:senhaForte@localhost:5432/mo...
[pipeline] conexão OK
[pipeline] executando query (max_seq_len=128 — pode levar alguns minutos)...
[pipeline] query concluída em 8.3s — 1,681,666 linhas
[pipeline] filtrado para hospital_id='BPSP' — 1,681,666 linhas
[pipeline] 43,105 atendimentos únicos encontrados
[pipeline] usando vocabulário pré-compartilhado — 541 tokens
[pipeline] construindo tensores para 43,105 sequências...
[pipeline] tensores: 4,310/43,105 (10%)
[pipeline] tensores: 8,620/43,105 (20%)
[pipeline] tensores: 12,930/43,105 (30%)
[pipeline] tensores: 17,240/43,105 (40%)
[pipeline] tensores: 21,550/43,105 (50%)
[pipeline] tensores: 25,860/43,105 (60%)
[pipeline] tensores: 30,170/43,105 (70%)
[pipeline] tensores: 34,480/43,105 (80%)
[pipeline] tensores: 38,790/43,105 (90%)
[pipeline] tensores: 43,100/43,105 (100%)
[pipeline] tensores prontos em 5.0s
[pipeline] concluído em 13.7s total — 43,105 pacientes | dist={0: 29385, 1: 380, 2: 249, 3: 10267, 4: 2824} | demográficos: age_mean=0.49 sex_M=20267/43105
[92mINFO [0m:      
[92mINFO [0m:      
[92mINFO [0m:      [RUN 10048486011876909256, ROUND 77]
[92mINFO [0m:      Sending: evaluate message (ID: 7ff959398cab61bb38d3054052617597d0ce3ddfc8e7c3a1ab5b03c55a4161d7)
[92mINFO [0m:      Sent successfully
[92mINFO [0m:      
[92mINFO [0m:      [RUN 10048486011876909256, ROUND 78]
[92mINFO [0m:      Receiving: train message (ID: cb5b37435be845de9e5391c122dccef37c95951affe51056249a1ee08589c133)
[92mINFO [0m:      Received successfully
[92mINFO [0m:      Start `flwr-clientapp` process
[pipeline] conectando ao banco: postgresql://mosaicfl:senhaForte@localhost:5432/mo...
[pipeline] conexão OK
[pipeline] executando query (max_seq_len=128 — pode levar alguns minutos)...
[pipeline] query concluída em 8.2s — 1,681,666 linhas
[pipeline] filtrado para hospital_id='BPSP' — 1,681,666 linhas
[pipeline] 43,105 atendimentos únicos encontrados
[pipeline] usando vocabulário pré-compartilhado — 541 tokens
[pipeline] construindo tensores para 43,105 sequências...
[pipeline] tensores: 4,310/43,105 (10%)
[pipeline] tensores: 8,620/43,105 (20%)
[pipeline] tensores: 12,930/43,105 (30%)
[pipeline] tensores: 17,240/43,105 (40%)
[pipeline] tensores: 21,550/43,105 (50%)
[pipeline] tensores: 25,860/43,105 (60%)
[pipeline] tensores: 30,170/43,105 (70%)
[pipeline] tensores: 34,480/43,105 (80%)
[pipeline] tensores: 38,790/43,105 (90%)
[pipeline] tensores: 43,100/43,105 (100%)
[pipeline] tensores prontos em 5.1s
[pipeline] concluído em 13.7s total — 43,105 pacientes | dist={0: 29385, 1: 380, 2: 249, 3: 10267, 4: 2824} | demográficos: age_mean=0.49 sex_M=20267/43105
[92mINFO [0m:      
[92mINFO [0m:      
[92mINFO [0m:      [RUN 10048486011876909256, ROUND 78]
[92mINFO [0m:      Sending: train message (ID: b0aac049455f93539df65484f66022930fb0ec0aa4fca62f8c09eae31e2f3d7b)
[92mINFO [0m:      Sent successfully
[92mINFO [0m:      
[92mINFO [0m:      [RUN 10048486011876909256, ROUND 78]
[92mINFO [0m:      Receiving: evaluate message (ID: 05ec7163d55ac1e693dccf5042bf46fae5d665de537af98e285ae830351874a4)
[92mINFO [0m:      Received successfully
[92mINFO [0m:      Start `flwr-clientapp` process
[pipeline] conectando ao banco: postgresql://mosaicfl:senhaForte@localhost:5432/mo...
[pipeline] conexão OK
[pipeline] executando query (max_seq_len=128 — pode levar alguns minutos)...
[pipeline] query concluída em 8.4s — 1,681,666 linhas
[pipeline] filtrado para hospital_id='BPSP' — 1,681,666 linhas
[pipeline] 43,105 atendimentos únicos encontrados
[pipeline] usando vocabulário pré-compartilhado — 541 tokens
[pipeline] construindo tensores para 43,105 sequências...
[pipeline] tensores: 4,310/43,105 (10%)
[pipeline] tensores: 8,620/43,105 (20%)
[pipeline] tensores: 12,930/43,105 (30%)
[pipeline] tensores: 17,240/43,105 (40%)
[pipeline] tensores: 21,550/43,105 (50%)
[pipeline] tensores: 25,860/43,105 (60%)
[pipeline] tensores: 30,170/43,105 (70%)
[pipeline] tensores: 34,480/43,105 (80%)
[pipeline] tensores: 38,790/43,105 (90%)
[pipeline] tensores: 43,100/43,105 (100%)
[pipeline] tensores prontos em 5.1s
[pipeline] concluído em 14.0s total — 43,105 pacientes | dist={0: 29385, 1: 380, 2: 249, 3: 10267, 4: 2824} | demográficos: age_mean=0.49 sex_M=20267/43105
[92mINFO [0m:      
[92mINFO [0m:      
[92mINFO [0m:      [RUN 10048486011876909256, ROUND 78]
[92mINFO [0m:      Sending: evaluate message (ID: 60bd0475fac01b2589243bf0ee4762880aaf87b6f3f565793999071fa97965a2)
[92mINFO [0m:      Sent successfully
[92mINFO [0m:      
[92mINFO [0m:      [RUN 10048486011876909256, ROUND 79]
[92mINFO [0m:      Receiving: train message (ID: e91b487ab0a59228b0e745905dbe64a2f2dcc7c5beac506645a6502e7f228c59)
[92mINFO [0m:      Received successfully
[92mINFO [0m:      Start `flwr-clientapp` process
[pipeline] conectando ao banco: postgresql://mosaicfl:senhaForte@localhost:5432/mo...
[pipeline] conexão OK
[pipeline] executando query (max_seq_len=128 — pode levar alguns minutos)...
[pipeline] query concluída em 8.4s — 1,681,666 linhas
[pipeline] filtrado para hospital_id='BPSP' — 1,681,666 linhas
[pipeline] 43,105 atendimentos únicos encontrados
[pipeline] usando vocabulário pré-compartilhado — 541 tokens
[pipeline] construindo tensores para 43,105 sequências...
[pipeline] tensores: 4,310/43,105 (10%)
[pipeline] tensores: 8,620/43,105 (20%)
[pipeline] tensores: 12,930/43,105 (30%)
[pipeline] tensores: 17,240/43,105 (40%)
[pipeline] tensores: 21,550/43,105 (50%)
[pipeline] tensores: 25,860/43,105 (60%)
[pipeline] tensores: 30,170/43,105 (70%)
[pipeline] tensores: 34,480/43,105 (80%)
[pipeline] tensores: 38,790/43,105 (90%)
[pipeline] tensores: 43,100/43,105 (100%)
[pipeline] tensores prontos em 5.1s
[pipeline] concluído em 13.9s total — 43,105 pacientes | dist={0: 29385, 1: 380, 2: 249, 3: 10267, 4: 2824} | demográficos: age_mean=0.49 sex_M=20267/43105
[92mINFO [0m:      
[92mINFO [0m:      
[92mINFO [0m:      [RUN 10048486011876909256, ROUND 79]
[92mINFO [0m:      Sending: train message (ID: e22c573fce74de1a46162421ec899b7125770c37e39e8302b87916357eac3359)
[92mINFO [0m:      Sent successfully
[92mINFO [0m:      
[92mINFO [0m:      [RUN 10048486011876909256, ROUND 79]
[92mINFO [0m:      Receiving: evaluate message (ID: 9ce053fbf23c91281e0179836608423d65f107acb7e4f1399459da7b41486ce6)
[92mINFO [0m:      Received successfully
[92mINFO [0m:      Start `flwr-clientapp` process
[pipeline] conectando ao banco: postgresql://mosaicfl:senhaForte@localhost:5432/mo...
[pipeline] conexão OK
[pipeline] executando query (max_seq_len=128 — pode levar alguns minutos)...
[pipeline] query concluída em 8.3s — 1,681,666 linhas
[pipeline] filtrado para hospital_id='BPSP' — 1,681,666 linhas
[pipeline] 43,105 atendimentos únicos encontrados
[pipeline] usando vocabulário pré-compartilhado — 541 tokens
[pipeline] construindo tensores para 43,105 sequências...
[pipeline] tensores: 4,310/43,105 (10%)
[pipeline] tensores: 8,620/43,105 (20%)
[pipeline] tensores: 12,930/43,105 (30%)
[pipeline] tensores: 17,240/43,105 (40%)
[pipeline] tensores: 21,550/43,105 (50%)
[pipeline] tensores: 25,860/43,105 (60%)
[pipeline] tensores: 30,170/43,105 (70%)
[pipeline] tensores: 34,480/43,105 (80%)
[pipeline] tensores: 38,790/43,105 (90%)
[pipeline] tensores: 43,100/43,105 (100%)
[pipeline] tensores prontos em 5.1s
[pipeline] concluído em 13.8s total — 43,105 pacientes | dist={0: 29385, 1: 380, 2: 249, 3: 10267, 4: 2824} | demográficos: age_mean=0.49 sex_M=20267/43105
[92mINFO [0m:      
[92mINFO [0m:      
[92mINFO [0m:      [RUN 10048486011876909256, ROUND 79]
[92mINFO [0m:      Sending: evaluate message (ID: dd657c9d78fc91ab51ba8500c9a49d86b2de4d619e492b51a09b5469fb1576cd)
[92mINFO [0m:      Sent successfully
[92mINFO [0m:      
[92mINFO [0m:      [RUN 10048486011876909256, ROUND 80]
[92mINFO [0m:      Receiving: train message (ID: eb9905fca25b6f00fa8b967b7676a91cba260fa1be73f17ffa4449ebfbec6a75)
[92mINFO [0m:      Received successfully
[92mINFO [0m:      Start `flwr-clientapp` process
[pipeline] conectando ao banco: postgresql://mosaicfl:senhaForte@localhost:5432/mo...
[pipeline] conexão OK
[pipeline] executando query (max_seq_len=128 — pode levar alguns minutos)...
