[92mINFO [0m:      Starting Flower SuperNode
[92mINFO [0m:      Flower Deployment Runtime: Starting ClientAppIo API on 0.0.0.0:9094
[92mINFO [0m:      SuperNode ID: 3267047768440628473
[92mINFO [0m:      Starting Flower SuperExec
[92mINFO [0m:      
[92mINFO [0m:      [RUN 10968871761967593261, ROUND 1]
[92mINFO [0m:      Receiving: train message (ID: a2552b13ce89e0c053b2fde6bd4b2c7127ced1d9fb9cb04855321d0111a91a22)
[92mINFO [0m:      Received successfully
[92mINFO [0m:      Start `flwr-clientapp` process
[pipeline] conectando ao banco: postgresql://mosaicfl:senhaForte@localhost:5432/mo...
[pipeline] conexão OK
[pipeline] executando query (max_seq_len=128 — pode levar alguns minutos)...
[pipeline] query concluída em 7.2s — 1,518,538 linhas
[pipeline] filtrado para hospital_id='BPSP' — 1,518,538 linhas
[pipeline] 28,599 atendimentos únicos encontrados
[pipeline] usando vocabulário pré-compartilhado — 38 tokens
[pipeline] construindo tensores para 28,599 sequências...
[pipeline] tensores: 2,859/28,599 (10%)
[pipeline] tensores: 5,718/28,599 (20%)
[pipeline] tensores: 8,577/28,599 (30%)
[pipeline] tensores: 11,436/28,599 (40%)
[pipeline] tensores: 14,295/28,599 (50%)
[pipeline] tensores: 17,154/28,599 (60%)
[pipeline] tensores: 20,013/28,599 (70%)
[pipeline] tensores: 22,872/28,599 (80%)
[pipeline] tensores: 25,731/28,599 (90%)
[pipeline] tensores: 28,590/28,599 (100%)
[pipeline] tensores prontos em 3.6s
[pipeline] concluído em 11.3s total — 28,599 pacientes | dist={0: 15892, 1: 318, 2: 120, 3: 9448, 4: 2821} | demográficos: age_mean=0.51 sex_M=13664/28599
[92mINFO [0m:      
[92mINFO [0m:      
[92mINFO [0m:      [RUN 10968871761967593261, ROUND 1]
[92mINFO [0m:      Sending: train message (ID: d7bc0bafac062c92c97a31145fc4d9e10de15307f21dbe4311394ee5e72f6966)
[92mINFO [0m:      Sent successfully
[92mINFO [0m:      
[92mINFO [0m:      [RUN 10968871761967593261, ROUND 1]
[92mINFO [0m:      Receiving: evaluate message (ID: 70a41c625e8804fec05f1e8bc5b3e7a1512fdc933d1fa5d32be55f3792a29fce)
[92mINFO [0m:      Received successfully
[92mINFO [0m:      Start `flwr-clientapp` process
[pipeline] conectando ao banco: postgresql://mosaicfl:senhaForte@localhost:5432/mo...
[pipeline] conexão OK
[pipeline] executando query (max_seq_len=128 — pode levar alguns minutos)...
[pipeline] query concluída em 7.2s — 1,518,538 linhas
[pipeline] filtrado para hospital_id='BPSP' — 1,518,538 linhas
[pipeline] 28,599 atendimentos únicos encontrados
[pipeline] usando vocabulário pré-compartilhado — 38 tokens
[pipeline] construindo tensores para 28,599 sequências...
[pipeline] tensores: 2,859/28,599 (10%)
[pipeline] tensores: 5,718/28,599 (20%)
[pipeline] tensores: 8,577/28,599 (30%)
[pipeline] tensores: 11,436/28,599 (40%)
[pipeline] tensores: 14,295/28,599 (50%)
[pipeline] tensores: 17,154/28,599 (60%)
[pipeline] tensores: 20,013/28,599 (70%)
[pipeline] tensores: 22,872/28,599 (80%)
[pipeline] tensores: 25,731/28,599 (90%)
[pipeline] tensores: 28,590/28,599 (100%)
[pipeline] tensores prontos em 3.7s
[pipeline] concluído em 11.2s total — 28,599 pacientes | dist={0: 15892, 1: 318, 2: 120, 3: 9448, 4: 2821} | demográficos: age_mean=0.51 sex_M=13664/28599
[92mINFO [0m:      
[92mINFO [0m:      
[92mINFO [0m:      [RUN 10968871761967593261, ROUND 1]
[92mINFO [0m:      Sending: evaluate message (ID: dd037b2675038176fcd9a620136f402236d37bae043521413239cc8932e3e063)
[92mINFO [0m:      Sent successfully
[92mINFO [0m:      
[92mINFO [0m:      [RUN 10968871761967593261, ROUND 2]
[92mINFO [0m:      Receiving: train message (ID: 6c83783830141425f9209ddfedfd8892caa60969604afb599c12429173f7cb24)
[92mINFO [0m:      Received successfully
[92mINFO [0m:      Start `flwr-clientapp` process
[pipeline] conectando ao banco: postgresql://mosaicfl:senhaForte@localhost:5432/mo...
[pipeline] conexão OK
[pipeline] executando query (max_seq_len=128 — pode levar alguns minutos)...
[pipeline] query concluída em 7.2s — 1,518,538 linhas
[pipeline] filtrado para hospital_id='BPSP' — 1,518,538 linhas
[pipeline] 28,599 atendimentos únicos encontrados
[pipeline] usando vocabulário pré-compartilhado — 38 tokens
[pipeline] construindo tensores para 28,599 sequências...
[pipeline] tensores: 2,859/28,599 (10%)
[pipeline] tensores: 5,718/28,599 (20%)
[pipeline] tensores: 8,577/28,599 (30%)
[pipeline] tensores: 11,436/28,599 (40%)
[pipeline] tensores: 14,295/28,599 (50%)
[pipeline] tensores: 17,154/28,599 (60%)
[pipeline] tensores: 20,013/28,599 (70%)
[pipeline] tensores: 22,872/28,599 (80%)
[pipeline] tensores: 25,731/28,599 (90%)
[pipeline] tensores: 28,590/28,599 (100%)
[pipeline] tensores prontos em 3.6s
[pipeline] concluído em 11.2s total — 28,599 pacientes | dist={0: 15892, 1: 318, 2: 120, 3: 9448, 4: 2821} | demográficos: age_mean=0.51 sex_M=13664/28599
[92mINFO [0m:      
[92mINFO [0m:      [RUN 10968871761967593261, ROUND 2]
[92mINFO [0m:      Sending: train message (ID: 2c3e6ae44795798036fdb88e02f4956499ef669377d0c0b855195ea1f09919f5)
[92mINFO [0m:      
[92mINFO [0m:      Sent successfully
[92mINFO [0m:      
[92mINFO [0m:      [RUN 10968871761967593261, ROUND 2]
[92mINFO [0m:      Receiving: evaluate message (ID: 0a32a53ae379c9a30b4c319a77927893e60b14edf7f8db344d14dc2440ec7dce)
[92mINFO [0m:      Received successfully
[92mINFO [0m:      Start `flwr-clientapp` process
[pipeline] conectando ao banco: postgresql://mosaicfl:senhaForte@localhost:5432/mo...
[pipeline] conexão OK
[pipeline] executando query (max_seq_len=128 — pode levar alguns minutos)...
[pipeline] query concluída em 7.3s — 1,518,538 linhas
[pipeline] filtrado para hospital_id='BPSP' — 1,518,538 linhas
[pipeline] 28,599 atendimentos únicos encontrados
[pipeline] usando vocabulário pré-compartilhado — 38 tokens
[pipeline] construindo tensores para 28,599 sequências...
[pipeline] tensores: 2,859/28,599 (10%)
[pipeline] tensores: 5,718/28,599 (20%)
[pipeline] tensores: 8,577/28,599 (30%)
[pipeline] tensores: 11,436/28,599 (40%)
[pipeline] tensores: 14,295/28,599 (50%)
[pipeline] tensores: 17,154/28,599 (60%)
[pipeline] tensores: 20,013/28,599 (70%)
[pipeline] tensores: 22,872/28,599 (80%)
[pipeline] tensores: 25,731/28,599 (90%)
[pipeline] tensores: 28,590/28,599 (100%)
[pipeline] tensores prontos em 3.7s
[pipeline] concluído em 11.4s total — 28,599 pacientes | dist={0: 15892, 1: 318, 2: 120, 3: 9448, 4: 2821} | demográficos: age_mean=0.51 sex_M=13664/28599
[92mINFO [0m:      
[92mINFO [0m:      
[92mINFO [0m:      [RUN 10968871761967593261, ROUND 2]
[92mINFO [0m:      Sending: evaluate message (ID: 84407182b513f21d70db25499d1584b787354cb1e17dd05101c803a252af8767)
[92mINFO [0m:      Sent successfully
[92mINFO [0m:      
[92mINFO [0m:      [RUN 10968871761967593261, ROUND 3]
[92mINFO [0m:      Receiving: train message (ID: 494e635463af24c6cd4dbe70cc2127999c8c21ace8d29d2586aa9dfe27736136)
[92mINFO [0m:      Received successfully
[92mINFO [0m:      Start `flwr-clientapp` process
[pipeline] conectando ao banco: postgresql://mosaicfl:senhaForte@localhost:5432/mo...
[pipeline] conexão OK
[pipeline] executando query (max_seq_len=128 — pode levar alguns minutos)...
[pipeline] query concluída em 7.2s — 1,518,538 linhas
[pipeline] filtrado para hospital_id='BPSP' — 1,518,538 linhas
[pipeline] 28,599 atendimentos únicos encontrados
[pipeline] usando vocabulário pré-compartilhado — 38 tokens
[pipeline] construindo tensores para 28,599 sequências...
[pipeline] tensores: 2,859/28,599 (10%)
[pipeline] tensores: 5,718/28,599 (20%)
[pipeline] tensores: 8,577/28,599 (30%)
[pipeline] tensores: 11,436/28,599 (40%)
[pipeline] tensores: 14,295/28,599 (50%)
[pipeline] tensores: 17,154/28,599 (60%)
[pipeline] tensores: 20,013/28,599 (70%)
[pipeline] tensores: 22,872/28,599 (80%)
[pipeline] tensores: 25,731/28,599 (90%)
[pipeline] tensores: 28,590/28,599 (100%)
[pipeline] tensores prontos em 3.6s
[pipeline] concluído em 11.1s total — 28,599 pacientes | dist={0: 15892, 1: 318, 2: 120, 3: 9448, 4: 2821} | demográficos: age_mean=0.51 sex_M=13664/28599
[92mINFO [0m:      
[92mINFO [0m:      
[92mINFO [0m:      [RUN 10968871761967593261, ROUND 3]
[92mINFO [0m:      Sending: train message (ID: e0f8822e9a91a83f796c6563da88832617e266af09b1f1dcef07a7e500b22494)
[92mINFO [0m:      Sent successfully
[92mINFO [0m:      
[92mINFO [0m:      [RUN 10968871761967593261, ROUND 3]
[92mINFO [0m:      Receiving: evaluate message (ID: 52109f6e3f634f63a87e0ac08853ae946601146768d12f492c65ecc25d2e6960)
[92mINFO [0m:      Received successfully
[92mINFO [0m:      Start `flwr-clientapp` process
[pipeline] conectando ao banco: postgresql://mosaicfl:senhaForte@localhost:5432/mo...
[pipeline] conexão OK
[pipeline] executando query (max_seq_len=128 — pode levar alguns minutos)...
[pipeline] query concluída em 7.3s — 1,518,538 linhas
[pipeline] filtrado para hospital_id='BPSP' — 1,518,538 linhas
[pipeline] 28,599 atendimentos únicos encontrados
[pipeline] usando vocabulário pré-compartilhado — 38 tokens
[pipeline] construindo tensores para 28,599 sequências...
[pipeline] tensores: 2,859/28,599 (10%)
[pipeline] tensores: 5,718/28,599 (20%)
[pipeline] tensores: 8,577/28,599 (30%)
[pipeline] tensores: 11,436/28,599 (40%)
[pipeline] tensores: 14,295/28,599 (50%)
[pipeline] tensores: 17,154/28,599 (60%)
[pipeline] tensores: 20,013/28,599 (70%)
[pipeline] tensores: 22,872/28,599 (80%)
[pipeline] tensores: 25,731/28,599 (90%)
[pipeline] tensores: 28,590/28,599 (100%)
[pipeline] tensores prontos em 3.6s
[pipeline] concluído em 11.2s total — 28,599 pacientes | dist={0: 15892, 1: 318, 2: 120, 3: 9448, 4: 2821} | demográficos: age_mean=0.51 sex_M=13664/28599
[92mINFO [0m:      
[92mINFO [0m:      
[92mINFO [0m:      [RUN 10968871761967593261, ROUND 3]
[92mINFO [0m:      Sending: evaluate message (ID: 02d49e3452d4fe6c0ff1a454930bac4d01dd748c8215ecaa5c6c9bd4fcb02a8f)
[92mINFO [0m:      Sent successfully
[92mINFO [0m:      
[92mINFO [0m:      [RUN 10968871761967593261, ROUND 4]
[92mINFO [0m:      Receiving: train message (ID: e14658eee803637e26e2a769f5899553b04f225efedc7862c2f77e5cdb365545)
[92mINFO [0m:      Received successfully
[92mINFO [0m:      Start `flwr-clientapp` process
[pipeline] conectando ao banco: postgresql://mosaicfl:senhaForte@localhost:5432/mo...
[pipeline] conexão OK
[pipeline] executando query (max_seq_len=128 — pode levar alguns minutos)...
[pipeline] query concluída em 7.1s — 1,518,538 linhas
[pipeline] filtrado para hospital_id='BPSP' — 1,518,538 linhas
[pipeline] 28,599 atendimentos únicos encontrados
[pipeline] usando vocabulário pré-compartilhado — 38 tokens
[pipeline] construindo tensores para 28,599 sequências...
[pipeline] tensores: 2,859/28,599 (10%)
[pipeline] tensores: 5,718/28,599 (20%)
[pipeline] tensores: 8,577/28,599 (30%)
[pipeline] tensores: 11,436/28,599 (40%)
[pipeline] tensores: 14,295/28,599 (50%)
[pipeline] tensores: 17,154/28,599 (60%)
[pipeline] tensores: 20,013/28,599 (70%)
[pipeline] tensores: 22,872/28,599 (80%)
[pipeline] tensores: 25,731/28,599 (90%)
[pipeline] tensores: 28,590/28,599 (100%)
[pipeline] tensores prontos em 3.6s
[pipeline] concluído em 11.1s total — 28,599 pacientes | dist={0: 15892, 1: 318, 2: 120, 3: 9448, 4: 2821} | demográficos: age_mean=0.51 sex_M=13664/28599
[92mINFO [0m:      
[92mINFO [0m:      [RUN 10968871761967593261, ROUND 4]
[92mINFO [0m:      Sending: train message (ID: 57e353531ab448dfd9619ca2c7857f8733c5d61429b312c0286580fc2b61e103)
[92mINFO [0m:      
[92mINFO [0m:      Sent successfully
[92mINFO [0m:      
[92mINFO [0m:      [RUN 10968871761967593261, ROUND 4]
[92mINFO [0m:      Receiving: evaluate message (ID: 293fb0cbb2f5ab0db49ed26a4942b83ef65d8186aa8506e3f51b7992f3754b91)
[92mINFO [0m:      Received successfully
[92mINFO [0m:      Start `flwr-clientapp` process
[pipeline] conectando ao banco: postgresql://mosaicfl:senhaForte@localhost:5432/mo...
[pipeline] conexão OK
[pipeline] executando query (max_seq_len=128 — pode levar alguns minutos)...
[pipeline] query concluída em 7.2s — 1,518,538 linhas
[pipeline] filtrado para hospital_id='BPSP' — 1,518,538 linhas
[pipeline] 28,599 atendimentos únicos encontrados
[pipeline] usando vocabulário pré-compartilhado — 38 tokens
[pipeline] construindo tensores para 28,599 sequências...
[pipeline] tensores: 2,859/28,599 (10%)
[pipeline] tensores: 5,718/28,599 (20%)
[pipeline] tensores: 8,577/28,599 (30%)
[pipeline] tensores: 11,436/28,599 (40%)
[pipeline] tensores: 14,295/28,599 (50%)
[pipeline] tensores: 17,154/28,599 (60%)
[pipeline] tensores: 20,013/28,599 (70%)
[pipeline] tensores: 22,872/28,599 (80%)
[pipeline] tensores: 25,731/28,599 (90%)
[pipeline] tensores: 28,590/28,599 (100%)
[pipeline] tensores prontos em 3.6s
[pipeline] concluído em 11.2s total — 28,599 pacientes | dist={0: 15892, 1: 318, 2: 120, 3: 9448, 4: 2821} | demográficos: age_mean=0.51 sex_M=13664/28599
[92mINFO [0m:      
[92mINFO [0m:      
[92mINFO [0m:      [RUN 10968871761967593261, ROUND 4]
[92mINFO [0m:      Sending: evaluate message (ID: 5cafc3cf1593fff8f120c881fbb9d20cfbc30f390bcc90d68205c27a9bcb1311)
[92mINFO [0m:      Sent successfully
[92mINFO [0m:      
[92mINFO [0m:      [RUN 10968871761967593261, ROUND 5]
[92mINFO [0m:      Receiving: train message (ID: 53a3142017004027c4bd8b845b23a2094650641cccba182015b047dac5bf823f)
[92mINFO [0m:      Received successfully
[92mINFO [0m:      Start `flwr-clientapp` process
[pipeline] conectando ao banco: postgresql://mosaicfl:senhaForte@localhost:5432/mo...
[pipeline] conexão OK
[pipeline] executando query (max_seq_len=128 — pode levar alguns minutos)...
[pipeline] query concluída em 7.2s — 1,518,538 linhas
[pipeline] filtrado para hospital_id='BPSP' — 1,518,538 linhas
[pipeline] 28,599 atendimentos únicos encontrados
[pipeline] usando vocabulário pré-compartilhado — 38 tokens
[pipeline] construindo tensores para 28,599 sequências...
[pipeline] tensores: 2,859/28,599 (10%)
[pipeline] tensores: 5,718/28,599 (20%)
[pipeline] tensores: 8,577/28,599 (30%)
[pipeline] tensores: 11,436/28,599 (40%)
[pipeline] tensores: 14,295/28,599 (50%)
[pipeline] tensores: 17,154/28,599 (60%)
[pipeline] tensores: 20,013/28,599 (70%)
[pipeline] tensores: 22,872/28,599 (80%)
[pipeline] tensores: 25,731/28,599 (90%)
[pipeline] tensores: 28,590/28,599 (100%)
[pipeline] tensores prontos em 3.6s
[pipeline] concluído em 11.1s total — 28,599 pacientes | dist={0: 15892, 1: 318, 2: 120, 3: 9448, 4: 2821} | demográficos: age_mean=0.51 sex_M=13664/28599
[92mINFO [0m:      
[92mINFO [0m:      [RUN 10968871761967593261, ROUND 5]
[92mINFO [0m:      Sending: train message (ID: 2d1af31c594bff32f3fe8eefeec84529ff19ecbed105b6525ab51da8ceaec4d6)
[92mINFO [0m:      
[92mINFO [0m:      Sent successfully
[92mINFO [0m:      
[92mINFO [0m:      [RUN 10968871761967593261, ROUND 5]
[92mINFO [0m:      Receiving: evaluate message (ID: 5653a8a4062404ddcfa364283d7586109ff8b4e9788c642bb9504034eb141d27)
[92mINFO [0m:      Received successfully
[92mINFO [0m:      Start `flwr-clientapp` process
[pipeline] conectando ao banco: postgresql://mosaicfl:senhaForte@localhost:5432/mo...
[pipeline] conexão OK
[pipeline] executando query (max_seq_len=128 — pode levar alguns minutos)...
[pipeline] query concluída em 7.2s — 1,518,538 linhas
[pipeline] filtrado para hospital_id='BPSP' — 1,518,538 linhas
[pipeline] 28,599 atendimentos únicos encontrados
[pipeline] usando vocabulário pré-compartilhado — 38 tokens
[pipeline] construindo tensores para 28,599 sequências...
[pipeline] tensores: 2,859/28,599 (10%)
[pipeline] tensores: 5,718/28,599 (20%)
[pipeline] tensores: 8,577/28,599 (30%)
[pipeline] tensores: 11,436/28,599 (40%)
[pipeline] tensores: 14,295/28,599 (50%)
[pipeline] tensores: 17,154/28,599 (60%)
[pipeline] tensores: 20,013/28,599 (70%)
[pipeline] tensores: 22,872/28,599 (80%)
[pipeline] tensores: 25,731/28,599 (90%)
[pipeline] tensores: 28,590/28,599 (100%)
[pipeline] tensores prontos em 3.6s
[pipeline] concluído em 11.1s total — 28,599 pacientes | dist={0: 15892, 1: 318, 2: 120, 3: 9448, 4: 2821} | demográficos: age_mean=0.51 sex_M=13664/28599
[92mINFO [0m:      
[92mINFO [0m:      
[92mINFO [0m:      [RUN 10968871761967593261, ROUND 5]
[92mINFO [0m:      Sending: evaluate message (ID: c00f44c718eeaee69ce0a0cfdd6cd233346d41706d0f73565775e5ea525306d4)
[92mINFO [0m:      Sent successfully
[92mINFO [0m:      
[92mINFO [0m:      [RUN 10968871761967593261, ROUND 6]
[92mINFO [0m:      Receiving: train message (ID: c8f83151e4510185d10e45fa838ff1e5a52d23732f29e144f6f842a61f9359b7)
[92mINFO [0m:      Received successfully
[92mINFO [0m:      Start `flwr-clientapp` process
[pipeline] conectando ao banco: postgresql://mosaicfl:senhaForte@localhost:5432/mo...
[pipeline] conexão OK
[pipeline] executando query (max_seq_len=128 — pode levar alguns minutos)...
[pipeline] query concluída em 7.1s — 1,518,538 linhas
[pipeline] filtrado para hospital_id='BPSP' — 1,518,538 linhas
[pipeline] 28,599 atendimentos únicos encontrados
[pipeline] usando vocabulário pré-compartilhado — 38 tokens
[pipeline] construindo tensores para 28,599 sequências...
[pipeline] tensores: 2,859/28,599 (10%)
[pipeline] tensores: 5,718/28,599 (20%)
[pipeline] tensores: 8,577/28,599 (30%)
[pipeline] tensores: 11,436/28,599 (40%)
[pipeline] tensores: 14,295/28,599 (50%)
[pipeline] tensores: 17,154/28,599 (60%)
[pipeline] tensores: 20,013/28,599 (70%)
[pipeline] tensores: 22,872/28,599 (80%)
[pipeline] tensores: 25,731/28,599 (90%)
[pipeline] tensores: 28,590/28,599 (100%)
[pipeline] tensores prontos em 3.6s
[pipeline] concluído em 11.0s total — 28,599 pacientes | dist={0: 15892, 1: 318, 2: 120, 3: 9448, 4: 2821} | demográficos: age_mean=0.51 sex_M=13664/28599
[92mINFO [0m:      
[92mINFO [0m:      [RUN 10968871761967593261, ROUND 6]
[92mINFO [0m:      Sending: train message (ID: 4bf305fef20d72611bc2cd26591146cca5953bcd7a391b00699ef3d8c2810ded)
[92mINFO [0m:      
[92mINFO [0m:      Sent successfully
[92mINFO [0m:      
[92mINFO [0m:      [RUN 10968871761967593261, ROUND 6]
[92mINFO [0m:      Receiving: evaluate message (ID: 980b305edcee44ad6882bc70149aaba6838713e46aba8fc4cd12990141d94ed5)
[92mINFO [0m:      Received successfully
[92mINFO [0m:      Start `flwr-clientapp` process
[pipeline] conectando ao banco: postgresql://mosaicfl:senhaForte@localhost:5432/mo...
[pipeline] conexão OK
[pipeline] executando query (max_seq_len=128 — pode levar alguns minutos)...
[pipeline] query concluída em 7.2s — 1,518,538 linhas
[pipeline] filtrado para hospital_id='BPSP' — 1,518,538 linhas
[pipeline] 28,599 atendimentos únicos encontrados
[pipeline] usando vocabulário pré-compartilhado — 38 tokens
[pipeline] construindo tensores para 28,599 sequências...
[pipeline] tensores: 2,859/28,599 (10%)
[pipeline] tensores: 5,718/28,599 (20%)
[pipeline] tensores: 8,577/28,599 (30%)
[pipeline] tensores: 11,436/28,599 (40%)
[pipeline] tensores: 14,295/28,599 (50%)
[pipeline] tensores: 17,154/28,599 (60%)
[pipeline] tensores: 20,013/28,599 (70%)
[pipeline] tensores: 22,872/28,599 (80%)
[pipeline] tensores: 25,731/28,599 (90%)
[pipeline] tensores: 28,590/28,599 (100%)
[pipeline] tensores prontos em 3.6s
[pipeline] concluído em 11.2s total — 28,599 pacientes | dist={0: 15892, 1: 318, 2: 120, 3: 9448, 4: 2821} | demográficos: age_mean=0.51 sex_M=13664/28599
[92mINFO [0m:      
[92mINFO [0m:      
[92mINFO [0m:      [RUN 10968871761967593261, ROUND 6]
[92mINFO [0m:      Sending: evaluate message (ID: e49cecca4f4c49cca71178d1e4712fa965c939a355fe187c71ae394bab99b345)
[92mINFO [0m:      Sent successfully
[92mINFO [0m:      
[92mINFO [0m:      [RUN 10968871761967593261, ROUND 7]
[92mINFO [0m:      Receiving: train message (ID: 32231b5d68a30b5342d1af256284e965c2d66c47e88e63bb1324c8abaa9b3a5d)
[92mINFO [0m:      Received successfully
[92mINFO [0m:      Start `flwr-clientapp` process
[pipeline] conectando ao banco: postgresql://mosaicfl:senhaForte@localhost:5432/mo...
[pipeline] conexão OK
[pipeline] executando query (max_seq_len=128 — pode levar alguns minutos)...
[pipeline] query concluída em 7.2s — 1,518,538 linhas
[pipeline] filtrado para hospital_id='BPSP' — 1,518,538 linhas
[pipeline] 28,599 atendimentos únicos encontrados
[pipeline] usando vocabulário pré-compartilhado — 38 tokens
[pipeline] construindo tensores para 28,599 sequências...
[pipeline] tensores: 2,859/28,599 (10%)
[pipeline] tensores: 5,718/28,599 (20%)
[pipeline] tensores: 8,577/28,599 (30%)
[pipeline] tensores: 11,436/28,599 (40%)
[pipeline] tensores: 14,295/28,599 (50%)
[pipeline] tensores: 17,154/28,599 (60%)
[pipeline] tensores: 20,013/28,599 (70%)
[pipeline] tensores: 22,872/28,599 (80%)
[pipeline] tensores: 25,731/28,599 (90%)
[pipeline] tensores: 28,590/28,599 (100%)
[pipeline] tensores prontos em 3.7s
[pipeline] concluído em 11.2s total — 28,599 pacientes | dist={0: 15892, 1: 318, 2: 120, 3: 9448, 4: 2821} | demográficos: age_mean=0.51 sex_M=13664/28599
[92mINFO [0m:      
[92mINFO [0m:      
[92mINFO [0m:      [RUN 10968871761967593261, ROUND 7]
[92mINFO [0m:      Sending: train message (ID: 6c2cb406dd9aeec82275f54203b9b65f34a98b10374200ea1b641594eab55e54)
[92mINFO [0m:      Sent successfully
[92mINFO [0m:      
[92mINFO [0m:      [RUN 10968871761967593261, ROUND 7]
[92mINFO [0m:      Receiving: evaluate message (ID: 4a61a366f32dc9e84f23d5ac4ae641b51339717ba0c6ecee266091a634eae7d2)
[92mINFO [0m:      Received successfully
[92mINFO [0m:      Start `flwr-clientapp` process
[pipeline] conectando ao banco: postgresql://mosaicfl:senhaForte@localhost:5432/mo...
[pipeline] conexão OK
[pipeline] executando query (max_seq_len=128 — pode levar alguns minutos)...
[pipeline] query concluída em 7.2s — 1,518,538 linhas
[pipeline] filtrado para hospital_id='BPSP' — 1,518,538 linhas
[pipeline] 28,599 atendimentos únicos encontrados
[pipeline] usando vocabulário pré-compartilhado — 38 tokens
[pipeline] construindo tensores para 28,599 sequências...
[pipeline] tensores: 2,859/28,599 (10%)
[pipeline] tensores: 5,718/28,599 (20%)
[pipeline] tensores: 8,577/28,599 (30%)
[pipeline] tensores: 11,436/28,599 (40%)
[pipeline] tensores: 14,295/28,599 (50%)
[pipeline] tensores: 17,154/28,599 (60%)
[pipeline] tensores: 20,013/28,599 (70%)
[pipeline] tensores: 22,872/28,599 (80%)
[pipeline] tensores: 25,731/28,599 (90%)
[pipeline] tensores: 28,590/28,599 (100%)
[pipeline] tensores prontos em 3.7s
[pipeline] concluído em 11.3s total — 28,599 pacientes | dist={0: 15892, 1: 318, 2: 120, 3: 9448, 4: 2821} | demográficos: age_mean=0.51 sex_M=13664/28599
[92mINFO [0m:      
[92mINFO [0m:      
[92mINFO [0m:      [RUN 10968871761967593261, ROUND 7]
[92mINFO [0m:      Sending: evaluate message (ID: 2eaeb80a7819f0d7336c97429f5920f05c730d413e38fe0b7e69bb10dd8dc297)
[92mINFO [0m:      Sent successfully
[92mINFO [0m:      
[92mINFO [0m:      [RUN 10968871761967593261, ROUND 8]
[92mINFO [0m:      Receiving: train message (ID: 1ceff5d6b3f910782bb6c2af92718cc21b151e9e95ff14fb70bb792a77876286)
[92mINFO [0m:      Received successfully
[92mINFO [0m:      Start `flwr-clientapp` process
[pipeline] conectando ao banco: postgresql://mosaicfl:senhaForte@localhost:5432/mo...
[pipeline] conexão OK
[pipeline] executando query (max_seq_len=128 — pode levar alguns minutos)...
[pipeline] query concluída em 7.1s — 1,518,538 linhas
[pipeline] filtrado para hospital_id='BPSP' — 1,518,538 linhas
[pipeline] 28,599 atendimentos únicos encontrados
[pipeline] usando vocabulário pré-compartilhado — 38 tokens
[pipeline] construindo tensores para 28,599 sequências...
[pipeline] tensores: 2,859/28,599 (10%)
[pipeline] tensores: 5,718/28,599 (20%)
[pipeline] tensores: 8,577/28,599 (30%)
[pipeline] tensores: 11,436/28,599 (40%)
[pipeline] tensores: 14,295/28,599 (50%)
[pipeline] tensores: 17,154/28,599 (60%)
[pipeline] tensores: 20,013/28,599 (70%)
[pipeline] tensores: 22,872/28,599 (80%)
[pipeline] tensores: 25,731/28,599 (90%)
[pipeline] tensores: 28,590/28,599 (100%)
[pipeline] tensores prontos em 3.7s
[pipeline] concluído em 11.2s total — 28,599 pacientes | dist={0: 15892, 1: 318, 2: 120, 3: 9448, 4: 2821} | demográficos: age_mean=0.51 sex_M=13664/28599
[92mINFO [0m:      
[92mINFO [0m:      
[92mINFO [0m:      [RUN 10968871761967593261, ROUND 8]
[92mINFO [0m:      Sending: train message (ID: 9e7cddf15af7a108a0687102ed122c52fa4ec63c38c521e1a61f26ebf5bbd1d3)
[92mINFO [0m:      Sent successfully
[92mINFO [0m:      
[92mINFO [0m:      [RUN 10968871761967593261, ROUND 8]
[92mINFO [0m:      Receiving: evaluate message (ID: df94e2e9f96db91e8698c43cd864bca461b07b80b00f01c2a166fcde655731cf)
[92mINFO [0m:      Received successfully
[92mINFO [0m:      Start `flwr-clientapp` process
[pipeline] conectando ao banco: postgresql://mosaicfl:senhaForte@localhost:5432/mo...
[pipeline] conexão OK
[pipeline] executando query (max_seq_len=128 — pode levar alguns minutos)...
[pipeline] query concluída em 7.1s — 1,518,538 linhas
[pipeline] filtrado para hospital_id='BPSP' — 1,518,538 linhas
[pipeline] 28,599 atendimentos únicos encontrados
[pipeline] usando vocabulário pré-compartilhado — 38 tokens
[pipeline] construindo tensores para 28,599 sequências...
[pipeline] tensores: 2,859/28,599 (10%)
[pipeline] tensores: 5,718/28,599 (20%)
[pipeline] tensores: 8,577/28,599 (30%)
[pipeline] tensores: 11,436/28,599 (40%)
[pipeline] tensores: 14,295/28,599 (50%)
[pipeline] tensores: 17,154/28,599 (60%)
[pipeline] tensores: 20,013/28,599 (70%)
[pipeline] tensores: 22,872/28,599 (80%)
[pipeline] tensores: 25,731/28,599 (90%)
[pipeline] tensores: 28,590/28,599 (100%)
[pipeline] tensores prontos em 3.6s
[pipeline] concluído em 11.0s total — 28,599 pacientes | dist={0: 15892, 1: 318, 2: 120, 3: 9448, 4: 2821} | demográficos: age_mean=0.51 sex_M=13664/28599
[92mINFO [0m:      
[92mINFO [0m:      
[92mINFO [0m:      [RUN 10968871761967593261, ROUND 8]
[92mINFO [0m:      Sending: evaluate message (ID: 5ab1620992e6cae650cee225dc86358d39df164c6051745c8dd4fcb49ccc00bb)
[92mINFO [0m:      Sent successfully
[92mINFO [0m:      
[92mINFO [0m:      [RUN 10968871761967593261, ROUND 9]
[92mINFO [0m:      Receiving: train message (ID: 7e3c727ea4aa19b4e4f6e4181daabef207c05dd3e42e74582b5bca5648f98fb5)
[92mINFO [0m:      Received successfully
[92mINFO [0m:      Start `flwr-clientapp` process
[pipeline] conectando ao banco: postgresql://mosaicfl:senhaForte@localhost:5432/mo...
[pipeline] conexão OK
[pipeline] executando query (max_seq_len=128 — pode levar alguns minutos)...
[pipeline] query concluída em 7.3s — 1,518,538 linhas
[pipeline] filtrado para hospital_id='BPSP' — 1,518,538 linhas
[pipeline] 28,599 atendimentos únicos encontrados
[pipeline] usando vocabulário pré-compartilhado — 38 tokens
[pipeline] construindo tensores para 28,599 sequências...
[pipeline] tensores: 2,859/28,599 (10%)
[pipeline] tensores: 5,718/28,599 (20%)
[pipeline] tensores: 8,577/28,599 (30%)
[pipeline] tensores: 11,436/28,599 (40%)
[pipeline] tensores: 14,295/28,599 (50%)
[pipeline] tensores: 17,154/28,599 (60%)
[pipeline] tensores: 20,013/28,599 (70%)
[pipeline] tensores: 22,872/28,599 (80%)
[pipeline] tensores: 25,731/28,599 (90%)
[pipeline] tensores: 28,590/28,599 (100%)
[pipeline] tensores prontos em 3.6s
[pipeline] concluído em 11.2s total — 28,599 pacientes | dist={0: 15892, 1: 318, 2: 120, 3: 9448, 4: 2821} | demográficos: age_mean=0.51 sex_M=13664/28599
[92mINFO [0m:      
[92mINFO [0m:      
[92mINFO [0m:      [RUN 10968871761967593261, ROUND 9]
[92mINFO [0m:      Sending: train message (ID: 618dad508cc8525631608fc6d8562e0cc86e75edbe2600f496829a8e55fd2b83)
[92mINFO [0m:      Sent successfully
[92mINFO [0m:      
[92mINFO [0m:      [RUN 10968871761967593261, ROUND 9]
[92mINFO [0m:      Receiving: evaluate message (ID: 8df4ff6d9d41846004265e0e6557e9d45d2ff465de38cbb52c38abe386594c2f)
[92mINFO [0m:      Received successfully
[92mINFO [0m:      Start `flwr-clientapp` process
[pipeline] conectando ao banco: postgresql://mosaicfl:senhaForte@localhost:5432/mo...
[pipeline] conexão OK
[pipeline] executando query (max_seq_len=128 — pode levar alguns minutos)...
[pipeline] query concluída em 7.1s — 1,518,538 linhas
[pipeline] filtrado para hospital_id='BPSP' — 1,518,538 linhas
[pipeline] 28,599 atendimentos únicos encontrados
[pipeline] usando vocabulário pré-compartilhado — 38 tokens
[pipeline] construindo tensores para 28,599 sequências...
[pipeline] tensores: 2,859/28,599 (10%)
[pipeline] tensores: 5,718/28,599 (20%)
[pipeline] tensores: 8,577/28,599 (30%)
[pipeline] tensores: 11,436/28,599 (40%)
[pipeline] tensores: 14,295/28,599 (50%)
[pipeline] tensores: 17,154/28,599 (60%)
[pipeline] tensores: 20,013/28,599 (70%)
[pipeline] tensores: 22,872/28,599 (80%)
[pipeline] tensores: 25,731/28,599 (90%)
[pipeline] tensores: 28,590/28,599 (100%)
[pipeline] tensores prontos em 3.6s
[pipeline] concluído em 11.1s total — 28,599 pacientes | dist={0: 15892, 1: 318, 2: 120, 3: 9448, 4: 2821} | demográficos: age_mean=0.51 sex_M=13664/28599
[92mINFO [0m:      
[92mINFO [0m:      
[92mINFO [0m:      [RUN 10968871761967593261, ROUND 9]
[92mINFO [0m:      Sending: evaluate message (ID: 1b87454405405f57a102285f52c022d2f11de1415a53df191143fa9c06a47044)
[92mINFO [0m:      Sent successfully
[92mINFO [0m:      
[92mINFO [0m:      [RUN 10968871761967593261, ROUND 10]
[92mINFO [0m:      Receiving: train message (ID: c0e4bc54e5086c231de5ae2ff3c117642a0841f3f8611db3e5445ea2bfe4adad)
[92mINFO [0m:      Received successfully
[92mINFO [0m:      Start `flwr-clientapp` process
[pipeline] conectando ao banco: postgresql://mosaicfl:senhaForte@localhost:5432/mo...
[pipeline] conexão OK
[pipeline] executando query (max_seq_len=128 — pode levar alguns minutos)...
[pipeline] query concluída em 7.1s — 1,518,538 linhas
[pipeline] filtrado para hospital_id='BPSP' — 1,518,538 linhas
[pipeline] 28,599 atendimentos únicos encontrados
[pipeline] usando vocabulário pré-compartilhado — 38 tokens
[pipeline] construindo tensores para 28,599 sequências...
[pipeline] tensores: 2,859/28,599 (10%)
[pipeline] tensores: 5,718/28,599 (20%)
[pipeline] tensores: 8,577/28,599 (30%)
[pipeline] tensores: 11,436/28,599 (40%)
[pipeline] tensores: 14,295/28,599 (50%)
[pipeline] tensores: 17,154/28,599 (60%)
[pipeline] tensores: 20,013/28,599 (70%)
[pipeline] tensores: 22,872/28,599 (80%)
[pipeline] tensores: 25,731/28,599 (90%)
[pipeline] tensores: 28,590/28,599 (100%)
[pipeline] tensores prontos em 3.6s
[pipeline] concluído em 11.0s total — 28,599 pacientes | dist={0: 15892, 1: 318, 2: 120, 3: 9448, 4: 2821} | demográficos: age_mean=0.51 sex_M=13664/28599
[92mINFO [0m:      
[92mINFO [0m:      [RUN 10968871761967593261, ROUND 10]
[92mINFO [0m:      Sending: train message (ID: 0793c1559522df3f8f6298c537ba59943383e813c99caddfb41d104ab18b7381)
[92mINFO [0m:      
[92mINFO [0m:      Sent successfully
[92mINFO [0m:      
[92mINFO [0m:      [RUN 10968871761967593261, ROUND 10]
[92mINFO [0m:      Receiving: evaluate message (ID: d1176556b900c86bb7c2fa1c469ea948201fc35e3b4c0c4141787a6fd50dba90)
[92mINFO [0m:      Received successfully
[92mINFO [0m:      Start `flwr-clientapp` process
[pipeline] conectando ao banco: postgresql://mosaicfl:senhaForte@localhost:5432/mo...
[pipeline] conexão OK
[pipeline] executando query (max_seq_len=128 — pode levar alguns minutos)...
[pipeline] query concluída em 7.1s — 1,518,538 linhas
[pipeline] filtrado para hospital_id='BPSP' — 1,518,538 linhas
[pipeline] 28,599 atendimentos únicos encontrados
[pipeline] usando vocabulário pré-compartilhado — 38 tokens
[pipeline] construindo tensores para 28,599 sequências...
[pipeline] tensores: 2,859/28,599 (10%)
[pipeline] tensores: 5,718/28,599 (20%)
[pipeline] tensores: 8,577/28,599 (30%)
[pipeline] tensores: 11,436/28,599 (40%)
[pipeline] tensores: 14,295/28,599 (50%)
[pipeline] tensores: 17,154/28,599 (60%)
[pipeline] tensores: 20,013/28,599 (70%)
[pipeline] tensores: 22,872/28,599 (80%)
[pipeline] tensores: 25,731/28,599 (90%)
[pipeline] tensores: 28,590/28,599 (100%)
[pipeline] tensores prontos em 3.6s
[pipeline] concluído em 11.0s total — 28,599 pacientes | dist={0: 15892, 1: 318, 2: 120, 3: 9448, 4: 2821} | demográficos: age_mean=0.51 sex_M=13664/28599
[92mINFO [0m:      
[92mINFO [0m:      [RUN 10968871761967593261, ROUND 10]
[92mINFO [0m:      Sending: evaluate message (ID: b8a92e04ae3b1429fb3602e009e36a518a69d32f09b8f13239fa736b4cbd01b2)
[92mINFO [0m:      Sent successfully
[92mINFO [0m:      
[92mINFO [0m:      
[92mINFO [0m:      [RUN 10968871761967593261, ROUND 11]
[92mINFO [0m:      Receiving: train message (ID: 9ab29e9c0038cbeba73e1fbee1174c332af37567e37072137a61da5110079712)
[92mINFO [0m:      Received successfully
[92mINFO [0m:      Start `flwr-clientapp` process
[pipeline] conectando ao banco: postgresql://mosaicfl:senhaForte@localhost:5432/mo...
[pipeline] conexão OK
[pipeline] executando query (max_seq_len=128 — pode levar alguns minutos)...
[pipeline] query concluída em 7.2s — 1,518,538 linhas
[pipeline] filtrado para hospital_id='BPSP' — 1,518,538 linhas
[pipeline] 28,599 atendimentos únicos encontrados
[pipeline] usando vocabulário pré-compartilhado — 38 tokens
[pipeline] construindo tensores para 28,599 sequências...
[pipeline] tensores: 2,859/28,599 (10%)
[pipeline] tensores: 5,718/28,599 (20%)
[pipeline] tensores: 8,577/28,599 (30%)
[pipeline] tensores: 11,436/28,599 (40%)
[pipeline] tensores: 14,295/28,599 (50%)
[pipeline] tensores: 17,154/28,599 (60%)
[pipeline] tensores: 20,013/28,599 (70%)
[pipeline] tensores: 22,872/28,599 (80%)
[pipeline] tensores: 25,731/28,599 (90%)
[pipeline] tensores: 28,590/28,599 (100%)
[pipeline] tensores prontos em 3.6s
[pipeline] concluído em 11.1s total — 28,599 pacientes | dist={0: 15892, 1: 318, 2: 120, 3: 9448, 4: 2821} | demográficos: age_mean=0.51 sex_M=13664/28599
[92mINFO [0m:      
[92mINFO [0m:      
[92mINFO [0m:      [RUN 10968871761967593261, ROUND 11]
[92mINFO [0m:      Sending: train message (ID: 06bdfc91d695eebfa054617aae4f550cd92c3e011a578244faf4a7bfc3a8f368)
[92mINFO [0m:      Sent successfully
[92mINFO [0m:      
[92mINFO [0m:      [RUN 10968871761967593261, ROUND 11]
[92mINFO [0m:      Receiving: evaluate message (ID: df5f72b3742e284643232f39033dbcd99bcd5e07d4be7b831b8df6a8694ba9c1)
[92mINFO [0m:      Received successfully
[92mINFO [0m:      Start `flwr-clientapp` process
[pipeline] conectando ao banco: postgresql://mosaicfl:senhaForte@localhost:5432/mo...
[pipeline] conexão OK
[pipeline] executando query (max_seq_len=128 — pode levar alguns minutos)...
[pipeline] query concluída em 7.1s — 1,518,538 linhas
[pipeline] filtrado para hospital_id='BPSP' — 1,518,538 linhas
[pipeline] 28,599 atendimentos únicos encontrados
[pipeline] usando vocabulário pré-compartilhado — 38 tokens
[pipeline] construindo tensores para 28,599 sequências...
[pipeline] tensores: 2,859/28,599 (10%)
[pipeline] tensores: 5,718/28,599 (20%)
[pipeline] tensores: 8,577/28,599 (30%)
[pipeline] tensores: 11,436/28,599 (40%)
[pipeline] tensores: 14,295/28,599 (50%)
[pipeline] tensores: 17,154/28,599 (60%)
[pipeline] tensores: 20,013/28,599 (70%)
[pipeline] tensores: 22,872/28,599 (80%)
[pipeline] tensores: 25,731/28,599 (90%)
[pipeline] tensores: 28,590/28,599 (100%)
[pipeline] tensores prontos em 3.5s
[pipeline] concluído em 11.0s total — 28,599 pacientes | dist={0: 15892, 1: 318, 2: 120, 3: 9448, 4: 2821} | demográficos: age_mean=0.51 sex_M=13664/28599
[92mINFO [0m:      
[92mINFO [0m:      
[92mINFO [0m:      [RUN 10968871761967593261, ROUND 11]
[92mINFO [0m:      Sending: evaluate message (ID: 02abe469542da9b9b073f33b38349b5a50a0b34149c3f3b60da5a608775b36ac)
[92mINFO [0m:      Sent successfully
[92mINFO [0m:      
[92mINFO [0m:      [RUN 10968871761967593261, ROUND 12]
[92mINFO [0m:      Receiving: train message (ID: 79c10ccec8b343da616b83eaeeadc7ed408e0b35feccdd56f84182f1854a2871)
[92mINFO [0m:      Received successfully
[92mINFO [0m:      Start `flwr-clientapp` process
[pipeline] conectando ao banco: postgresql://mosaicfl:senhaForte@localhost:5432/mo...
[pipeline] conexão OK
[pipeline] executando query (max_seq_len=128 — pode levar alguns minutos)...
[pipeline] query concluída em 7.2s — 1,518,538 linhas
[pipeline] filtrado para hospital_id='BPSP' — 1,518,538 linhas
[pipeline] 28,599 atendimentos únicos encontrados
[pipeline] usando vocabulário pré-compartilhado — 38 tokens
[pipeline] construindo tensores para 28,599 sequências...
[pipeline] tensores: 2,859/28,599 (10%)
[pipeline] tensores: 5,718/28,599 (20%)
[pipeline] tensores: 8,577/28,599 (30%)
[pipeline] tensores: 11,436/28,599 (40%)
[pipeline] tensores: 14,295/28,599 (50%)
[pipeline] tensores: 17,154/28,599 (60%)
[pipeline] tensores: 20,013/28,599 (70%)
[pipeline] tensores: 22,872/28,599 (80%)
[pipeline] tensores: 25,731/28,599 (90%)
[pipeline] tensores: 28,590/28,599 (100%)
[pipeline] tensores prontos em 3.6s
[pipeline] concluído em 11.1s total — 28,599 pacientes | dist={0: 15892, 1: 318, 2: 120, 3: 9448, 4: 2821} | demográficos: age_mean=0.51 sex_M=13664/28599
[92mINFO [0m:      
[92mINFO [0m:      
[92mINFO [0m:      [RUN 10968871761967593261, ROUND 12]
[92mINFO [0m:      Sending: train message (ID: 8afc5c3990291b72e8137898be79ddc88d040e8bd86e5683c433790c46e034c8)
[92mINFO [0m:      Sent successfully
[92mINFO [0m:      
[92mINFO [0m:      [RUN 10968871761967593261, ROUND 12]
[92mINFO [0m:      Receiving: evaluate message (ID: d84418ac698269075c8529d4f97639bf14555d46ff4dd5697321e35a1d58ecb5)
[92mINFO [0m:      Received successfully
[92mINFO [0m:      Start `flwr-clientapp` process
[pipeline] conectando ao banco: postgresql://mosaicfl:senhaForte@localhost:5432/mo...
[pipeline] conexão OK
[pipeline] executando query (max_seq_len=128 — pode levar alguns minutos)...
[pipeline] query concluída em 7.1s — 1,518,538 linhas
[pipeline] filtrado para hospital_id='BPSP' — 1,518,538 linhas
[pipeline] 28,599 atendimentos únicos encontrados
[pipeline] usando vocabulário pré-compartilhado — 38 tokens
[pipeline] construindo tensores para 28,599 sequências...
[pipeline] tensores: 2,859/28,599 (10%)
[pipeline] tensores: 5,718/28,599 (20%)
[pipeline] tensores: 8,577/28,599 (30%)
[pipeline] tensores: 11,436/28,599 (40%)
[pipeline] tensores: 14,295/28,599 (50%)
[pipeline] tensores: 17,154/28,599 (60%)
[pipeline] tensores: 20,013/28,599 (70%)
[pipeline] tensores: 22,872/28,599 (80%)
[pipeline] tensores: 25,731/28,599 (90%)
[pipeline] tensores: 28,590/28,599 (100%)
[pipeline] tensores prontos em 3.6s
[pipeline] concluído em 11.0s total — 28,599 pacientes | dist={0: 15892, 1: 318, 2: 120, 3: 9448, 4: 2821} | demográficos: age_mean=0.51 sex_M=13664/28599
[92mINFO [0m:      
[92mINFO [0m:      
[92mINFO [0m:      [RUN 10968871761967593261, ROUND 12]
[92mINFO [0m:      Sending: evaluate message (ID: b2639b4779ceb94e45302947f23a9e4b7e3506bcdecc246199d9c7601f1798ba)
[92mINFO [0m:      Sent successfully
[92mINFO [0m:      
[92mINFO [0m:      [RUN 10968871761967593261, ROUND 13]
[92mINFO [0m:      Receiving: train message (ID: 850a10f7f00685c827fd269247277add434e50765cb5bea442ca5dc12879cbc0)
[92mINFO [0m:      Received successfully
[92mINFO [0m:      Start `flwr-clientapp` process
[pipeline] conectando ao banco: postgresql://mosaicfl:senhaForte@localhost:5432/mo...
[pipeline] conexão OK
[pipeline] executando query (max_seq_len=128 — pode levar alguns minutos)...
[pipeline] query concluída em 7.1s — 1,518,538 linhas
[pipeline] filtrado para hospital_id='BPSP' — 1,518,538 linhas
[pipeline] 28,599 atendimentos únicos encontrados
[pipeline] usando vocabulário pré-compartilhado — 38 tokens
[pipeline] construindo tensores para 28,599 sequências...
[pipeline] tensores: 2,859/28,599 (10%)
[pipeline] tensores: 5,718/28,599 (20%)
[pipeline] tensores: 8,577/28,599 (30%)
[pipeline] tensores: 11,436/28,599 (40%)
[pipeline] tensores: 14,295/28,599 (50%)
[pipeline] tensores: 17,154/28,599 (60%)
[pipeline] tensores: 20,013/28,599 (70%)
[pipeline] tensores: 22,872/28,599 (80%)
[pipeline] tensores: 25,731/28,599 (90%)
[pipeline] tensores: 28,590/28,599 (100%)
[pipeline] tensores prontos em 3.6s
[pipeline] concluído em 11.1s total — 28,599 pacientes | dist={0: 15892, 1: 318, 2: 120, 3: 9448, 4: 2821} | demográficos: age_mean=0.51 sex_M=13664/28599
[92mINFO [0m:      
[92mINFO [0m:      
[92mINFO [0m:      [RUN 10968871761967593261, ROUND 13]
[92mINFO [0m:      Sending: train message (ID: ff30bfa5d55c2b56a7781862d98d66b3a1734e6ebd73126f0a6db2500c7b0769)
[92mINFO [0m:      Sent successfully
[92mINFO [0m:      
[92mINFO [0m:      [RUN 10968871761967593261, ROUND 13]
[92mINFO [0m:      Receiving: evaluate message (ID: cf278533d9d23ee4989f3d2e514350d0ec85cbd9da44f3ca4e08fdba5aa115cc)
[92mINFO [0m:      Received successfully
[92mINFO [0m:      Start `flwr-clientapp` process
[pipeline] conectando ao banco: postgresql://mosaicfl:senhaForte@localhost:5432/mo...
[pipeline] conexão OK
[pipeline] executando query (max_seq_len=128 — pode levar alguns minutos)...
[pipeline] query concluída em 7.2s — 1,518,538 linhas
[pipeline] filtrado para hospital_id='BPSP' — 1,518,538 linhas
[pipeline] 28,599 atendimentos únicos encontrados
[pipeline] usando vocabulário pré-compartilhado — 38 tokens
[pipeline] construindo tensores para 28,599 sequências...
[pipeline] tensores: 2,859/28,599 (10%)
[pipeline] tensores: 5,718/28,599 (20%)
[pipeline] tensores: 8,577/28,599 (30%)
[pipeline] tensores: 11,436/28,599 (40%)
[pipeline] tensores: 14,295/28,599 (50%)
[pipeline] tensores: 17,154/28,599 (60%)
[pipeline] tensores: 20,013/28,599 (70%)
[pipeline] tensores: 22,872/28,599 (80%)
[pipeline] tensores: 25,731/28,599 (90%)
[pipeline] tensores: 28,590/28,599 (100%)
[pipeline] tensores prontos em 3.7s
[pipeline] concluído em 11.3s total — 28,599 pacientes | dist={0: 15892, 1: 318, 2: 120, 3: 9448, 4: 2821} | demográficos: age_mean=0.51 sex_M=13664/28599
[92mINFO [0m:      
[92mINFO [0m:      
[92mINFO [0m:      [RUN 10968871761967593261, ROUND 13]
[92mINFO [0m:      Sending: evaluate message (ID: 0602e2b0eccfb3621aa987615536bc0ea851073d2c77597e646481dcb734ece0)
[92mINFO [0m:      Sent successfully
[92mINFO [0m:      
[92mINFO [0m:      [RUN 10968871761967593261, ROUND 14]
[92mINFO [0m:      Receiving: train message (ID: 8cf6bd681be4dfc78fd089959d35582216ad9c9f593e53db52b7e52172defe7f)
[92mINFO [0m:      Received successfully
[92mINFO [0m:      Start `flwr-clientapp` process
[pipeline] conectando ao banco: postgresql://mosaicfl:senhaForte@localhost:5432/mo...
[pipeline] conexão OK
[pipeline] executando query (max_seq_len=128 — pode levar alguns minutos)...
[pipeline] query concluída em 7.1s — 1,518,538 linhas
[pipeline] filtrado para hospital_id='BPSP' — 1,518,538 linhas
[pipeline] 28,599 atendimentos únicos encontrados
[pipeline] usando vocabulário pré-compartilhado — 38 tokens
[pipeline] construindo tensores para 28,599 sequências...
[pipeline] tensores: 2,859/28,599 (10%)
[pipeline] tensores: 5,718/28,599 (20%)
[pipeline] tensores: 8,577/28,599 (30%)
[pipeline] tensores: 11,436/28,599 (40%)
[pipeline] tensores: 14,295/28,599 (50%)
[pipeline] tensores: 17,154/28,599 (60%)
[pipeline] tensores: 20,013/28,599 (70%)
[pipeline] tensores: 22,872/28,599 (80%)
[pipeline] tensores: 25,731/28,599 (90%)
[pipeline] tensores: 28,590/28,599 (100%)
[pipeline] tensores prontos em 3.7s
[pipeline] concluído em 11.1s total — 28,599 pacientes | dist={0: 15892, 1: 318, 2: 120, 3: 9448, 4: 2821} | demográficos: age_mean=0.51 sex_M=13664/28599
[92mINFO [0m:      
[92mINFO [0m:      
[92mINFO [0m:      [RUN 10968871761967593261, ROUND 14]
[92mINFO [0m:      Sending: train message (ID: 58ecc24f12c066824b7521c6d2a5e1aa1aff11165b7df4e8f6d24fd1143a41ad)
[92mINFO [0m:      Sent successfully
[92mINFO [0m:      
[92mINFO [0m:      [RUN 10968871761967593261, ROUND 14]
[92mINFO [0m:      Receiving: evaluate message (ID: 73f550f9b2e739c2061ab2fb8b1d825bb31df8862b21bcc5ad709b2594d67a5a)
[92mINFO [0m:      Received successfully
[92mINFO [0m:      Start `flwr-clientapp` process
[pipeline] conectando ao banco: postgresql://mosaicfl:senhaForte@localhost:5432/mo...
[pipeline] conexão OK
[pipeline] executando query (max_seq_len=128 — pode levar alguns minutos)...
[pipeline] query concluída em 7.1s — 1,518,538 linhas
[pipeline] filtrado para hospital_id='BPSP' — 1,518,538 linhas
[pipeline] 28,599 atendimentos únicos encontrados
[pipeline] usando vocabulário pré-compartilhado — 38 tokens
[pipeline] construindo tensores para 28,599 sequências...
[pipeline] tensores: 2,859/28,599 (10%)
[pipeline] tensores: 5,718/28,599 (20%)
[pipeline] tensores: 8,577/28,599 (30%)
[pipeline] tensores: 11,436/28,599 (40%)
[pipeline] tensores: 14,295/28,599 (50%)
[pipeline] tensores: 17,154/28,599 (60%)
[pipeline] tensores: 20,013/28,599 (70%)
[pipeline] tensores: 22,872/28,599 (80%)
[pipeline] tensores: 25,731/28,599 (90%)
[pipeline] tensores: 28,590/28,599 (100%)
[pipeline] tensores prontos em 3.5s
[pipeline] concluído em 10.9s total — 28,599 pacientes | dist={0: 15892, 1: 318, 2: 120, 3: 9448, 4: 2821} | demográficos: age_mean=0.51 sex_M=13664/28599
[92mINFO [0m:      
[92mINFO [0m:      
[92mINFO [0m:      [RUN 10968871761967593261, ROUND 14]
[92mINFO [0m:      Sending: evaluate message (ID: 2079c85bd5fa2f6cbd26b7dd8ca05dfb24dfbaa24c8e8d137eb63815bfaaa6da)
[92mINFO [0m:      Sent successfully
[92mINFO [0m:      
[92mINFO [0m:      [RUN 10968871761967593261, ROUND 15]
[92mINFO [0m:      Receiving: train message (ID: c85e91ca2b5f366adb58be2058f3d7b83cd2ab99062913b935165b1779fccaf9)
[92mINFO [0m:      Received successfully
[92mINFO [0m:      Start `flwr-clientapp` process
[pipeline] conectando ao banco: postgresql://mosaicfl:senhaForte@localhost:5432/mo...
[pipeline] conexão OK
[pipeline] executando query (max_seq_len=128 — pode levar alguns minutos)...
[pipeline] query concluída em 7.1s — 1,518,538 linhas
[pipeline] filtrado para hospital_id='BPSP' — 1,518,538 linhas
[pipeline] 28,599 atendimentos únicos encontrados
[pipeline] usando vocabulário pré-compartilhado — 38 tokens
[pipeline] construindo tensores para 28,599 sequências...
[pipeline] tensores: 2,859/28,599 (10%)
[pipeline] tensores: 5,718/28,599 (20%)
[pipeline] tensores: 8,577/28,599 (30%)
[pipeline] tensores: 11,436/28,599 (40%)
[pipeline] tensores: 14,295/28,599 (50%)
[pipeline] tensores: 17,154/28,599 (60%)
[pipeline] tensores: 20,013/28,599 (70%)
[pipeline] tensores: 22,872/28,599 (80%)
[pipeline] tensores: 25,731/28,599 (90%)
[pipeline] tensores: 28,590/28,599 (100%)
[pipeline] tensores prontos em 3.6s
[pipeline] concluído em 11.0s total — 28,599 pacientes | dist={0: 15892, 1: 318, 2: 120, 3: 9448, 4: 2821} | demográficos: age_mean=0.51 sex_M=13664/28599
[92mINFO [0m:      
[92mINFO [0m:      
[92mINFO [0m:      [RUN 10968871761967593261, ROUND 15]
[92mINFO [0m:      Sending: train message (ID: 7544e88e089441b3f99f62129040888d5962cfd4eaacf0fbf42b25389a068af7)
[92mINFO [0m:      Sent successfully
[92mINFO [0m:      
[92mINFO [0m:      [RUN 10968871761967593261, ROUND 15]
[92mINFO [0m:      Receiving: evaluate message (ID: dc1d923d148b1089fe688085446841aa5264b21acdcbafc58d0e566971436762)
[92mINFO [0m:      Received successfully
[92mINFO [0m:      Start `flwr-clientapp` process
[pipeline] conectando ao banco: postgresql://mosaicfl:senhaForte@localhost:5432/mo...
[pipeline] conexão OK
[pipeline] executando query (max_seq_len=128 — pode levar alguns minutos)...
[pipeline] query concluída em 7.2s — 1,518,538 linhas
[pipeline] filtrado para hospital_id='BPSP' — 1,518,538 linhas
[pipeline] 28,599 atendimentos únicos encontrados
[pipeline] usando vocabulário pré-compartilhado — 38 tokens
[pipeline] construindo tensores para 28,599 sequências...
[pipeline] tensores: 2,859/28,599 (10%)
[pipeline] tensores: 5,718/28,599 (20%)
[pipeline] tensores: 8,577/28,599 (30%)
[pipeline] tensores: 11,436/28,599 (40%)
[pipeline] tensores: 14,295/28,599 (50%)
[pipeline] tensores: 17,154/28,599 (60%)
[pipeline] tensores: 20,013/28,599 (70%)
[pipeline] tensores: 22,872/28,599 (80%)
[pipeline] tensores: 25,731/28,599 (90%)
[pipeline] tensores: 28,590/28,599 (100%)
[pipeline] tensores prontos em 3.6s
[pipeline] concluído em 11.2s total — 28,599 pacientes | dist={0: 15892, 1: 318, 2: 120, 3: 9448, 4: 2821} | demográficos: age_mean=0.51 sex_M=13664/28599
[92mINFO [0m:      
[92mINFO [0m:      
[92mINFO [0m:      [RUN 10968871761967593261, ROUND 15]
[92mINFO [0m:      Sending: evaluate message (ID: 2183a30dc060f6a6fdb4bbc125a3e5af3658d9a4791bfb8a385a1e490762cd72)
[92mINFO [0m:      Sent successfully
[92mINFO [0m:      
[92mINFO [0m:      [RUN 10968871761967593261, ROUND 16]
[92mINFO [0m:      Receiving: train message (ID: 00ede5b58008c22054609eeadb8074052479264586e741974c3c3dd2d70aabf6)
[92mINFO [0m:      Received successfully
[92mINFO [0m:      Start `flwr-clientapp` process
[pipeline] conectando ao banco: postgresql://mosaicfl:senhaForte@localhost:5432/mo...
[pipeline] conexão OK
[pipeline] executando query (max_seq_len=128 — pode levar alguns minutos)...
[pipeline] query concluída em 7.2s — 1,518,538 linhas
[pipeline] filtrado para hospital_id='BPSP' — 1,518,538 linhas
[pipeline] 28,599 atendimentos únicos encontrados
[pipeline] usando vocabulário pré-compartilhado — 38 tokens
[pipeline] construindo tensores para 28,599 sequências...
[pipeline] tensores: 2,859/28,599 (10%)
[pipeline] tensores: 5,718/28,599 (20%)
[pipeline] tensores: 8,577/28,599 (30%)
[pipeline] tensores: 11,436/28,599 (40%)
[pipeline] tensores: 14,295/28,599 (50%)
[pipeline] tensores: 17,154/28,599 (60%)
[pipeline] tensores: 20,013/28,599 (70%)
[pipeline] tensores: 22,872/28,599 (80%)
[pipeline] tensores: 25,731/28,599 (90%)
[pipeline] tensores: 28,590/28,599 (100%)
[pipeline] tensores prontos em 3.6s
[pipeline] concluído em 11.2s total — 28,599 pacientes | dist={0: 15892, 1: 318, 2: 120, 3: 9448, 4: 2821} | demográficos: age_mean=0.51 sex_M=13664/28599
[92mINFO [0m:      
[92mINFO [0m:      
[92mINFO [0m:      [RUN 10968871761967593261, ROUND 16]
[92mINFO [0m:      Sending: train message (ID: 220829fdae7a59660d1534ff0fc752481cbab3cb06e88ea74bbd5f539ee2c53b)
[92mINFO [0m:      Sent successfully
[92mINFO [0m:      
[92mINFO [0m:      [RUN 10968871761967593261, ROUND 16]
[92mINFO [0m:      Receiving: evaluate message (ID: e507b23f0f20fd66c1d524a8207f4c02fe475a9113c8f560572ef28941f4788f)
[92mINFO [0m:      Received successfully
[92mINFO [0m:      Start `flwr-clientapp` process
[pipeline] conectando ao banco: postgresql://mosaicfl:senhaForte@localhost:5432/mo...
[pipeline] conexão OK
[pipeline] executando query (max_seq_len=128 — pode levar alguns minutos)...
[pipeline] query concluída em 7.2s — 1,518,538 linhas
[pipeline] filtrado para hospital_id='BPSP' — 1,518,538 linhas
[pipeline] 28,599 atendimentos únicos encontrados
[pipeline] usando vocabulário pré-compartilhado — 38 tokens
[pipeline] construindo tensores para 28,599 sequências...
[pipeline] tensores: 2,859/28,599 (10%)
[pipeline] tensores: 5,718/28,599 (20%)
[pipeline] tensores: 8,577/28,599 (30%)
[pipeline] tensores: 11,436/28,599 (40%)
[pipeline] tensores: 14,295/28,599 (50%)
[pipeline] tensores: 17,154/28,599 (60%)
[pipeline] tensores: 20,013/28,599 (70%)
[pipeline] tensores: 22,872/28,599 (80%)
[pipeline] tensores: 25,731/28,599 (90%)
[pipeline] tensores: 28,590/28,599 (100%)
[pipeline] tensores prontos em 3.6s
[pipeline] concluído em 11.1s total — 28,599 pacientes | dist={0: 15892, 1: 318, 2: 120, 3: 9448, 4: 2821} | demográficos: age_mean=0.51 sex_M=13664/28599
[92mINFO [0m:      
[92mINFO [0m:      
[92mINFO [0m:      [RUN 10968871761967593261, ROUND 16]
[92mINFO [0m:      Sending: evaluate message (ID: e4095868a37c171a0ebf1633fb704544163541aae1ce808802ba40373c3cc561)
[92mINFO [0m:      Sent successfully
[92mINFO [0m:      
[92mINFO [0m:      [RUN 10968871761967593261, ROUND 17]
[92mINFO [0m:      Receiving: train message (ID: 4f280a602f898f9dfa1029fd1292115d661461d14aa33b75aae24ffc575101a7)
[92mINFO [0m:      Received successfully
[92mINFO [0m:      Start `flwr-clientapp` process
[pipeline] conectando ao banco: postgresql://mosaicfl:senhaForte@localhost:5432/mo...
[pipeline] conexão OK
[pipeline] executando query (max_seq_len=128 — pode levar alguns minutos)...
[pipeline] query concluída em 7.1s — 1,518,538 linhas
[pipeline] filtrado para hospital_id='BPSP' — 1,518,538 linhas
[pipeline] 28,599 atendimentos únicos encontrados
[pipeline] usando vocabulário pré-compartilhado — 38 tokens
[pipeline] construindo tensores para 28,599 sequências...
[pipeline] tensores: 2,859/28,599 (10%)
[pipeline] tensores: 5,718/28,599 (20%)
[pipeline] tensores: 8,577/28,599 (30%)
[pipeline] tensores: 11,436/28,599 (40%)
[pipeline] tensores: 14,295/28,599 (50%)
[pipeline] tensores: 17,154/28,599 (60%)
[pipeline] tensores: 20,013/28,599 (70%)
[pipeline] tensores: 22,872/28,599 (80%)
[pipeline] tensores: 25,731/28,599 (90%)
[pipeline] tensores: 28,590/28,599 (100%)
[pipeline] tensores prontos em 3.6s
[pipeline] concluído em 11.1s total — 28,599 pacientes | dist={0: 15892, 1: 318, 2: 120, 3: 9448, 4: 2821} | demográficos: age_mean=0.51 sex_M=13664/28599
[92mINFO [0m:      
[92mINFO [0m:      
[92mINFO [0m:      [RUN 10968871761967593261, ROUND 17]
[92mINFO [0m:      Sending: train message (ID: 0adab8800deae6f874499079fcb6759a4637b2692f4f523c2a808044443d83f0)
[92mINFO [0m:      Sent successfully
[92mINFO [0m:      
[92mINFO [0m:      [RUN 10968871761967593261, ROUND 17]
[92mINFO [0m:      Receiving: evaluate message (ID: 1b43d48b90517bc05d503373a04d855c60b9feba03c900a8ea36842ea7fb939a)
[92mINFO [0m:      Received successfully
[92mINFO [0m:      Start `flwr-clientapp` process
[pipeline] conectando ao banco: postgresql://mosaicfl:senhaForte@localhost:5432/mo...
[pipeline] conexão OK
[pipeline] executando query (max_seq_len=128 — pode levar alguns minutos)...
[pipeline] query concluída em 7.2s — 1,518,538 linhas
[pipeline] filtrado para hospital_id='BPSP' — 1,518,538 linhas
[pipeline] 28,599 atendimentos únicos encontrados
[pipeline] usando vocabulário pré-compartilhado — 38 tokens
[pipeline] construindo tensores para 28,599 sequências...
[pipeline] tensores: 2,859/28,599 (10%)
[pipeline] tensores: 5,718/28,599 (20%)
[pipeline] tensores: 8,577/28,599 (30%)
[pipeline] tensores: 11,436/28,599 (40%)
[pipeline] tensores: 14,295/28,599 (50%)
[pipeline] tensores: 17,154/28,599 (60%)
[pipeline] tensores: 20,013/28,599 (70%)
[pipeline] tensores: 22,872/28,599 (80%)
[pipeline] tensores: 25,731/28,599 (90%)
[pipeline] tensores: 28,590/28,599 (100%)
[pipeline] tensores prontos em 3.5s
[pipeline] concluído em 11.1s total — 28,599 pacientes | dist={0: 15892, 1: 318, 2: 120, 3: 9448, 4: 2821} | demográficos: age_mean=0.51 sex_M=13664/28599
[92mINFO [0m:      
[92mINFO [0m:      
[92mINFO [0m:      [RUN 10968871761967593261, ROUND 17]
[92mINFO [0m:      Sending: evaluate message (ID: 21b90d86baeb346181b1d93de8fe1acc7ee9b1a68e758930f7dabb7fc4bd3186)
[92mINFO [0m:      Sent successfully
[92mINFO [0m:      
[92mINFO [0m:      [RUN 10968871761967593261, ROUND 18]
[92mINFO [0m:      Receiving: train message (ID: cf1570be3a35efd9b03f324262193ce188ff4a4fcb1ef736e3c2939b68c0ec49)
[92mINFO [0m:      Received successfully
[92mINFO [0m:      Start `flwr-clientapp` process
[pipeline] conectando ao banco: postgresql://mosaicfl:senhaForte@localhost:5432/mo...
[pipeline] conexão OK
[pipeline] executando query (max_seq_len=128 — pode levar alguns minutos)...
[pipeline] query concluída em 7.1s — 1,518,538 linhas
[pipeline] filtrado para hospital_id='BPSP' — 1,518,538 linhas
[pipeline] 28,599 atendimentos únicos encontrados
[pipeline] usando vocabulário pré-compartilhado — 38 tokens
[pipeline] construindo tensores para 28,599 sequências...
[pipeline] tensores: 2,859/28,599 (10%)
[pipeline] tensores: 5,718/28,599 (20%)
[pipeline] tensores: 8,577/28,599 (30%)
[pipeline] tensores: 11,436/28,599 (40%)
[pipeline] tensores: 14,295/28,599 (50%)
[pipeline] tensores: 17,154/28,599 (60%)
[pipeline] tensores: 20,013/28,599 (70%)
[pipeline] tensores: 22,872/28,599 (80%)
[pipeline] tensores: 25,731/28,599 (90%)
[pipeline] tensores: 28,590/28,599 (100%)
[pipeline] tensores prontos em 3.6s
[pipeline] concluído em 11.1s total — 28,599 pacientes | dist={0: 15892, 1: 318, 2: 120, 3: 9448, 4: 2821} | demográficos: age_mean=0.51 sex_M=13664/28599
[92mINFO [0m:      
[92mINFO [0m:      
[92mINFO [0m:      [RUN 10968871761967593261, ROUND 18]
[92mINFO [0m:      Sending: train message (ID: d87e009c0fc3ea047f8a63caf8ac17f332b99ee7de44fc5d89b29cc9506cb84a)
[92mINFO [0m:      Sent successfully
[92mINFO [0m:      
[92mINFO [0m:      [RUN 10968871761967593261, ROUND 18]
[92mINFO [0m:      Receiving: evaluate message (ID: 42c37f9b97351a1fe2a7e60d11b71864683c6e574446b8cd96c0ff02c5b7b33e)
[92mINFO [0m:      Received successfully
[92mINFO [0m:      Start `flwr-clientapp` process
[pipeline] conectando ao banco: postgresql://mosaicfl:senhaForte@localhost:5432/mo...
[pipeline] conexão OK
[pipeline] executando query (max_seq_len=128 — pode levar alguns minutos)...
[pipeline] query concluída em 7.3s — 1,518,538 linhas
[pipeline] filtrado para hospital_id='BPSP' — 1,518,538 linhas
[pipeline] 28,599 atendimentos únicos encontrados
[pipeline] usando vocabulário pré-compartilhado — 38 tokens
[pipeline] construindo tensores para 28,599 sequências...
[pipeline] tensores: 2,859/28,599 (10%)
[pipeline] tensores: 5,718/28,599 (20%)
[pipeline] tensores: 8,577/28,599 (30%)
[pipeline] tensores: 11,436/28,599 (40%)
[pipeline] tensores: 14,295/28,599 (50%)
[pipeline] tensores: 17,154/28,599 (60%)
[pipeline] tensores: 20,013/28,599 (70%)
[pipeline] tensores: 22,872/28,599 (80%)
[pipeline] tensores: 25,731/28,599 (90%)
[pipeline] tensores: 28,590/28,599 (100%)
[pipeline] tensores prontos em 3.7s
[pipeline] concluído em 11.3s total — 28,599 pacientes | dist={0: 15892, 1: 318, 2: 120, 3: 9448, 4: 2821} | demográficos: age_mean=0.51 sex_M=13664/28599
[92mINFO [0m:      
[92mINFO [0m:      
[92mINFO [0m:      [RUN 10968871761967593261, ROUND 18]
[92mINFO [0m:      Sending: evaluate message (ID: 8c74dccb35d1dc14ceb6a7f5ea17788046ece5a3393dfef41adea2c84530d8c5)
[92mINFO [0m:      Sent successfully
[92mINFO [0m:      
[92mINFO [0m:      [RUN 10968871761967593261, ROUND 19]
[92mINFO [0m:      Receiving: train message (ID: 1fa14a8eb99f43f378dc416694cd54525e2f31c53ac888b3b1f1e28209ba9920)
[92mINFO [0m:      Received successfully
[92mINFO [0m:      Start `flwr-clientapp` process
[pipeline] conectando ao banco: postgresql://mosaicfl:senhaForte@localhost:5432/mo...
[pipeline] conexão OK
[pipeline] executando query (max_seq_len=128 — pode levar alguns minutos)...
[pipeline] query concluída em 7.1s — 1,518,538 linhas
[pipeline] filtrado para hospital_id='BPSP' — 1,518,538 linhas
[pipeline] 28,599 atendimentos únicos encontrados
[pipeline] usando vocabulário pré-compartilhado — 38 tokens
[pipeline] construindo tensores para 28,599 sequências...
[pipeline] tensores: 2,859/28,599 (10%)
[pipeline] tensores: 5,718/28,599 (20%)
[pipeline] tensores: 8,577/28,599 (30%)
[pipeline] tensores: 11,436/28,599 (40%)
[pipeline] tensores: 14,295/28,599 (50%)
[pipeline] tensores: 17,154/28,599 (60%)
[pipeline] tensores: 20,013/28,599 (70%)
[pipeline] tensores: 22,872/28,599 (80%)
[pipeline] tensores: 25,731/28,599 (90%)
[pipeline] tensores: 28,590/28,599 (100%)
[pipeline] tensores prontos em 3.5s
[pipeline] concluído em 11.0s total — 28,599 pacientes | dist={0: 15892, 1: 318, 2: 120, 3: 9448, 4: 2821} | demográficos: age_mean=0.51 sex_M=13664/28599
[92mINFO [0m:      
[92mINFO [0m:      [RUN 10968871761967593261, ROUND 19]
[92mINFO [0m:      Sending: train message (ID: a8c522966fe6999f85588f743182313477000b4ebf1def525610f78b32345956)
[92mINFO [0m:      
[92mINFO [0m:      Sent successfully
[92mINFO [0m:      
[92mINFO [0m:      [RUN 10968871761967593261, ROUND 19]
[92mINFO [0m:      Receiving: evaluate message (ID: 87610efc9b6fa317b2f923eb787f9fd6b2d898c7a96ebaf6e797c9d15c26fccd)
[92mINFO [0m:      Received successfully
[92mINFO [0m:      Start `flwr-clientapp` process
[pipeline] conectando ao banco: postgresql://mosaicfl:senhaForte@localhost:5432/mo...
[pipeline] conexão OK
[pipeline] executando query (max_seq_len=128 — pode levar alguns minutos)...
[pipeline] query concluída em 7.2s — 1,518,538 linhas
[pipeline] filtrado para hospital_id='BPSP' — 1,518,538 linhas
[pipeline] 28,599 atendimentos únicos encontrados
[pipeline] usando vocabulário pré-compartilhado — 38 tokens
[pipeline] construindo tensores para 28,599 sequências...
[pipeline] tensores: 2,859/28,599 (10%)
[pipeline] tensores: 5,718/28,599 (20%)
[pipeline] tensores: 8,577/28,599 (30%)
[pipeline] tensores: 11,436/28,599 (40%)
[pipeline] tensores: 14,295/28,599 (50%)
[pipeline] tensores: 17,154/28,599 (60%)
[pipeline] tensores: 20,013/28,599 (70%)
[pipeline] tensores: 22,872/28,599 (80%)
[pipeline] tensores: 25,731/28,599 (90%)
[pipeline] tensores: 28,590/28,599 (100%)
[pipeline] tensores prontos em 3.7s
[pipeline] concluído em 11.2s total — 28,599 pacientes | dist={0: 15892, 1: 318, 2: 120, 3: 9448, 4: 2821} | demográficos: age_mean=0.51 sex_M=13664/28599
[92mINFO [0m:      
[92mINFO [0m:      
[92mINFO [0m:      [RUN 10968871761967593261, ROUND 19]
[92mINFO [0m:      Sending: evaluate message (ID: b75a12a182b42946ce713e77bce39e0e10b32c7144da0dc23aec2be46b7dea5f)
[92mINFO [0m:      Sent successfully
[92mINFO [0m:      
[92mINFO [0m:      [RUN 10968871761967593261, ROUND 20]
[92mINFO [0m:      Receiving: train message (ID: 1eeffc9d38374baf5454d0198499ccb4079ca87d5c59faa90bf9979ff147a80a)
[92mINFO [0m:      Received successfully
[92mINFO [0m:      Start `flwr-clientapp` process
[pipeline] conectando ao banco: postgresql://mosaicfl:senhaForte@localhost:5432/mo...
[pipeline] conexão OK
[pipeline] executando query (max_seq_len=128 — pode levar alguns minutos)...
[pipeline] query concluída em 7.2s — 1,518,538 linhas
[pipeline] filtrado para hospital_id='BPSP' — 1,518,538 linhas
[pipeline] 28,599 atendimentos únicos encontrados
[pipeline] usando vocabulário pré-compartilhado — 38 tokens
[pipeline] construindo tensores para 28,599 sequências...
[pipeline] tensores: 2,859/28,599 (10%)
[pipeline] tensores: 5,718/28,599 (20%)
[pipeline] tensores: 8,577/28,599 (30%)
[pipeline] tensores: 11,436/28,599 (40%)
[pipeline] tensores: 14,295/28,599 (50%)
[pipeline] tensores: 17,154/28,599 (60%)
[pipeline] tensores: 20,013/28,599 (70%)
[pipeline] tensores: 22,872/28,599 (80%)
[pipeline] tensores: 25,731/28,599 (90%)
[pipeline] tensores: 28,590/28,599 (100%)
[pipeline] tensores prontos em 3.6s
[pipeline] concluído em 11.2s total — 28,599 pacientes | dist={0: 15892, 1: 318, 2: 120, 3: 9448, 4: 2821} | demográficos: age_mean=0.51 sex_M=13664/28599
[92mINFO [0m:      
[92mINFO [0m:      
[92mINFO [0m:      [RUN 10968871761967593261, ROUND 20]
[92mINFO [0m:      Sending: train message (ID: 0a98da49c8ab537fd41575416cb7584c5294bde294e4c511a3f64a9e0fd91a04)
[92mINFO [0m:      Sent successfully
[92mINFO [0m:      
[92mINFO [0m:      [RUN 10968871761967593261, ROUND 20]
[92mINFO [0m:      Receiving: evaluate message (ID: df841d1fe0563f50fe18207e8827decf0372f4a35df066bf069017ec00c2f5c7)
[92mINFO [0m:      Received successfully
[92mINFO [0m:      Start `flwr-clientapp` process
[pipeline] conectando ao banco: postgresql://mosaicfl:senhaForte@localhost:5432/mo...
[pipeline] conexão OK
[pipeline] executando query (max_seq_len=128 — pode levar alguns minutos)...
[pipeline] query concluída em 7.3s — 1,518,538 linhas
[pipeline] filtrado para hospital_id='BPSP' — 1,518,538 linhas
[pipeline] 28,599 atendimentos únicos encontrados
[pipeline] usando vocabulário pré-compartilhado — 38 tokens
[pipeline] construindo tensores para 28,599 sequências...
[pipeline] tensores: 2,859/28,599 (10%)
[pipeline] tensores: 5,718/28,599 (20%)
[pipeline] tensores: 8,577/28,599 (30%)
[pipeline] tensores: 11,436/28,599 (40%)
[pipeline] tensores: 14,295/28,599 (50%)
[pipeline] tensores: 17,154/28,599 (60%)
[pipeline] tensores: 20,013/28,599 (70%)
[pipeline] tensores: 22,872/28,599 (80%)
[pipeline] tensores: 25,731/28,599 (90%)
[pipeline] tensores: 28,590/28,599 (100%)
[pipeline] tensores prontos em 3.6s
[pipeline] concluído em 11.2s total — 28,599 pacientes | dist={0: 15892, 1: 318, 2: 120, 3: 9448, 4: 2821} | demográficos: age_mean=0.51 sex_M=13664/28599
[92mINFO [0m:      
[92mINFO [0m:      
[92mINFO [0m:      [RUN 10968871761967593261, ROUND 20]
[92mINFO [0m:      Sending: evaluate message (ID: 75b453488392e5143ea70028eba61a7bd5f84229db544be607be73330704fa32)
[92mINFO [0m:      Sent successfully
[92mINFO [0m:      
[92mINFO [0m:      [RUN 10968871761967593261, ROUND 21]
[92mINFO [0m:      Receiving: train message (ID: 8795388c08729303eeb36c2aa2cfcd869d6170958c8dc46f8840233ad9a20148)
[92mINFO [0m:      Received successfully
[92mINFO [0m:      Start `flwr-clientapp` process
[pipeline] conectando ao banco: postgresql://mosaicfl:senhaForte@localhost:5432/mo...
[pipeline] conexão OK
[pipeline] executando query (max_seq_len=128 — pode levar alguns minutos)...
[pipeline] query concluída em 7.1s — 1,518,538 linhas
[pipeline] filtrado para hospital_id='BPSP' — 1,518,538 linhas
[pipeline] 28,599 atendimentos únicos encontrados
[pipeline] usando vocabulário pré-compartilhado — 38 tokens
[pipeline] construindo tensores para 28,599 sequências...
[pipeline] tensores: 2,859/28,599 (10%)
[pipeline] tensores: 5,718/28,599 (20%)
[pipeline] tensores: 8,577/28,599 (30%)
[pipeline] tensores: 11,436/28,599 (40%)
[pipeline] tensores: 14,295/28,599 (50%)
[pipeline] tensores: 17,154/28,599 (60%)
[pipeline] tensores: 20,013/28,599 (70%)
[pipeline] tensores: 22,872/28,599 (80%)
[pipeline] tensores: 25,731/28,599 (90%)
[pipeline] tensores: 28,590/28,599 (100%)
[pipeline] tensores prontos em 3.6s
[pipeline] concluído em 11.1s total — 28,599 pacientes | dist={0: 15892, 1: 318, 2: 120, 3: 9448, 4: 2821} | demográficos: age_mean=0.51 sex_M=13664/28599
[92mINFO [0m:      
[92mINFO [0m:      
[92mINFO [0m:      [RUN 10968871761967593261, ROUND 21]
[92mINFO [0m:      Sending: train message (ID: e288bebff530f3801c383076c693b8508bca6d3036dc7135814da0b1d0c96103)
[92mINFO [0m:      Sent successfully
[92mINFO [0m:      
[92mINFO [0m:      [RUN 10968871761967593261, ROUND 21]
[92mINFO [0m:      Receiving: evaluate message (ID: c37b9acd9c65c4d30a52f749f6a82f2568d4944edaaa2aca03482dd79d0dcc65)
[92mINFO [0m:      Received successfully
[92mINFO [0m:      Start `flwr-clientapp` process
[pipeline] conectando ao banco: postgresql://mosaicfl:senhaForte@localhost:5432/mo...
[pipeline] conexão OK
[pipeline] executando query (max_seq_len=128 — pode levar alguns minutos)...
[pipeline] query concluída em 7.1s — 1,518,538 linhas
[pipeline] filtrado para hospital_id='BPSP' — 1,518,538 linhas
[pipeline] 28,599 atendimentos únicos encontrados
[pipeline] usando vocabulário pré-compartilhado — 38 tokens
[pipeline] construindo tensores para 28,599 sequências...
[pipeline] tensores: 2,859/28,599 (10%)
[pipeline] tensores: 5,718/28,599 (20%)
[pipeline] tensores: 8,577/28,599 (30%)
[pipeline] tensores: 11,436/28,599 (40%)
[pipeline] tensores: 14,295/28,599 (50%)
[pipeline] tensores: 17,154/28,599 (60%)
[pipeline] tensores: 20,013/28,599 (70%)
[pipeline] tensores: 22,872/28,599 (80%)
[pipeline] tensores: 25,731/28,599 (90%)
[pipeline] tensores: 28,590/28,599 (100%)
[pipeline] tensores prontos em 3.7s
[pipeline] concluído em 11.3s total — 28,599 pacientes | dist={0: 15892, 1: 318, 2: 120, 3: 9448, 4: 2821} | demográficos: age_mean=0.51 sex_M=13664/28599
[92mINFO [0m:      
[92mINFO [0m:      
[92mINFO [0m:      [RUN 10968871761967593261, ROUND 21]
[92mINFO [0m:      Sending: evaluate message (ID: 799b9142e145a630acb9704edd3cf678038556cf7efd20923e3c3179584414bb)
[92mINFO [0m:      Sent successfully
[92mINFO [0m:      
[92mINFO [0m:      [RUN 10968871761967593261, ROUND 22]
[92mINFO [0m:      Receiving: train message (ID: 72c592a0eb3fcc47d604bf43bf1b19aab357b53e4dbbd50a62bb9365af287015)
[92mINFO [0m:      Received successfully
[92mINFO [0m:      Start `flwr-clientapp` process
[pipeline] conectando ao banco: postgresql://mosaicfl:senhaForte@localhost:5432/mo...
[pipeline] conexão OK
[pipeline] executando query (max_seq_len=128 — pode levar alguns minutos)...
[pipeline] query concluída em 7.1s — 1,518,538 linhas
[pipeline] filtrado para hospital_id='BPSP' — 1,518,538 linhas
[pipeline] 28,599 atendimentos únicos encontrados
[pipeline] usando vocabulário pré-compartilhado — 38 tokens
[pipeline] construindo tensores para 28,599 sequências...
[pipeline] tensores: 2,859/28,599 (10%)
[pipeline] tensores: 5,718/28,599 (20%)
[pipeline] tensores: 8,577/28,599 (30%)
[pipeline] tensores: 11,436/28,599 (40%)
[pipeline] tensores: 14,295/28,599 (50%)
[pipeline] tensores: 17,154/28,599 (60%)
[pipeline] tensores: 20,013/28,599 (70%)
[pipeline] tensores: 22,872/28,599 (80%)
[pipeline] tensores: 25,731/28,599 (90%)
[pipeline] tensores: 28,590/28,599 (100%)
[pipeline] tensores prontos em 3.6s
[pipeline] concluído em 11.1s total — 28,599 pacientes | dist={0: 15892, 1: 318, 2: 120, 3: 9448, 4: 2821} | demográficos: age_mean=0.51 sex_M=13664/28599
[92mINFO [0m:      
[92mINFO [0m:      
[92mINFO [0m:      [RUN 10968871761967593261, ROUND 22]
[92mINFO [0m:      Sending: train message (ID: 29f7bfeb6b8d0404ed3c4be4d0f09d43a9bdc181a2bc70d6ceebed0ec2e389ce)
[92mINFO [0m:      Sent successfully
[92mINFO [0m:      
[92mINFO [0m:      [RUN 10968871761967593261, ROUND 22]
[92mINFO [0m:      Receiving: evaluate message (ID: 89a61568681a26f14d33283347c71403da4f0e63c8824f0f651b2075d9e51a1d)
[92mINFO [0m:      Received successfully
[92mINFO [0m:      Start `flwr-clientapp` process
[pipeline] conectando ao banco: postgresql://mosaicfl:senhaForte@localhost:5432/mo...
[pipeline] conexão OK
[pipeline] executando query (max_seq_len=128 — pode levar alguns minutos)...
[pipeline] query concluída em 7.1s — 1,518,538 linhas
[pipeline] filtrado para hospital_id='BPSP' — 1,518,538 linhas
[pipeline] 28,599 atendimentos únicos encontrados
[pipeline] usando vocabulário pré-compartilhado — 38 tokens
[pipeline] construindo tensores para 28,599 sequências...
[pipeline] tensores: 2,859/28,599 (10%)
[pipeline] tensores: 5,718/28,599 (20%)
[pipeline] tensores: 8,577/28,599 (30%)
[pipeline] tensores: 11,436/28,599 (40%)
[pipeline] tensores: 14,295/28,599 (50%)
[pipeline] tensores: 17,154/28,599 (60%)
[pipeline] tensores: 20,013/28,599 (70%)
[pipeline] tensores: 22,872/28,599 (80%)
[pipeline] tensores: 25,731/28,599 (90%)
[pipeline] tensores: 28,590/28,599 (100%)
[pipeline] tensores prontos em 3.6s
[pipeline] concluído em 11.1s total — 28,599 pacientes | dist={0: 15892, 1: 318, 2: 120, 3: 9448, 4: 2821} | demográficos: age_mean=0.51 sex_M=13664/28599
[92mINFO [0m:      
[92mINFO [0m:      
[92mINFO [0m:      [RUN 10968871761967593261, ROUND 22]
[92mINFO [0m:      Sending: evaluate message (ID: 0a01b1b3a3e5e38f5121123d929d962fa2150af7213decf910dfc7f56ca915a1)
[92mINFO [0m:      Sent successfully
[92mINFO [0m:      
[92mINFO [0m:      [RUN 10968871761967593261, ROUND 23]
[92mINFO [0m:      Receiving: train message (ID: b16c5e8a6806d1ad6c9ba742a77344971a0d959b87e055aa9fca4394ab9fa2c4)
[92mINFO [0m:      Received successfully
[92mINFO [0m:      Start `flwr-clientapp` process
[pipeline] conectando ao banco: postgresql://mosaicfl:senhaForte@localhost:5432/mo...
[pipeline] conexão OK
[pipeline] executando query (max_seq_len=128 — pode levar alguns minutos)...
[pipeline] query concluída em 7.2s — 1,518,538 linhas
[pipeline] filtrado para hospital_id='BPSP' — 1,518,538 linhas
[pipeline] 28,599 atendimentos únicos encontrados
[pipeline] usando vocabulário pré-compartilhado — 38 tokens
[pipeline] construindo tensores para 28,599 sequências...
[pipeline] tensores: 2,859/28,599 (10%)
[pipeline] tensores: 5,718/28,599 (20%)
[pipeline] tensores: 8,577/28,599 (30%)
[pipeline] tensores: 11,436/28,599 (40%)
[pipeline] tensores: 14,295/28,599 (50%)
[pipeline] tensores: 17,154/28,599 (60%)
[pipeline] tensores: 20,013/28,599 (70%)
[pipeline] tensores: 22,872/28,599 (80%)
[pipeline] tensores: 25,731/28,599 (90%)
[pipeline] tensores: 28,590/28,599 (100%)
[pipeline] tensores prontos em 3.7s
[pipeline] concluído em 11.3s total — 28,599 pacientes | dist={0: 15892, 1: 318, 2: 120, 3: 9448, 4: 2821} | demográficos: age_mean=0.51 sex_M=13664/28599
[92mINFO [0m:      
[92mINFO [0m:      
[92mINFO [0m:      [RUN 10968871761967593261, ROUND 23]
[92mINFO [0m:      Sending: train message (ID: c3e7ef9ddc803148c87ae88251251d146114cf55a50117e506fcfbfab3319567)
[92mINFO [0m:      Sent successfully
[92mINFO [0m:      
[92mINFO [0m:      [RUN 10968871761967593261, ROUND 23]
[92mINFO [0m:      Receiving: evaluate message (ID: b5eb31abdf87ef4355cd189e179c3944c623faef0d47fb1673d871a2c536ec41)
[92mINFO [0m:      Received successfully
[92mINFO [0m:      Start `flwr-clientapp` process
[pipeline] conectando ao banco: postgresql://mosaicfl:senhaForte@localhost:5432/mo...
[pipeline] conexão OK
[pipeline] executando query (max_seq_len=128 — pode levar alguns minutos)...
[pipeline] query concluída em 7.1s — 1,518,538 linhas
[pipeline] filtrado para hospital_id='BPSP' — 1,518,538 linhas
[pipeline] 28,599 atendimentos únicos encontrados
[pipeline] usando vocabulário pré-compartilhado — 38 tokens
[pipeline] construindo tensores para 28,599 sequências...
[pipeline] tensores: 2,859/28,599 (10%)
[pipeline] tensores: 5,718/28,599 (20%)
[pipeline] tensores: 8,577/28,599 (30%)
[pipeline] tensores: 11,436/28,599 (40%)
[pipeline] tensores: 14,295/28,599 (50%)
[pipeline] tensores: 17,154/28,599 (60%)
[pipeline] tensores: 20,013/28,599 (70%)
[pipeline] tensores: 22,872/28,599 (80%)
[pipeline] tensores: 25,731/28,599 (90%)
[pipeline] tensores: 28,590/28,599 (100%)
[pipeline] tensores prontos em 3.7s
[pipeline] concluído em 11.2s total — 28,599 pacientes | dist={0: 15892, 1: 318, 2: 120, 3: 9448, 4: 2821} | demográficos: age_mean=0.51 sex_M=13664/28599
[92mINFO [0m:      
[92mINFO [0m:      [RUN 10968871761967593261, ROUND 23]
[92mINFO [0m:      Sending: evaluate message (ID: 4654c9324de732a7c69d3fdb1d5a8cd9cbaa5a7459499d097f1f81faf285fe18)
[92mINFO [0m:      
[92mINFO [0m:      Sent successfully
[92mINFO [0m:      
[92mINFO [0m:      [RUN 10968871761967593261, ROUND 24]
[92mINFO [0m:      Receiving: train message (ID: 678d5a1b253d091e65b78cda74919fdd6a2db51c13ba738e0c9e0033fd812bec)
[92mINFO [0m:      Received successfully
[92mINFO [0m:      Start `flwr-clientapp` process
[pipeline] conectando ao banco: postgresql://mosaicfl:senhaForte@localhost:5432/mo...
[pipeline] conexão OK
[pipeline] executando query (max_seq_len=128 — pode levar alguns minutos)...
[pipeline] query concluída em 7.2s — 1,518,538 linhas
[pipeline] filtrado para hospital_id='BPSP' — 1,518,538 linhas
[pipeline] 28,599 atendimentos únicos encontrados
[pipeline] usando vocabulário pré-compartilhado — 38 tokens
[pipeline] construindo tensores para 28,599 sequências...
[pipeline] tensores: 2,859/28,599 (10%)
[pipeline] tensores: 5,718/28,599 (20%)
[pipeline] tensores: 8,577/28,599 (30%)
[pipeline] tensores: 11,436/28,599 (40%)
[pipeline] tensores: 14,295/28,599 (50%)
[pipeline] tensores: 17,154/28,599 (60%)
[pipeline] tensores: 20,013/28,599 (70%)
[pipeline] tensores: 22,872/28,599 (80%)
[pipeline] tensores: 25,731/28,599 (90%)
[pipeline] tensores: 28,590/28,599 (100%)
[pipeline] tensores prontos em 3.6s
[pipeline] concluído em 11.1s total — 28,599 pacientes | dist={0: 15892, 1: 318, 2: 120, 3: 9448, 4: 2821} | demográficos: age_mean=0.51 sex_M=13664/28599
[92mINFO [0m:      
[92mINFO [0m:      [RUN 10968871761967593261, ROUND 24]
[92mINFO [0m:      Sending: train message (ID: 582815456d76e4838520618f7735ec74fbbcfad71b33a129d864e81ad5fcf8b9)
[92mINFO [0m:      
[92mINFO [0m:      Sent successfully
[92mINFO [0m:      
[92mINFO [0m:      [RUN 10968871761967593261, ROUND 24]
[92mINFO [0m:      Receiving: evaluate message (ID: d66b6254e57d044127578d4b986e16d70bd45d946361d6eecf5cca0a081273cd)
[92mINFO [0m:      Received successfully
[92mINFO [0m:      Start `flwr-clientapp` process
[pipeline] conectando ao banco: postgresql://mosaicfl:senhaForte@localhost:5432/mo...
[pipeline] conexão OK
[pipeline] executando query (max_seq_len=128 — pode levar alguns minutos)...
[pipeline] query concluída em 7.0s — 1,518,538 linhas
[pipeline] filtrado para hospital_id='BPSP' — 1,518,538 linhas
[pipeline] 28,599 atendimentos únicos encontrados
[pipeline] usando vocabulário pré-compartilhado — 38 tokens
[pipeline] construindo tensores para 28,599 sequências...
[pipeline] tensores: 2,859/28,599 (10%)
[pipeline] tensores: 5,718/28,599 (20%)
[pipeline] tensores: 8,577/28,599 (30%)
[pipeline] tensores: 11,436/28,599 (40%)
[pipeline] tensores: 14,295/28,599 (50%)
[pipeline] tensores: 17,154/28,599 (60%)
[pipeline] tensores: 20,013/28,599 (70%)
[pipeline] tensores: 22,872/28,599 (80%)
[pipeline] tensores: 25,731/28,599 (90%)
[pipeline] tensores: 28,590/28,599 (100%)
[pipeline] tensores prontos em 3.5s
[pipeline] concluído em 10.9s total — 28,599 pacientes | dist={0: 15892, 1: 318, 2: 120, 3: 9448, 4: 2821} | demográficos: age_mean=0.51 sex_M=13664/28599
[92mINFO [0m:      
[92mINFO [0m:      [RUN 10968871761967593261, ROUND 24]
[92mINFO [0m:      Sending: evaluate message (ID: b38dec05a57cf94ef9ebc27901957af959256d0dd3c423a82f672fbf3e065f28)
[92mINFO [0m:      
[92mINFO [0m:      Sent successfully
[92mINFO [0m:      
[92mINFO [0m:      [RUN 10968871761967593261, ROUND 25]
[92mINFO [0m:      Receiving: train message (ID: f28646c371aff0c601d9b40cc5939084b0872a85e8b73b6323662aa3eb9a7ace)
[92mINFO [0m:      Received successfully
[92mINFO [0m:      Start `flwr-clientapp` process
[pipeline] conectando ao banco: postgresql://mosaicfl:senhaForte@localhost:5432/mo...
[pipeline] conexão OK
[pipeline] executando query (max_seq_len=128 — pode levar alguns minutos)...
[pipeline] query concluída em 7.1s — 1,518,538 linhas
[pipeline] filtrado para hospital_id='BPSP' — 1,518,538 linhas
[pipeline] 28,599 atendimentos únicos encontrados
[pipeline] usando vocabulário pré-compartilhado — 38 tokens
[pipeline] construindo tensores para 28,599 sequências...
[pipeline] tensores: 2,859/28,599 (10%)
[pipeline] tensores: 5,718/28,599 (20%)
[pipeline] tensores: 8,577/28,599 (30%)
[pipeline] tensores: 11,436/28,599 (40%)
[pipeline] tensores: 14,295/28,599 (50%)
[pipeline] tensores: 17,154/28,599 (60%)
[pipeline] tensores: 20,013/28,599 (70%)
[pipeline] tensores: 22,872/28,599 (80%)
[pipeline] tensores: 25,731/28,599 (90%)
[pipeline] tensores: 28,590/28,599 (100%)
[pipeline] tensores prontos em 3.6s
[pipeline] concluído em 11.1s total — 28,599 pacientes | dist={0: 15892, 1: 318, 2: 120, 3: 9448, 4: 2821} | demográficos: age_mean=0.51 sex_M=13664/28599
[92mINFO [0m:      
[92mINFO [0m:      [RUN 10968871761967593261, ROUND 25]
[92mINFO [0m:      Sending: train message (ID: c085a86bc7703461ad5b26274d423ddaa16f2e42ba84d5f6e73d28ee0641c851)
[92mINFO [0m:      
[92mINFO [0m:      Sent successfully
[92mINFO [0m:      
[92mINFO [0m:      [RUN 10968871761967593261, ROUND 25]
[92mINFO [0m:      Receiving: evaluate message (ID: 1be4dbc779f33dd440f9cd2738120da9a17b5770455ee61a8bea4ac93811e3f2)
[92mINFO [0m:      Received successfully
[92mINFO [0m:      Start `flwr-clientapp` process
[pipeline] conectando ao banco: postgresql://mosaicfl:senhaForte@localhost:5432/mo...
[pipeline] conexão OK
[pipeline] executando query (max_seq_len=128 — pode levar alguns minutos)...
[pipeline] query concluída em 7.1s — 1,518,538 linhas
[pipeline] filtrado para hospital_id='BPSP' — 1,518,538 linhas
[pipeline] 28,599 atendimentos únicos encontrados
[pipeline] usando vocabulário pré-compartilhado — 38 tokens
[pipeline] construindo tensores para 28,599 sequências...
[pipeline] tensores: 2,859/28,599 (10%)
[pipeline] tensores: 5,718/28,599 (20%)
[pipeline] tensores: 8,577/28,599 (30%)
[pipeline] tensores: 11,436/28,599 (40%)
[pipeline] tensores: 14,295/28,599 (50%)
[pipeline] tensores: 17,154/28,599 (60%)
[pipeline] tensores: 20,013/28,599 (70%)
[pipeline] tensores: 22,872/28,599 (80%)
[pipeline] tensores: 25,731/28,599 (90%)
[pipeline] tensores: 28,590/28,599 (100%)
[pipeline] tensores prontos em 3.5s
[pipeline] concluído em 11.0s total — 28,599 pacientes | dist={0: 15892, 1: 318, 2: 120, 3: 9448, 4: 2821} | demográficos: age_mean=0.51 sex_M=13664/28599
[92mINFO [0m:      
[92mINFO [0m:      
[92mINFO [0m:      [RUN 10968871761967593261, ROUND 25]
[92mINFO [0m:      Sending: evaluate message (ID: 17e4c524b713a4eb7b85ef28bbd71dd5438a5406c36caca60a5a753627f16140)
[92mINFO [0m:      Sent successfully
[92mINFO [0m:      
[92mINFO [0m:      [RUN 10968871761967593261, ROUND 26]
[92mINFO [0m:      Receiving: train message (ID: 3fcde1e99f855706528d9f7207a54e3d2fafddcbda5650fb8adfae514cb57fab)
[92mINFO [0m:      Received successfully
[92mINFO [0m:      Start `flwr-clientapp` process
[pipeline] conectando ao banco: postgresql://mosaicfl:senhaForte@localhost:5432/mo...
[pipeline] conexão OK
[pipeline] executando query (max_seq_len=128 — pode levar alguns minutos)...
[pipeline] query concluída em 7.1s — 1,518,538 linhas
[pipeline] filtrado para hospital_id='BPSP' — 1,518,538 linhas
[pipeline] 28,599 atendimentos únicos encontrados
[pipeline] usando vocabulário pré-compartilhado — 38 tokens
[pipeline] construindo tensores para 28,599 sequências...
[pipeline] tensores: 2,859/28,599 (10%)
[pipeline] tensores: 5,718/28,599 (20%)
[pipeline] tensores: 8,577/28,599 (30%)
[pipeline] tensores: 11,436/28,599 (40%)
[pipeline] tensores: 14,295/28,599 (50%)
[pipeline] tensores: 17,154/28,599 (60%)
[pipeline] tensores: 20,013/28,599 (70%)
[pipeline] tensores: 22,872/28,599 (80%)
[pipeline] tensores: 25,731/28,599 (90%)
[pipeline] tensores: 28,590/28,599 (100%)
[pipeline] tensores prontos em 3.6s
[pipeline] concluído em 11.1s total — 28,599 pacientes | dist={0: 15892, 1: 318, 2: 120, 3: 9448, 4: 2821} | demográficos: age_mean=0.51 sex_M=13664/28599
[92mINFO [0m:      
[92mINFO [0m:      [RUN 10968871761967593261, ROUND 26]
[92mINFO [0m:      Sending: train message (ID: f6c9aabdd6a21eaf7add1118a0953b42620c7fe734f11af1fb6b24a4a97a8778)
[92mINFO [0m:      
[92mINFO [0m:      Sent successfully
[92mINFO [0m:      
[92mINFO [0m:      [RUN 10968871761967593261, ROUND 26]
[92mINFO [0m:      Receiving: evaluate message (ID: 1530e7f2f1c5cc8ac0526ac27945ffc15a7012f56ee9c0afcdbc152877e44cfe)
[92mINFO [0m:      Received successfully
[92mINFO [0m:      Start `flwr-clientapp` process
[pipeline] conectando ao banco: postgresql://mosaicfl:senhaForte@localhost:5432/mo...
[pipeline] conexão OK
[pipeline] executando query (max_seq_len=128 — pode levar alguns minutos)...
[pipeline] query concluída em 7.2s — 1,518,538 linhas
[pipeline] filtrado para hospital_id='BPSP' — 1,518,538 linhas
[pipeline] 28,599 atendimentos únicos encontrados
[pipeline] usando vocabulário pré-compartilhado — 38 tokens
[pipeline] construindo tensores para 28,599 sequências...
[pipeline] tensores: 2,859/28,599 (10%)
[pipeline] tensores: 5,718/28,599 (20%)
[pipeline] tensores: 8,577/28,599 (30%)
[pipeline] tensores: 11,436/28,599 (40%)
[pipeline] tensores: 14,295/28,599 (50%)
[pipeline] tensores: 17,154/28,599 (60%)
[pipeline] tensores: 20,013/28,599 (70%)
[pipeline] tensores: 22,872/28,599 (80%)
[pipeline] tensores: 25,731/28,599 (90%)
[pipeline] tensores: 28,590/28,599 (100%)
[pipeline] tensores prontos em 3.6s
[pipeline] concluído em 11.3s total — 28,599 pacientes | dist={0: 15892, 1: 318, 2: 120, 3: 9448, 4: 2821} | demográficos: age_mean=0.51 sex_M=13664/28599
[92mINFO [0m:      
[92mINFO [0m:      
[92mINFO [0m:      [RUN 10968871761967593261, ROUND 26]
[92mINFO [0m:      Sending: evaluate message (ID: 06680240bc7e33757229e1bab595e9cc40c42b886881a0e3ed5a87d023e250a1)
[92mINFO [0m:      Sent successfully
[92mINFO [0m:      
[92mINFO [0m:      [RUN 10968871761967593261, ROUND 27]
[92mINFO [0m:      Receiving: train message (ID: dad22adc645827afb6122579617ef7af243607d15efcefcbb4b559d0b1a8a94a)
[92mINFO [0m:      Received successfully
[92mINFO [0m:      Start `flwr-clientapp` process
[pipeline] conectando ao banco: postgresql://mosaicfl:senhaForte@localhost:5432/mo...
[pipeline] conexão OK
[pipeline] executando query (max_seq_len=128 — pode levar alguns minutos)...
[pipeline] query concluída em 7.1s — 1,518,538 linhas
[pipeline] filtrado para hospital_id='BPSP' — 1,518,538 linhas
[pipeline] 28,599 atendimentos únicos encontrados
[pipeline] usando vocabulário pré-compartilhado — 38 tokens
[pipeline] construindo tensores para 28,599 sequências...
[pipeline] tensores: 2,859/28,599 (10%)
[pipeline] tensores: 5,718/28,599 (20%)
[pipeline] tensores: 8,577/28,599 (30%)
[pipeline] tensores: 11,436/28,599 (40%)
[pipeline] tensores: 14,295/28,599 (50%)
[pipeline] tensores: 17,154/28,599 (60%)
[pipeline] tensores: 20,013/28,599 (70%)
[pipeline] tensores: 22,872/28,599 (80%)
[pipeline] tensores: 25,731/28,599 (90%)
[pipeline] tensores: 28,590/28,599 (100%)
[pipeline] tensores prontos em 3.5s
[pipeline] concluído em 10.9s total — 28,599 pacientes | dist={0: 15892, 1: 318, 2: 120, 3: 9448, 4: 2821} | demográficos: age_mean=0.51 sex_M=13664/28599
[92mINFO [0m:      
[92mINFO [0m:      
[92mINFO [0m:      [RUN 10968871761967593261, ROUND 27]
[92mINFO [0m:      Sending: train message (ID: 5ec1f551f2551f193c8d10d7b5f37fe999aa75b4937c79d942d73511b687f9f4)
[92mINFO [0m:      Sent successfully
[92mINFO [0m:      
[92mINFO [0m:      [RUN 10968871761967593261, ROUND 27]
[92mINFO [0m:      Receiving: evaluate message (ID: 96e5b982e47a0a5527fd0a417705e1421007c70ad08be349a275c735f25dd5e1)
[92mINFO [0m:      Received successfully
[92mINFO [0m:      Start `flwr-clientapp` process
[pipeline] conectando ao banco: postgresql://mosaicfl:senhaForte@localhost:5432/mo...
[pipeline] conexão OK
[pipeline] executando query (max_seq_len=128 — pode levar alguns minutos)...
[pipeline] query concluída em 7.1s — 1,518,538 linhas
[pipeline] filtrado para hospital_id='BPSP' — 1,518,538 linhas
[pipeline] 28,599 atendimentos únicos encontrados
[pipeline] usando vocabulário pré-compartilhado — 38 tokens
[pipeline] construindo tensores para 28,599 sequências...
[pipeline] tensores: 2,859/28,599 (10%)
[pipeline] tensores: 5,718/28,599 (20%)
[pipeline] tensores: 8,577/28,599 (30%)
[pipeline] tensores: 11,436/28,599 (40%)
[pipeline] tensores: 14,295/28,599 (50%)
[pipeline] tensores: 17,154/28,599 (60%)
[pipeline] tensores: 20,013/28,599 (70%)
[pipeline] tensores: 22,872/28,599 (80%)
[pipeline] tensores: 25,731/28,599 (90%)
[pipeline] tensores: 28,590/28,599 (100%)
[pipeline] tensores prontos em 3.6s
[pipeline] concluído em 11.1s total — 28,599 pacientes | dist={0: 15892, 1: 318, 2: 120, 3: 9448, 4: 2821} | demográficos: age_mean=0.51 sex_M=13664/28599
[92mINFO [0m:      
[92mINFO [0m:      
[92mINFO [0m:      [RUN 10968871761967593261, ROUND 27]
[92mINFO [0m:      Sending: evaluate message (ID: e31b192bcea06122bad437c276f02c313dd901d8e358e8e85f89d5eb5602de14)
[92mINFO [0m:      Sent successfully
[92mINFO [0m:      
[92mINFO [0m:      [RUN 10968871761967593261, ROUND 28]
[92mINFO [0m:      Receiving: train message (ID: e61efb9a875231972112e5f3d83d87add281d24c50f373489e325ba298673e16)
[92mINFO [0m:      Received successfully
[92mINFO [0m:      Start `flwr-clientapp` process
[pipeline] conectando ao banco: postgresql://mosaicfl:senhaForte@localhost:5432/mo...
[pipeline] conexão OK
[pipeline] executando query (max_seq_len=128 — pode levar alguns minutos)...
[pipeline] query concluída em 7.2s — 1,518,538 linhas
[pipeline] filtrado para hospital_id='BPSP' — 1,518,538 linhas
[pipeline] 28,599 atendimentos únicos encontrados
[pipeline] usando vocabulário pré-compartilhado — 38 tokens
[pipeline] construindo tensores para 28,599 sequências...
[pipeline] tensores: 2,859/28,599 (10%)
[pipeline] tensores: 5,718/28,599 (20%)
[pipeline] tensores: 8,577/28,599 (30%)
[pipeline] tensores: 11,436/28,599 (40%)
[pipeline] tensores: 14,295/28,599 (50%)
[pipeline] tensores: 17,154/28,599 (60%)
[pipeline] tensores: 20,013/28,599 (70%)
[pipeline] tensores: 22,872/28,599 (80%)
[pipeline] tensores: 25,731/28,599 (90%)
[pipeline] tensores: 28,590/28,599 (100%)
[pipeline] tensores prontos em 3.6s
[pipeline] concluído em 11.1s total — 28,599 pacientes | dist={0: 15892, 1: 318, 2: 120, 3: 9448, 4: 2821} | demográficos: age_mean=0.51 sex_M=13664/28599
[92mINFO [0m:      
[92mINFO [0m:      
[92mINFO [0m:      [RUN 10968871761967593261, ROUND 28]
[92mINFO [0m:      Sending: train message (ID: db89c2c705f4ea59fd3ee1ebef2d77e5260d244fcea736db4359c88ee56fdc07)
[92mINFO [0m:      Sent successfully
[92mINFO [0m:      
[92mINFO [0m:      [RUN 10968871761967593261, ROUND 28]
[92mINFO [0m:      Receiving: evaluate message (ID: d0b104f1989348a0e7cf14fc56b0b4cb961e45e7f3d82162a7979efe5b34b67a)
[92mINFO [0m:      Received successfully
[92mINFO [0m:      Start `flwr-clientapp` process
[pipeline] conectando ao banco: postgresql://mosaicfl:senhaForte@localhost:5432/mo...
[pipeline] conexão OK
[pipeline] executando query (max_seq_len=128 — pode levar alguns minutos)...
[pipeline] query concluída em 7.2s — 1,518,538 linhas
[pipeline] filtrado para hospital_id='BPSP' — 1,518,538 linhas
[pipeline] 28,599 atendimentos únicos encontrados
[pipeline] usando vocabulário pré-compartilhado — 38 tokens
[pipeline] construindo tensores para 28,599 sequências...
[pipeline] tensores: 2,859/28,599 (10%)
[pipeline] tensores: 5,718/28,599 (20%)
[pipeline] tensores: 8,577/28,599 (30%)
[pipeline] tensores: 11,436/28,599 (40%)
[pipeline] tensores: 14,295/28,599 (50%)
[pipeline] tensores: 17,154/28,599 (60%)
[pipeline] tensores: 20,013/28,599 (70%)
[pipeline] tensores: 22,872/28,599 (80%)
[pipeline] tensores: 25,731/28,599 (90%)
[pipeline] tensores: 28,590/28,599 (100%)
[pipeline] tensores prontos em 3.7s
[pipeline] concluído em 11.2s total — 28,599 pacientes | dist={0: 15892, 1: 318, 2: 120, 3: 9448, 4: 2821} | demográficos: age_mean=0.51 sex_M=13664/28599
[92mINFO [0m:      
[92mINFO [0m:      
[92mINFO [0m:      [RUN 10968871761967593261, ROUND 28]
[92mINFO [0m:      Sending: evaluate message (ID: 9ac12a523bd185653abbee9af75168bdb8fb016ed8fae17d351723eaf08d2708)
[92mINFO [0m:      Sent successfully
[92mINFO [0m:      
[92mINFO [0m:      [RUN 10968871761967593261, ROUND 29]
[92mINFO [0m:      Receiving: train message (ID: b15e143f094ad518f7a5078094551e4e1ce83ea19d539234b87ce8c9c2c9a18a)
[92mINFO [0m:      Received successfully
[92mINFO [0m:      Start `flwr-clientapp` process
[pipeline] conectando ao banco: postgresql://mosaicfl:senhaForte@localhost:5432/mo...
[pipeline] conexão OK
[pipeline] executando query (max_seq_len=128 — pode levar alguns minutos)...
[pipeline] query concluída em 7.1s — 1,518,538 linhas
[pipeline] filtrado para hospital_id='BPSP' — 1,518,538 linhas
[pipeline] 28,599 atendimentos únicos encontrados
[pipeline] usando vocabulário pré-compartilhado — 38 tokens
[pipeline] construindo tensores para 28,599 sequências...
[pipeline] tensores: 2,859/28,599 (10%)
[pipeline] tensores: 5,718/28,599 (20%)
[pipeline] tensores: 8,577/28,599 (30%)
[pipeline] tensores: 11,436/28,599 (40%)
[pipeline] tensores: 14,295/28,599 (50%)
[pipeline] tensores: 17,154/28,599 (60%)
[pipeline] tensores: 20,013/28,599 (70%)
[pipeline] tensores: 22,872/28,599 (80%)
[pipeline] tensores: 25,731/28,599 (90%)
[pipeline] tensores: 28,590/28,599 (100%)
[pipeline] tensores prontos em 3.6s
[pipeline] concluído em 11.1s total — 28,599 pacientes | dist={0: 15892, 1: 318, 2: 120, 3: 9448, 4: 2821} | demográficos: age_mean=0.51 sex_M=13664/28599
[92mINFO [0m:      
[92mINFO [0m:      
[92mINFO [0m:      [RUN 10968871761967593261, ROUND 29]
[92mINFO [0m:      Sending: train message (ID: 7d4997bc56d3c54b12da8ecbd0e2f99b17b4da3e66a94fb364396c1a211e54ff)
[92mINFO [0m:      Sent successfully
[92mINFO [0m:      
[92mINFO [0m:      [RUN 10968871761967593261, ROUND 29]
[92mINFO [0m:      Receiving: evaluate message (ID: e00196b39aae66b8b163bf34b2e67542e086d6205ea4859872c02266ae0ddf08)
[92mINFO [0m:      Received successfully
[92mINFO [0m:      Start `flwr-clientapp` process
[pipeline] conectando ao banco: postgresql://mosaicfl:senhaForte@localhost:5432/mo...
[pipeline] conexão OK
[pipeline] executando query (max_seq_len=128 — pode levar alguns minutos)...
[pipeline] query concluída em 7.1s — 1,518,538 linhas
[pipeline] filtrado para hospital_id='BPSP' — 1,518,538 linhas
[pipeline] 28,599 atendimentos únicos encontrados
[pipeline] usando vocabulário pré-compartilhado — 38 tokens
[pipeline] construindo tensores para 28,599 sequências...
[pipeline] tensores: 2,859/28,599 (10%)
[pipeline] tensores: 5,718/28,599 (20%)
[pipeline] tensores: 8,577/28,599 (30%)
[pipeline] tensores: 11,436/28,599 (40%)
[pipeline] tensores: 14,295/28,599 (50%)
[pipeline] tensores: 17,154/28,599 (60%)
[pipeline] tensores: 20,013/28,599 (70%)
[pipeline] tensores: 22,872/28,599 (80%)
[pipeline] tensores: 25,731/28,599 (90%)
[pipeline] tensores: 28,590/28,599 (100%)
[pipeline] tensores prontos em 3.6s
[pipeline] concluído em 11.0s total — 28,599 pacientes | dist={0: 15892, 1: 318, 2: 120, 3: 9448, 4: 2821} | demográficos: age_mean=0.51 sex_M=13664/28599
[92mINFO [0m:      
[92mINFO [0m:      
[92mINFO [0m:      [RUN 10968871761967593261, ROUND 29]
[92mINFO [0m:      Sending: evaluate message (ID: 90f34551095e781a71cb5ba3fca1291de30fd4b9867a86af64aa54eec320ba22)
[92mINFO [0m:      Sent successfully
[92mINFO [0m:      
[92mINFO [0m:      [RUN 10968871761967593261, ROUND 30]
[92mINFO [0m:      Receiving: train message (ID: d254cdc48c6cf834a9e1e61d7d2102ece08653e8c6c9ba1863677aa6c476418c)
[92mINFO [0m:      Received successfully
[92mINFO [0m:      Start `flwr-clientapp` process
[pipeline] conectando ao banco: postgresql://mosaicfl:senhaForte@localhost:5432/mo...
[pipeline] conexão OK
[pipeline] executando query (max_seq_len=128 — pode levar alguns minutos)...
[pipeline] query concluída em 7.1s — 1,518,538 linhas
[pipeline] filtrado para hospital_id='BPSP' — 1,518,538 linhas
[pipeline] 28,599 atendimentos únicos encontrados
[pipeline] usando vocabulário pré-compartilhado — 38 tokens
[pipeline] construindo tensores para 28,599 sequências...
[pipeline] tensores: 2,859/28,599 (10%)
[pipeline] tensores: 5,718/28,599 (20%)
[pipeline] tensores: 8,577/28,599 (30%)
[pipeline] tensores: 11,436/28,599 (40%)
[pipeline] tensores: 14,295/28,599 (50%)
[pipeline] tensores: 17,154/28,599 (60%)
[pipeline] tensores: 20,013/28,599 (70%)
[pipeline] tensores: 22,872/28,599 (80%)
[pipeline] tensores: 25,731/28,599 (90%)
[pipeline] tensores: 28,590/28,599 (100%)
[pipeline] tensores prontos em 3.5s
[pipeline] concluído em 11.0s total — 28,599 pacientes | dist={0: 15892, 1: 318, 2: 120, 3: 9448, 4: 2821} | demográficos: age_mean=0.51 sex_M=13664/28599
[92mINFO [0m:      
[92mINFO [0m:      
[92mINFO [0m:      [RUN 10968871761967593261, ROUND 30]
[92mINFO [0m:      Sending: train message (ID: 772339d90f2b0209529172e1dafc536a3d65b3a1bb6b0cfac7bd532d1956d649)
[92mINFO [0m:      Sent successfully
[92mINFO [0m:      
[92mINFO [0m:      [RUN 10968871761967593261, ROUND 30]
[92mINFO [0m:      Receiving: evaluate message (ID: 0cb5910703ebe21fd2523c2ff85f8b72099b402165a79a125f396914b93f7e41)
[92mINFO [0m:      Received successfully
[92mINFO [0m:      Start `flwr-clientapp` process
[pipeline] conectando ao banco: postgresql://mosaicfl:senhaForte@localhost:5432/mo...
[pipeline] conexão OK
[pipeline] executando query (max_seq_len=128 — pode levar alguns minutos)...
[pipeline] query concluída em 7.1s — 1,518,538 linhas
[pipeline] filtrado para hospital_id='BPSP' — 1,518,538 linhas
[pipeline] 28,599 atendimentos únicos encontrados
[pipeline] usando vocabulário pré-compartilhado — 38 tokens
[pipeline] construindo tensores para 28,599 sequências...
[pipeline] tensores: 2,859/28,599 (10%)
[pipeline] tensores: 5,718/28,599 (20%)
[pipeline] tensores: 8,577/28,599 (30%)
[pipeline] tensores: 11,436/28,599 (40%)
[pipeline] tensores: 14,295/28,599 (50%)
[pipeline] tensores: 17,154/28,599 (60%)
[pipeline] tensores: 20,013/28,599 (70%)
[pipeline] tensores: 22,872/28,599 (80%)
[pipeline] tensores: 25,731/28,599 (90%)
[pipeline] tensores: 28,590/28,599 (100%)
[pipeline] tensores prontos em 3.6s
[pipeline] concluído em 11.0s total — 28,599 pacientes | dist={0: 15892, 1: 318, 2: 120, 3: 9448, 4: 2821} | demográficos: age_mean=0.51 sex_M=13664/28599
[92mINFO [0m:      
[92mINFO [0m:      
[92mINFO [0m:      [RUN 10968871761967593261, ROUND 30]
[92mINFO [0m:      Sending: evaluate message (ID: c3061180780462c778ea4efbd011a015588a2fe8acea942a0568d6262e67294a)
[92mINFO [0m:      Sent successfully
[92mINFO [0m:      
[92mINFO [0m:      [RUN 10968871761967593261, ROUND 31]
[92mINFO [0m:      Receiving: train message (ID: b2b9bd2f31adf25075016b17388a747f2c5285d89e37c55dd4a07418bde9eab4)
[92mINFO [0m:      Received successfully
[92mINFO [0m:      Start `flwr-clientapp` process
[pipeline] conectando ao banco: postgresql://mosaicfl:senhaForte@localhost:5432/mo...
[pipeline] conexão OK
[pipeline] executando query (max_seq_len=128 — pode levar alguns minutos)...
[pipeline] query concluída em 7.1s — 1,518,538 linhas
[pipeline] filtrado para hospital_id='BPSP' — 1,518,538 linhas
[pipeline] 28,599 atendimentos únicos encontrados
[pipeline] usando vocabulário pré-compartilhado — 38 tokens
[pipeline] construindo tensores para 28,599 sequências...
[pipeline] tensores: 2,859/28,599 (10%)
[pipeline] tensores: 5,718/28,599 (20%)
[pipeline] tensores: 8,577/28,599 (30%)
[pipeline] tensores: 11,436/28,599 (40%)
[pipeline] tensores: 14,295/28,599 (50%)
[pipeline] tensores: 17,154/28,599 (60%)
[pipeline] tensores: 20,013/28,599 (70%)
[pipeline] tensores: 22,872/28,599 (80%)
[pipeline] tensores: 25,731/28,599 (90%)
[pipeline] tensores: 28,590/28,599 (100%)
[pipeline] tensores prontos em 3.6s
[pipeline] concluído em 11.1s total — 28,599 pacientes | dist={0: 15892, 1: 318, 2: 120, 3: 9448, 4: 2821} | demográficos: age_mean=0.51 sex_M=13664/28599
[92mINFO [0m:      
[92mINFO [0m:      
[92mINFO [0m:      [RUN 10968871761967593261, ROUND 31]
[92mINFO [0m:      Sending: train message (ID: e4c6a30b7d1d15d3d6f366b531e5f65a5025011c4b4903f24627439f4209c520)
[92mINFO [0m:      Sent successfully
[92mINFO [0m:      
[92mINFO [0m:      [RUN 10968871761967593261, ROUND 31]
[92mINFO [0m:      Receiving: evaluate message (ID: 7409262a47e54b68a4cfdf2cc0714105b032603a42dcd04e1fdbc36447d2cc51)
[92mINFO [0m:      Received successfully
[92mINFO [0m:      Start `flwr-clientapp` process
[pipeline] conectando ao banco: postgresql://mosaicfl:senhaForte@localhost:5432/mo...
[pipeline] conexão OK
[pipeline] executando query (max_seq_len=128 — pode levar alguns minutos)...
[pipeline] query concluída em 7.1s — 1,518,538 linhas
[pipeline] filtrado para hospital_id='BPSP' — 1,518,538 linhas
[pipeline] 28,599 atendimentos únicos encontrados
[pipeline] usando vocabulário pré-compartilhado — 38 tokens
[pipeline] construindo tensores para 28,599 sequências...
[pipeline] tensores: 2,859/28,599 (10%)
[pipeline] tensores: 5,718/28,599 (20%)
[pipeline] tensores: 8,577/28,599 (30%)
[pipeline] tensores: 11,436/28,599 (40%)
[pipeline] tensores: 14,295/28,599 (50%)
[pipeline] tensores: 17,154/28,599 (60%)
[pipeline] tensores: 20,013/28,599 (70%)
[pipeline] tensores: 22,872/28,599 (80%)
[pipeline] tensores: 25,731/28,599 (90%)
[pipeline] tensores: 28,590/28,599 (100%)
[pipeline] tensores prontos em 3.5s
[pipeline] concluído em 11.0s total — 28,599 pacientes | dist={0: 15892, 1: 318, 2: 120, 3: 9448, 4: 2821} | demográficos: age_mean=0.51 sex_M=13664/28599
[92mINFO [0m:      
[92mINFO [0m:      [RUN 10968871761967593261, ROUND 31]
[92mINFO [0m:      Sending: evaluate message (ID: 2ed0ed6647d319cf0b0f707274652407da66343470b06366688cae2cbaf75cdc)
[92mINFO [0m:      
[92mINFO [0m:      Sent successfully
[92mINFO [0m:      
[92mINFO [0m:      [RUN 10968871761967593261, ROUND 32]
[92mINFO [0m:      Receiving: train message (ID: 7466c4b8274138a46adf425b13a87169ccab6f3be264165bf1bd833c6d8754e8)
[92mINFO [0m:      Received successfully
[92mINFO [0m:      Start `flwr-clientapp` process
[pipeline] conectando ao banco: postgresql://mosaicfl:senhaForte@localhost:5432/mo...
[pipeline] conexão OK
[pipeline] executando query (max_seq_len=128 — pode levar alguns minutos)...
[pipeline] query concluída em 7.1s — 1,518,538 linhas
[pipeline] filtrado para hospital_id='BPSP' — 1,518,538 linhas
[pipeline] 28,599 atendimentos únicos encontrados
[pipeline] usando vocabulário pré-compartilhado — 38 tokens
[pipeline] construindo tensores para 28,599 sequências...
[pipeline] tensores: 2,859/28,599 (10%)
[pipeline] tensores: 5,718/28,599 (20%)
[pipeline] tensores: 8,577/28,599 (30%)
[pipeline] tensores: 11,436/28,599 (40%)
[pipeline] tensores: 14,295/28,599 (50%)
[pipeline] tensores: 17,154/28,599 (60%)
[pipeline] tensores: 20,013/28,599 (70%)
[pipeline] tensores: 22,872/28,599 (80%)
[pipeline] tensores: 25,731/28,599 (90%)
[pipeline] tensores: 28,590/28,599 (100%)
[pipeline] tensores prontos em 3.6s
[pipeline] concluído em 11.0s total — 28,599 pacientes | dist={0: 15892, 1: 318, 2: 120, 3: 9448, 4: 2821} | demográficos: age_mean=0.51 sex_M=13664/28599
[92mINFO [0m:      
[92mINFO [0m:      
[92mINFO [0m:      [RUN 10968871761967593261, ROUND 32]
[92mINFO [0m:      Sending: train message (ID: 9185e1829d733e72a5a2a9c1ae534f39d9d4612dbb2b0a080f68aec0391409a3)
[92mINFO [0m:      Sent successfully
[92mINFO [0m:      
[92mINFO [0m:      [RUN 10968871761967593261, ROUND 32]
[92mINFO [0m:      Receiving: evaluate message (ID: 17e88e54d3edaa047cb7b976fac5100511cdb817962d20067874620b125745bd)
[92mINFO [0m:      Received successfully
[92mINFO [0m:      Start `flwr-clientapp` process
[pipeline] conectando ao banco: postgresql://mosaicfl:senhaForte@localhost:5432/mo...
[pipeline] conexão OK
[pipeline] executando query (max_seq_len=128 — pode levar alguns minutos)...
[pipeline] query concluída em 7.1s — 1,518,538 linhas
[pipeline] filtrado para hospital_id='BPSP' — 1,518,538 linhas
[pipeline] 28,599 atendimentos únicos encontrados
[pipeline] usando vocabulário pré-compartilhado — 38 tokens
[pipeline] construindo tensores para 28,599 sequências...
[pipeline] tensores: 2,859/28,599 (10%)
[pipeline] tensores: 5,718/28,599 (20%)
[pipeline] tensores: 8,577/28,599 (30%)
[pipeline] tensores: 11,436/28,599 (40%)
[pipeline] tensores: 14,295/28,599 (50%)
[pipeline] tensores: 17,154/28,599 (60%)
[pipeline] tensores: 20,013/28,599 (70%)
[pipeline] tensores: 22,872/28,599 (80%)
[pipeline] tensores: 25,731/28,599 (90%)
[pipeline] tensores: 28,590/28,599 (100%)
[pipeline] tensores prontos em 3.6s
[pipeline] concluído em 11.0s total — 28,599 pacientes | dist={0: 15892, 1: 318, 2: 120, 3: 9448, 4: 2821} | demográficos: age_mean=0.51 sex_M=13664/28599
[92mINFO [0m:      
[92mINFO [0m:      
[92mINFO [0m:      [RUN 10968871761967593261, ROUND 32]
[92mINFO [0m:      Sending: evaluate message (ID: d22e246e93eedfb74f8f24348ef56f88b230ba9b411ec8a409b3e59ef2b2dd2d)
[92mINFO [0m:      Sent successfully
[92mINFO [0m:      
[92mINFO [0m:      [RUN 10968871761967593261, ROUND 33]
[92mINFO [0m:      Receiving: train message (ID: 05d850f586524e8a215ae8c84ff8b37c1aab0309e380d222bb34537b18459473)
[92mINFO [0m:      Received successfully
[92mINFO [0m:      Start `flwr-clientapp` process
[pipeline] conectando ao banco: postgresql://mosaicfl:senhaForte@localhost:5432/mo...
[pipeline] conexão OK
[pipeline] executando query (max_seq_len=128 — pode levar alguns minutos)...
[pipeline] query concluída em 7.1s — 1,518,538 linhas
[pipeline] filtrado para hospital_id='BPSP' — 1,518,538 linhas
[pipeline] 28,599 atendimentos únicos encontrados
[pipeline] usando vocabulário pré-compartilhado — 38 tokens
[pipeline] construindo tensores para 28,599 sequências...
[pipeline] tensores: 2,859/28,599 (10%)
[pipeline] tensores: 5,718/28,599 (20%)
[pipeline] tensores: 8,577/28,599 (30%)
[pipeline] tensores: 11,436/28,599 (40%)
[pipeline] tensores: 14,295/28,599 (50%)
[pipeline] tensores: 17,154/28,599 (60%)
[pipeline] tensores: 20,013/28,599 (70%)
[pipeline] tensores: 22,872/28,599 (80%)
[pipeline] tensores: 25,731/28,599 (90%)
[pipeline] tensores: 28,590/28,599 (100%)
[pipeline] tensores prontos em 3.6s
[pipeline] concluído em 11.1s total — 28,599 pacientes | dist={0: 15892, 1: 318, 2: 120, 3: 9448, 4: 2821} | demográficos: age_mean=0.51 sex_M=13664/28599
[92mINFO [0m:      
[92mINFO [0m:      [RUN 10968871761967593261, ROUND 33]
[92mINFO [0m:      Sending: train message (ID: 254ec0dd31ed480eccc3df895ebd1c3efd137a437490eab1bc21d87391110e05)
[92mINFO [0m:      
[92mINFO [0m:      Sent successfully
[92mINFO [0m:      
[92mINFO [0m:      [RUN 10968871761967593261, ROUND 33]
[92mINFO [0m:      Receiving: evaluate message (ID: 1e9edfbfa3d8398281db4695cb2179e19337006c38b7f1d4a0adac2573704f8d)
[92mINFO [0m:      Received successfully
[92mINFO [0m:      Start `flwr-clientapp` process
[pipeline] conectando ao banco: postgresql://mosaicfl:senhaForte@localhost:5432/mo...
[pipeline] conexão OK
[pipeline] executando query (max_seq_len=128 — pode levar alguns minutos)...
[pipeline] query concluída em 7.1s — 1,518,538 linhas
[pipeline] filtrado para hospital_id='BPSP' — 1,518,538 linhas
[pipeline] 28,599 atendimentos únicos encontrados
[pipeline] usando vocabulário pré-compartilhado — 38 tokens
[pipeline] construindo tensores para 28,599 sequências...
[pipeline] tensores: 2,859/28,599 (10%)
[pipeline] tensores: 5,718/28,599 (20%)
[pipeline] tensores: 8,577/28,599 (30%)
[pipeline] tensores: 11,436/28,599 (40%)
[pipeline] tensores: 14,295/28,599 (50%)
[pipeline] tensores: 17,154/28,599 (60%)
[pipeline] tensores: 20,013/28,599 (70%)
[pipeline] tensores: 22,872/28,599 (80%)
[pipeline] tensores: 25,731/28,599 (90%)
[pipeline] tensores: 28,590/28,599 (100%)
[pipeline] tensores prontos em 3.6s
[pipeline] concluído em 11.1s total — 28,599 pacientes | dist={0: 15892, 1: 318, 2: 120, 3: 9448, 4: 2821} | demográficos: age_mean=0.51 sex_M=13664/28599
[92mINFO [0m:      
[92mINFO [0m:      
[92mINFO [0m:      [RUN 10968871761967593261, ROUND 33]
[92mINFO [0m:      Sending: evaluate message (ID: 32074d58d1277c438c570dffc17c0a8eab4bdb4f142a40771972d36d113f4cab)
[92mINFO [0m:      Sent successfully
[92mINFO [0m:      
[92mINFO [0m:      [RUN 10968871761967593261, ROUND 34]
[92mINFO [0m:      Receiving: train message (ID: 688deaad5592e9111555a23f6940b530ee53528cdfa790172979d074a5e96f78)
[92mINFO [0m:      Received successfully
[92mINFO [0m:      Start `flwr-clientapp` process
[pipeline] conectando ao banco: postgresql://mosaicfl:senhaForte@localhost:5432/mo...
[pipeline] conexão OK
[pipeline] executando query (max_seq_len=128 — pode levar alguns minutos)...
[pipeline] query concluída em 7.1s — 1,518,538 linhas
[pipeline] filtrado para hospital_id='BPSP' — 1,518,538 linhas
[pipeline] 28,599 atendimentos únicos encontrados
[pipeline] usando vocabulário pré-compartilhado — 38 tokens
[pipeline] construindo tensores para 28,599 sequências...
[pipeline] tensores: 2,859/28,599 (10%)
[pipeline] tensores: 5,718/28,599 (20%)
[pipeline] tensores: 8,577/28,599 (30%)
[pipeline] tensores: 11,436/28,599 (40%)
[pipeline] tensores: 14,295/28,599 (50%)
[pipeline] tensores: 17,154/28,599 (60%)
[pipeline] tensores: 20,013/28,599 (70%)
[pipeline] tensores: 22,872/28,599 (80%)
[pipeline] tensores: 25,731/28,599 (90%)
[pipeline] tensores: 28,590/28,599 (100%)
[pipeline] tensores prontos em 3.6s
[pipeline] concluído em 11.0s total — 28,599 pacientes | dist={0: 15892, 1: 318, 2: 120, 3: 9448, 4: 2821} | demográficos: age_mean=0.51 sex_M=13664/28599
[92mINFO [0m:      
[92mINFO [0m:      
[92mINFO [0m:      [RUN 10968871761967593261, ROUND 34]
[92mINFO [0m:      Sending: train message (ID: 32f39ce7209aa0b551f3686a94bd389ae76f164a5464477d9a031e86caf05092)
[92mINFO [0m:      Sent successfully
[92mINFO [0m:      
[92mINFO [0m:      [RUN 10968871761967593261, ROUND 34]
[92mINFO [0m:      Receiving: evaluate message (ID: dd151f5f360db9501acb752b20cc74847961c949fdbdfab252588feed8af73e8)
[92mINFO [0m:      Received successfully
[92mINFO [0m:      Start `flwr-clientapp` process
[pipeline] conectando ao banco: postgresql://mosaicfl:senhaForte@localhost:5432/mo...
[pipeline] conexão OK
[pipeline] executando query (max_seq_len=128 — pode levar alguns minutos)...
[pipeline] query concluída em 7.1s — 1,518,538 linhas
[pipeline] filtrado para hospital_id='BPSP' — 1,518,538 linhas
[pipeline] 28,599 atendimentos únicos encontrados
[pipeline] usando vocabulário pré-compartilhado — 38 tokens
[pipeline] construindo tensores para 28,599 sequências...
[pipeline] tensores: 2,859/28,599 (10%)
[pipeline] tensores: 5,718/28,599 (20%)
[pipeline] tensores: 8,577/28,599 (30%)
[pipeline] tensores: 11,436/28,599 (40%)
[pipeline] tensores: 14,295/28,599 (50%)
[pipeline] tensores: 17,154/28,599 (60%)
[pipeline] tensores: 20,013/28,599 (70%)
[pipeline] tensores: 22,872/28,599 (80%)
[pipeline] tensores: 25,731/28,599 (90%)
[pipeline] tensores: 28,590/28,599 (100%)
[pipeline] tensores prontos em 3.7s
[pipeline] concluído em 11.2s total — 28,599 pacientes | dist={0: 15892, 1: 318, 2: 120, 3: 9448, 4: 2821} | demográficos: age_mean=0.51 sex_M=13664/28599
[92mINFO [0m:      
[92mINFO [0m:      
[92mINFO [0m:      [RUN 10968871761967593261, ROUND 34]
[92mINFO [0m:      Sending: evaluate message (ID: 7b45c9d1926729c64fb21b82101cad547debcb1c65ed84e70f62284c30fd69c6)
[92mINFO [0m:      Sent successfully
[92mINFO [0m:      
[92mINFO [0m:      [RUN 10968871761967593261, ROUND 35]
[92mINFO [0m:      Receiving: train message (ID: 1f5ed9f6769b4acb677b661c36df7041e93d5ee67294806552ad322069479286)
[92mINFO [0m:      Received successfully
[92mINFO [0m:      Start `flwr-clientapp` process
[pipeline] conectando ao banco: postgresql://mosaicfl:senhaForte@localhost:5432/mo...
[pipeline] conexão OK
[pipeline] executando query (max_seq_len=128 — pode levar alguns minutos)...
[pipeline] query concluída em 7.2s — 1,518,538 linhas
[pipeline] filtrado para hospital_id='BPSP' — 1,518,538 linhas
[pipeline] 28,599 atendimentos únicos encontrados
[pipeline] usando vocabulário pré-compartilhado — 38 tokens
[pipeline] construindo tensores para 28,599 sequências...
[pipeline] tensores: 2,859/28,599 (10%)
[pipeline] tensores: 5,718/28,599 (20%)
[pipeline] tensores: 8,577/28,599 (30%)
[pipeline] tensores: 11,436/28,599 (40%)
[pipeline] tensores: 14,295/28,599 (50%)
[pipeline] tensores: 17,154/28,599 (60%)
[pipeline] tensores: 20,013/28,599 (70%)
[pipeline] tensores: 22,872/28,599 (80%)
[pipeline] tensores: 25,731/28,599 (90%)
[pipeline] tensores: 28,590/28,599 (100%)
[pipeline] tensores prontos em 3.6s
[pipeline] concluído em 11.1s total — 28,599 pacientes | dist={0: 15892, 1: 318, 2: 120, 3: 9448, 4: 2821} | demográficos: age_mean=0.51 sex_M=13664/28599
[92mINFO [0m:      
[92mINFO [0m:      
[92mINFO [0m:      [RUN 10968871761967593261, ROUND 35]
[92mINFO [0m:      Sending: train message (ID: 9e89e043c26536a58c903c855b2f3eba02c461910683442cf936a58145792981)
[92mINFO [0m:      Sent successfully
[92mINFO [0m:      
[92mINFO [0m:      [RUN 10968871761967593261, ROUND 35]
[92mINFO [0m:      Receiving: evaluate message (ID: bdceed01823cc4b1e4c2221c7dd92387bc23e7bcbebd0fac54ca1123b0585542)
[92mINFO [0m:      Received successfully
[92mINFO [0m:      Start `flwr-clientapp` process
[pipeline] conectando ao banco: postgresql://mosaicfl:senhaForte@localhost:5432/mo...
[pipeline] conexão OK
[pipeline] executando query (max_seq_len=128 — pode levar alguns minutos)...
[pipeline] query concluída em 7.1s — 1,518,538 linhas
[pipeline] filtrado para hospital_id='BPSP' — 1,518,538 linhas
[pipeline] 28,599 atendimentos únicos encontrados
[pipeline] usando vocabulário pré-compartilhado — 38 tokens
[pipeline] construindo tensores para 28,599 sequências...
[pipeline] tensores: 2,859/28,599 (10%)
[pipeline] tensores: 5,718/28,599 (20%)
[pipeline] tensores: 8,577/28,599 (30%)
[pipeline] tensores: 11,436/28,599 (40%)
[pipeline] tensores: 14,295/28,599 (50%)
[pipeline] tensores: 17,154/28,599 (60%)
[pipeline] tensores: 20,013/28,599 (70%)
[pipeline] tensores: 22,872/28,599 (80%)
[pipeline] tensores: 25,731/28,599 (90%)
[pipeline] tensores: 28,590/28,599 (100%)
[pipeline] tensores prontos em 3.6s
[pipeline] concluído em 11.1s total — 28,599 pacientes | dist={0: 15892, 1: 318, 2: 120, 3: 9448, 4: 2821} | demográficos: age_mean=0.51 sex_M=13664/28599
[92mINFO [0m:      
[92mINFO [0m:      
[92mINFO [0m:      [RUN 10968871761967593261, ROUND 35]
[92mINFO [0m:      Sending: evaluate message (ID: 9ee94a37cb56f765d0b43e93cde445464338de296c5cda9990784f1cd276216c)
[92mINFO [0m:      Sent successfully
[92mINFO [0m:      
[92mINFO [0m:      [RUN 10968871761967593261, ROUND 36]
[92mINFO [0m:      Receiving: train message (ID: 0377f3bd770c3c053d078953732f5a028ee05bf00eebc70a6fcf73857bad0e60)
[92mINFO [0m:      Received successfully
[92mINFO [0m:      Start `flwr-clientapp` process
[pipeline] conectando ao banco: postgresql://mosaicfl:senhaForte@localhost:5432/mo...
[pipeline] conexão OK
[pipeline] executando query (max_seq_len=128 — pode levar alguns minutos)...
[pipeline] query concluída em 7.1s — 1,518,538 linhas
[pipeline] filtrado para hospital_id='BPSP' — 1,518,538 linhas
[pipeline] 28,599 atendimentos únicos encontrados
[pipeline] usando vocabulário pré-compartilhado — 38 tokens
[pipeline] construindo tensores para 28,599 sequências...
[pipeline] tensores: 2,859/28,599 (10%)
[pipeline] tensores: 5,718/28,599 (20%)
[pipeline] tensores: 8,577/28,599 (30%)
[pipeline] tensores: 11,436/28,599 (40%)
[pipeline] tensores: 14,295/28,599 (50%)
[pipeline] tensores: 17,154/28,599 (60%)
[pipeline] tensores: 20,013/28,599 (70%)
[pipeline] tensores: 22,872/28,599 (80%)
[pipeline] tensores: 25,731/28,599 (90%)
[pipeline] tensores: 28,590/28,599 (100%)
[pipeline] tensores prontos em 3.6s
[pipeline] concluído em 11.1s total — 28,599 pacientes | dist={0: 15892, 1: 318, 2: 120, 3: 9448, 4: 2821} | demográficos: age_mean=0.51 sex_M=13664/28599
[92mINFO [0m:      
[92mINFO [0m:      
[92mINFO [0m:      [RUN 10968871761967593261, ROUND 36]
[92mINFO [0m:      Sending: train message (ID: a1c6e879547ad2384cbc73da0696b1ad138e52fdfed71e16daf101f851037746)
[92mINFO [0m:      Sent successfully
[92mINFO [0m:      
[92mINFO [0m:      [RUN 10968871761967593261, ROUND 36]
[92mINFO [0m:      Receiving: evaluate message (ID: ba4e6868a0523a83d0c04d9cd72943dc3c94ca6a4b778449ed806c5130d99dfd)
[92mINFO [0m:      Received successfully
[92mINFO [0m:      Start `flwr-clientapp` process
[pipeline] conectando ao banco: postgresql://mosaicfl:senhaForte@localhost:5432/mo...
[pipeline] conexão OK
[pipeline] executando query (max_seq_len=128 — pode levar alguns minutos)...
[pipeline] query concluída em 7.1s — 1,518,538 linhas
[pipeline] filtrado para hospital_id='BPSP' — 1,518,538 linhas
[pipeline] 28,599 atendimentos únicos encontrados
[pipeline] usando vocabulário pré-compartilhado — 38 tokens
[pipeline] construindo tensores para 28,599 sequências...
[pipeline] tensores: 2,859/28,599 (10%)
[pipeline] tensores: 5,718/28,599 (20%)
[pipeline] tensores: 8,577/28,599 (30%)
[pipeline] tensores: 11,436/28,599 (40%)
[pipeline] tensores: 14,295/28,599 (50%)
[pipeline] tensores: 17,154/28,599 (60%)
[pipeline] tensores: 20,013/28,599 (70%)
[pipeline] tensores: 22,872/28,599 (80%)
[pipeline] tensores: 25,731/28,599 (90%)
[pipeline] tensores: 28,590/28,599 (100%)
[pipeline] tensores prontos em 3.5s
[pipeline] concluído em 10.9s total — 28,599 pacientes | dist={0: 15892, 1: 318, 2: 120, 3: 9448, 4: 2821} | demográficos: age_mean=0.51 sex_M=13664/28599
[92mINFO [0m:      
[92mINFO [0m:      
[92mINFO [0m:      [RUN 10968871761967593261, ROUND 36]
[92mINFO [0m:      Sending: evaluate message (ID: 60ef6656b638db62f93a0805bfc5fe9fe27352494a622d2cc6cfcff3ed1a8458)
[92mINFO [0m:      Sent successfully
[92mINFO [0m:      
[92mINFO [0m:      [RUN 10968871761967593261, ROUND 37]
[92mINFO [0m:      Receiving: train message (ID: d616447bb40d71ddd61bd56d50528909b9f6f6c23bdd54962f07f7d8e84d2e96)
[92mINFO [0m:      Received successfully
[92mINFO [0m:      Start `flwr-clientapp` process
[pipeline] conectando ao banco: postgresql://mosaicfl:senhaForte@localhost:5432/mo...
[pipeline] conexão OK
[pipeline] executando query (max_seq_len=128 — pode levar alguns minutos)...
[pipeline] query concluída em 7.1s — 1,518,538 linhas
[pipeline] filtrado para hospital_id='BPSP' — 1,518,538 linhas
[pipeline] 28,599 atendimentos únicos encontrados
[pipeline] usando vocabulário pré-compartilhado — 38 tokens
[pipeline] construindo tensores para 28,599 sequências...
[pipeline] tensores: 2,859/28,599 (10%)
[pipeline] tensores: 5,718/28,599 (20%)
[pipeline] tensores: 8,577/28,599 (30%)
[pipeline] tensores: 11,436/28,599 (40%)
[pipeline] tensores: 14,295/28,599 (50%)
[pipeline] tensores: 17,154/28,599 (60%)
[pipeline] tensores: 20,013/28,599 (70%)
[pipeline] tensores: 22,872/28,599 (80%)
[pipeline] tensores: 25,731/28,599 (90%)
[pipeline] tensores: 28,590/28,599 (100%)
[pipeline] tensores prontos em 3.6s
[pipeline] concluído em 11.1s total — 28,599 pacientes | dist={0: 15892, 1: 318, 2: 120, 3: 9448, 4: 2821} | demográficos: age_mean=0.51 sex_M=13664/28599
[92mINFO [0m:      
[92mINFO [0m:      
[92mINFO [0m:      [RUN 10968871761967593261, ROUND 37]
[92mINFO [0m:      Sending: train message (ID: 6cdda8528df6566fb219496722e5eac54e31b5931be02fc0ded2aa43174115a5)
[92mINFO [0m:      Sent successfully
[92mINFO [0m:      
[92mINFO [0m:      [RUN 10968871761967593261, ROUND 37]
[92mINFO [0m:      Receiving: evaluate message (ID: 37d654bc0071b529c55b8245cf8a6a4486d295cfba8f6a9666fb5be464a57502)
[92mINFO [0m:      Received successfully
[92mINFO [0m:      Start `flwr-clientapp` process
[pipeline] conectando ao banco: postgresql://mosaicfl:senhaForte@localhost:5432/mo...
[pipeline] conexão OK
[pipeline] executando query (max_seq_len=128 — pode levar alguns minutos)...
[pipeline] query concluída em 7.1s — 1,518,538 linhas
[pipeline] filtrado para hospital_id='BPSP' — 1,518,538 linhas
[pipeline] 28,599 atendimentos únicos encontrados
[pipeline] usando vocabulário pré-compartilhado — 38 tokens
[pipeline] construindo tensores para 28,599 sequências...
[pipeline] tensores: 2,859/28,599 (10%)
[pipeline] tensores: 5,718/28,599 (20%)
[pipeline] tensores: 8,577/28,599 (30%)
[pipeline] tensores: 11,436/28,599 (40%)
[pipeline] tensores: 14,295/28,599 (50%)
[pipeline] tensores: 17,154/28,599 (60%)
[pipeline] tensores: 20,013/28,599 (70%)
[pipeline] tensores: 22,872/28,599 (80%)
[pipeline] tensores: 25,731/28,599 (90%)
[pipeline] tensores: 28,590/28,599 (100%)
[pipeline] tensores prontos em 3.6s
[pipeline] concluído em 11.1s total — 28,599 pacientes | dist={0: 15892, 1: 318, 2: 120, 3: 9448, 4: 2821} | demográficos: age_mean=0.51 sex_M=13664/28599
[92mINFO [0m:      
[92mINFO [0m:      
[92mINFO [0m:      [RUN 10968871761967593261, ROUND 37]
[92mINFO [0m:      Sending: evaluate message (ID: c641b90e0af421fc98418c2524519c686e425bb1830c1fb7c76dba06cef63a2c)
[92mINFO [0m:      Sent successfully
[92mINFO [0m:      
[92mINFO [0m:      [RUN 10968871761967593261, ROUND 38]
[92mINFO [0m:      Receiving: train message (ID: 7c845c2fd0a36878e6e33ddcd6f4cf8caa0f55bb23c3f0723ce460dbff86cb8d)
[92mINFO [0m:      Received successfully
[92mINFO [0m:      Start `flwr-clientapp` process
[pipeline] conectando ao banco: postgresql://mosaicfl:senhaForte@localhost:5432/mo...
[pipeline] conexão OK
[pipeline] executando query (max_seq_len=128 — pode levar alguns minutos)...
[pipeline] query concluída em 7.2s — 1,518,538 linhas
[pipeline] filtrado para hospital_id='BPSP' — 1,518,538 linhas
[pipeline] 28,599 atendimentos únicos encontrados
[pipeline] usando vocabulário pré-compartilhado — 38 tokens
[pipeline] construindo tensores para 28,599 sequências...
[pipeline] tensores: 2,859/28,599 (10%)
[pipeline] tensores: 5,718/28,599 (20%)
[pipeline] tensores: 8,577/28,599 (30%)
[pipeline] tensores: 11,436/28,599 (40%)
[pipeline] tensores: 14,295/28,599 (50%)
[pipeline] tensores: 17,154/28,599 (60%)
[pipeline] tensores: 20,013/28,599 (70%)
[pipeline] tensores: 22,872/28,599 (80%)
[pipeline] tensores: 25,731/28,599 (90%)
[pipeline] tensores: 28,590/28,599 (100%)
[pipeline] tensores prontos em 3.6s
[pipeline] concluído em 11.2s total — 28,599 pacientes | dist={0: 15892, 1: 318, 2: 120, 3: 9448, 4: 2821} | demográficos: age_mean=0.51 sex_M=13664/28599
[92mINFO [0m:      
[92mINFO [0m:      
[92mINFO [0m:      [RUN 10968871761967593261, ROUND 38]
[92mINFO [0m:      Sending: train message (ID: 458f1289d8b90d025803c4f9a3e1e5d110a04f46e7b2833efac2d1eb819bedd5)
[92mINFO [0m:      Sent successfully
[92mINFO [0m:      
[92mINFO [0m:      [RUN 10968871761967593261, ROUND 38]
[92mINFO [0m:      Receiving: evaluate message (ID: d63b6b81ee1ab48d4c75753b65e6b7b13c5efd34d06fa26495290d88e8b0ba4c)
[92mINFO [0m:      Received successfully
[92mINFO [0m:      Start `flwr-clientapp` process
[pipeline] conectando ao banco: postgresql://mosaicfl:senhaForte@localhost:5432/mo...
[pipeline] conexão OK
[pipeline] executando query (max_seq_len=128 — pode levar alguns minutos)...
[pipeline] query concluída em 7.1s — 1,518,538 linhas
[pipeline] filtrado para hospital_id='BPSP' — 1,518,538 linhas
[pipeline] 28,599 atendimentos únicos encontrados
[pipeline] usando vocabulário pré-compartilhado — 38 tokens
[pipeline] construindo tensores para 28,599 sequências...
[pipeline] tensores: 2,859/28,599 (10%)
[pipeline] tensores: 5,718/28,599 (20%)
[pipeline] tensores: 8,577/28,599 (30%)
[pipeline] tensores: 11,436/28,599 (40%)
[pipeline] tensores: 14,295/28,599 (50%)
[pipeline] tensores: 17,154/28,599 (60%)
[pipeline] tensores: 20,013/28,599 (70%)
[pipeline] tensores: 22,872/28,599 (80%)
[pipeline] tensores: 25,731/28,599 (90%)
[pipeline] tensores: 28,590/28,599 (100%)
[pipeline] tensores prontos em 3.7s
[pipeline] concluído em 11.2s total — 28,599 pacientes | dist={0: 15892, 1: 318, 2: 120, 3: 9448, 4: 2821} | demográficos: age_mean=0.51 sex_M=13664/28599
[92mINFO [0m:      
[92mINFO [0m:      
[92mINFO [0m:      [RUN 10968871761967593261, ROUND 38]
[92mINFO [0m:      Sending: evaluate message (ID: eef462a667fd606b4485999470f4ace59aa1ef565c2c12f22b87d44c7965393c)
[92mINFO [0m:      Sent successfully
[92mINFO [0m:      
[92mINFO [0m:      [RUN 10968871761967593261, ROUND 39]
[92mINFO [0m:      Receiving: train message (ID: 1ca174da7f4311a946182220600396359616ffbe00e5f14ce91c30f7bc5a29d0)
[92mINFO [0m:      Received successfully
[92mINFO [0m:      Start `flwr-clientapp` process
[pipeline] conectando ao banco: postgresql://mosaicfl:senhaForte@localhost:5432/mo...
[pipeline] conexão OK
[pipeline] executando query (max_seq_len=128 — pode levar alguns minutos)...
[pipeline] query concluída em 7.2s — 1,518,538 linhas
[pipeline] filtrado para hospital_id='BPSP' — 1,518,538 linhas
[pipeline] 28,599 atendimentos únicos encontrados
[pipeline] usando vocabulário pré-compartilhado — 38 tokens
[pipeline] construindo tensores para 28,599 sequências...
[pipeline] tensores: 2,859/28,599 (10%)
[pipeline] tensores: 5,718/28,599 (20%)
[pipeline] tensores: 8,577/28,599 (30%)
[pipeline] tensores: 11,436/28,599 (40%)
[pipeline] tensores: 14,295/28,599 (50%)
[pipeline] tensores: 17,154/28,599 (60%)
[pipeline] tensores: 20,013/28,599 (70%)
[pipeline] tensores: 22,872/28,599 (80%)
[pipeline] tensores: 25,731/28,599 (90%)
[pipeline] tensores: 28,590/28,599 (100%)
[pipeline] tensores prontos em 3.6s
[pipeline] concluído em 11.1s total — 28,599 pacientes | dist={0: 15892, 1: 318, 2: 120, 3: 9448, 4: 2821} | demográficos: age_mean=0.51 sex_M=13664/28599
[92mINFO [0m:      
[92mINFO [0m:      
[92mINFO [0m:      [RUN 10968871761967593261, ROUND 39]
[92mINFO [0m:      Sending: train message (ID: 116b97c928c020a2d197246b42ff8f8ca7b074a66ae2e48273362b5b34acffe5)
[92mINFO [0m:      Sent successfully
[92mINFO [0m:      
[92mINFO [0m:      [RUN 10968871761967593261, ROUND 39]
[92mINFO [0m:      Receiving: evaluate message (ID: 800abe8fbe0863e64d07a664296e5e7b1ee7751dbb98578b91b837ba0c9889be)
[92mINFO [0m:      Received successfully
[92mINFO [0m:      Start `flwr-clientapp` process
[pipeline] conectando ao banco: postgresql://mosaicfl:senhaForte@localhost:5432/mo...
[pipeline] conexão OK
[pipeline] executando query (max_seq_len=128 — pode levar alguns minutos)...
[pipeline] query concluída em 7.2s — 1,518,538 linhas
[pipeline] filtrado para hospital_id='BPSP' — 1,518,538 linhas
[pipeline] 28,599 atendimentos únicos encontrados
[pipeline] usando vocabulário pré-compartilhado — 38 tokens
[pipeline] construindo tensores para 28,599 sequências...
[pipeline] tensores: 2,859/28,599 (10%)
[pipeline] tensores: 5,718/28,599 (20%)
[pipeline] tensores: 8,577/28,599 (30%)
[pipeline] tensores: 11,436/28,599 (40%)
[pipeline] tensores: 14,295/28,599 (50%)
[pipeline] tensores: 17,154/28,599 (60%)
[pipeline] tensores: 20,013/28,599 (70%)
[pipeline] tensores: 22,872/28,599 (80%)
[pipeline] tensores: 25,731/28,599 (90%)
[pipeline] tensores: 28,590/28,599 (100%)
[pipeline] tensores prontos em 3.6s
[pipeline] concluído em 11.2s total — 28,599 pacientes | dist={0: 15892, 1: 318, 2: 120, 3: 9448, 4: 2821} | demográficos: age_mean=0.51 sex_M=13664/28599
[92mINFO [0m:      
[92mINFO [0m:      
[92mINFO [0m:      [RUN 10968871761967593261, ROUND 39]
[92mINFO [0m:      Sending: evaluate message (ID: 6fd53aa17709f4ee227dedecf8700fbbf829c7076e2725f8659cb10fe171b503)
[92mINFO [0m:      Sent successfully
[92mINFO [0m:      
[92mINFO [0m:      [RUN 10968871761967593261, ROUND 40]
[92mINFO [0m:      Receiving: train message (ID: 66b422fab2c4cdb255278140744e3672e7e865a803a59cb61df9292aaddbbcad)
[92mINFO [0m:      Received successfully
[92mINFO [0m:      Start `flwr-clientapp` process
[pipeline] conectando ao banco: postgresql://mosaicfl:senhaForte@localhost:5432/mo...
[pipeline] conexão OK
[pipeline] executando query (max_seq_len=128 — pode levar alguns minutos)...
[pipeline] query concluída em 7.1s — 1,518,538 linhas
[pipeline] filtrado para hospital_id='BPSP' — 1,518,538 linhas
[pipeline] 28,599 atendimentos únicos encontrados
[pipeline] usando vocabulário pré-compartilhado — 38 tokens
[pipeline] construindo tensores para 28,599 sequências...
[pipeline] tensores: 2,859/28,599 (10%)
[pipeline] tensores: 5,718/28,599 (20%)
[pipeline] tensores: 8,577/28,599 (30%)
[pipeline] tensores: 11,436/28,599 (40%)
[pipeline] tensores: 14,295/28,599 (50%)
[pipeline] tensores: 17,154/28,599 (60%)
[pipeline] tensores: 20,013/28,599 (70%)
[pipeline] tensores: 22,872/28,599 (80%)
[pipeline] tensores: 25,731/28,599 (90%)
[pipeline] tensores: 28,590/28,599 (100%)
[pipeline] tensores prontos em 3.6s
[pipeline] concluído em 11.1s total — 28,599 pacientes | dist={0: 15892, 1: 318, 2: 120, 3: 9448, 4: 2821} | demográficos: age_mean=0.51 sex_M=13664/28599
[92mINFO [0m:      
[92mINFO [0m:      
[92mINFO [0m:      [RUN 10968871761967593261, ROUND 40]
[92mINFO [0m:      Sending: train message (ID: 5ba99aa65763b99d38e5985b29fc22fe4d4da7efe1a81fbaeb84a20a7f116e0b)
[92mINFO [0m:      Sent successfully
[92mINFO [0m:      
[92mINFO [0m:      [RUN 10968871761967593261, ROUND 40]
[92mINFO [0m:      Receiving: evaluate message (ID: 4347221a91b3c737805630575cc4cce77e79300f127ea9c6352eecd85ec1a00b)
[92mINFO [0m:      Received successfully
[92mINFO [0m:      Start `flwr-clientapp` process
[pipeline] conectando ao banco: postgresql://mosaicfl:senhaForte@localhost:5432/mo...
[pipeline] conexão OK
[pipeline] executando query (max_seq_len=128 — pode levar alguns minutos)...
[pipeline] query concluída em 7.2s — 1,518,538 linhas
[pipeline] filtrado para hospital_id='BPSP' — 1,518,538 linhas
[pipeline] 28,599 atendimentos únicos encontrados
[pipeline] usando vocabulário pré-compartilhado — 38 tokens
[pipeline] construindo tensores para 28,599 sequências...
[pipeline] tensores: 2,859/28,599 (10%)
[pipeline] tensores: 5,718/28,599 (20%)
[pipeline] tensores: 8,577/28,599 (30%)
[pipeline] tensores: 11,436/28,599 (40%)
[pipeline] tensores: 14,295/28,599 (50%)
[pipeline] tensores: 17,154/28,599 (60%)
[pipeline] tensores: 20,013/28,599 (70%)
[pipeline] tensores: 22,872/28,599 (80%)
[pipeline] tensores: 25,731/28,599 (90%)
[pipeline] tensores: 28,590/28,599 (100%)
[pipeline] tensores prontos em 3.7s
[pipeline] concluído em 11.3s total — 28,599 pacientes | dist={0: 15892, 1: 318, 2: 120, 3: 9448, 4: 2821} | demográficos: age_mean=0.51 sex_M=13664/28599
[92mINFO [0m:      
[92mINFO [0m:      
[92mINFO [0m:      [RUN 10968871761967593261, ROUND 40]
[92mINFO [0m:      Sending: evaluate message (ID: 57525bb211c35daf454399dda476142ec5c0691bb5c6a70a7cd043d6603613eb)
[92mINFO [0m:      Sent successfully
[92mINFO [0m:      
[92mINFO [0m:      [RUN 10968871761967593261, ROUND 41]
[92mINFO [0m:      Receiving: train message (ID: a438df81161f59909d61a52742c6926930939f12fc7aee86c5d71c7263210a6a)
[92mINFO [0m:      Start `flwr-clientapp` process
[92mINFO [0m:      Received successfully
[pipeline] conectando ao banco: postgresql://mosaicfl:senhaForte@localhost:5432/mo...
[pipeline] conexão OK
[pipeline] executando query (max_seq_len=128 — pode levar alguns minutos)...
[pipeline] query concluída em 7.2s — 1,518,538 linhas
[pipeline] filtrado para hospital_id='BPSP' — 1,518,538 linhas
[pipeline] 28,599 atendimentos únicos encontrados
[pipeline] usando vocabulário pré-compartilhado — 38 tokens
[pipeline] construindo tensores para 28,599 sequências...
[pipeline] tensores: 2,859/28,599 (10%)
[pipeline] tensores: 5,718/28,599 (20%)
[pipeline] tensores: 8,577/28,599 (30%)
[pipeline] tensores: 11,436/28,599 (40%)
[pipeline] tensores: 14,295/28,599 (50%)
[pipeline] tensores: 17,154/28,599 (60%)
[pipeline] tensores: 20,013/28,599 (70%)
[pipeline] tensores: 22,872/28,599 (80%)
[pipeline] tensores: 25,731/28,599 (90%)
[pipeline] tensores: 28,590/28,599 (100%)
[pipeline] tensores prontos em 3.7s
[pipeline] concluído em 11.2s total — 28,599 pacientes | dist={0: 15892, 1: 318, 2: 120, 3: 9448, 4: 2821} | demográficos: age_mean=0.51 sex_M=13664/28599
[92mINFO [0m:      
[92mINFO [0m:      
[92mINFO [0m:      [RUN 10968871761967593261, ROUND 41]
[92mINFO [0m:      Sending: train message (ID: c2056b50252d19b1f31e9da4021268dd23fd4a87a2716ed24a926b4673a4c9fa)
[92mINFO [0m:      Sent successfully
[92mINFO [0m:      
[92mINFO [0m:      [RUN 10968871761967593261, ROUND 41]
[92mINFO [0m:      Receiving: evaluate message (ID: 64ce4ed9fa27e12d154fa5469708dab1b4565c17bc90f245da0c0ce29dcda888)
[92mINFO [0m:      Received successfully
[92mINFO [0m:      Start `flwr-clientapp` process
[pipeline] conectando ao banco: postgresql://mosaicfl:senhaForte@localhost:5432/mo...
[pipeline] conexão OK
[pipeline] executando query (max_seq_len=128 — pode levar alguns minutos)...
[pipeline] query concluída em 7.1s — 1,518,538 linhas
[pipeline] filtrado para hospital_id='BPSP' — 1,518,538 linhas
[pipeline] 28,599 atendimentos únicos encontrados
[pipeline] usando vocabulário pré-compartilhado — 38 tokens
[pipeline] construindo tensores para 28,599 sequências...
[pipeline] tensores: 2,859/28,599 (10%)
[pipeline] tensores: 5,718/28,599 (20%)
[pipeline] tensores: 8,577/28,599 (30%)
[pipeline] tensores: 11,436/28,599 (40%)
[pipeline] tensores: 14,295/28,599 (50%)
[pipeline] tensores: 17,154/28,599 (60%)
[pipeline] tensores: 20,013/28,599 (70%)
[pipeline] tensores: 22,872/28,599 (80%)
[pipeline] tensores: 25,731/28,599 (90%)
[pipeline] tensores: 28,590/28,599 (100%)
[pipeline] tensores prontos em 3.5s
[pipeline] concluído em 11.0s total — 28,599 pacientes | dist={0: 15892, 1: 318, 2: 120, 3: 9448, 4: 2821} | demográficos: age_mean=0.51 sex_M=13664/28599
[92mINFO [0m:      
[92mINFO [0m:      
[92mINFO [0m:      [RUN 10968871761967593261, ROUND 41]
[92mINFO [0m:      Sending: evaluate message (ID: ebc77cc862ded76aa6bf377d1a1762badcb6a5ca1aa1ddf6d7f420a4a596fd63)
[92mINFO [0m:      Sent successfully
[92mINFO [0m:      
[92mINFO [0m:      [RUN 10968871761967593261, ROUND 42]
[92mINFO [0m:      Receiving: train message (ID: 4ad8e3c79208727745a1cdd35bbd44051d9fd3964cd57266b3b1154711d4153c)
[92mINFO [0m:      Received successfully
[92mINFO [0m:      Start `flwr-clientapp` process
[pipeline] conectando ao banco: postgresql://mosaicfl:senhaForte@localhost:5432/mo...
[pipeline] conexão OK
[pipeline] executando query (max_seq_len=128 — pode levar alguns minutos)...
[pipeline] query concluída em 7.1s — 1,518,538 linhas
[pipeline] filtrado para hospital_id='BPSP' — 1,518,538 linhas
[pipeline] 28,599 atendimentos únicos encontrados
[pipeline] usando vocabulário pré-compartilhado — 38 tokens
[pipeline] construindo tensores para 28,599 sequências...
[pipeline] tensores: 2,859/28,599 (10%)
[pipeline] tensores: 5,718/28,599 (20%)
[pipeline] tensores: 8,577/28,599 (30%)
[pipeline] tensores: 11,436/28,599 (40%)
[pipeline] tensores: 14,295/28,599 (50%)
[pipeline] tensores: 17,154/28,599 (60%)
[pipeline] tensores: 20,013/28,599 (70%)
[pipeline] tensores: 22,872/28,599 (80%)
[pipeline] tensores: 25,731/28,599 (90%)
[pipeline] tensores: 28,590/28,599 (100%)
[pipeline] tensores prontos em 3.6s
[pipeline] concluído em 11.0s total — 28,599 pacientes | dist={0: 15892, 1: 318, 2: 120, 3: 9448, 4: 2821} | demográficos: age_mean=0.51 sex_M=13664/28599
[92mINFO [0m:      
[92mINFO [0m:      
[92mINFO [0m:      [RUN 10968871761967593261, ROUND 42]
[92mINFO [0m:      Sending: train message (ID: 21561040387e369bf2ac503159396dc7a120645dbf9599f71edf0b6148ce27a0)
[92mINFO [0m:      Sent successfully
[92mINFO [0m:      
[92mINFO [0m:      [RUN 10968871761967593261, ROUND 42]
[92mINFO [0m:      Receiving: evaluate message (ID: a3f6cb16752350289fffc995bb20935c70d9df36cab6deef06ffdd04edf0b66c)
[92mINFO [0m:      Received successfully
[92mINFO [0m:      Start `flwr-clientapp` process
[pipeline] conectando ao banco: postgresql://mosaicfl:senhaForte@localhost:5432/mo...
[pipeline] conexão OK
[pipeline] executando query (max_seq_len=128 — pode levar alguns minutos)...
[pipeline] query concluída em 7.1s — 1,518,538 linhas
[pipeline] filtrado para hospital_id='BPSP' — 1,518,538 linhas
[pipeline] 28,599 atendimentos únicos encontrados
[pipeline] usando vocabulário pré-compartilhado — 38 tokens
[pipeline] construindo tensores para 28,599 sequências...
[pipeline] tensores: 2,859/28,599 (10%)
[pipeline] tensores: 5,718/28,599 (20%)
[pipeline] tensores: 8,577/28,599 (30%)
[pipeline] tensores: 11,436/28,599 (40%)
[pipeline] tensores: 14,295/28,599 (50%)
[pipeline] tensores: 17,154/28,599 (60%)
[pipeline] tensores: 20,013/28,599 (70%)
[pipeline] tensores: 22,872/28,599 (80%)
[pipeline] tensores: 25,731/28,599 (90%)
[pipeline] tensores: 28,590/28,599 (100%)
[pipeline] tensores prontos em 3.6s
[pipeline] concluído em 11.1s total — 28,599 pacientes | dist={0: 15892, 1: 318, 2: 120, 3: 9448, 4: 2821} | demográficos: age_mean=0.51 sex_M=13664/28599
[92mINFO [0m:      
[92mINFO [0m:      
[92mINFO [0m:      [RUN 10968871761967593261, ROUND 42]
[92mINFO [0m:      Sending: evaluate message (ID: 88721b5b879fd44c8365be004f6da1b30c85d9ea7731acc7e3816c89395b5ccd)
[92mINFO [0m:      Sent successfully
[92mINFO [0m:      
[92mINFO [0m:      [RUN 10968871761967593261, ROUND 43]
[92mINFO [0m:      Receiving: train message (ID: 68ed6f6aca952b98b9e4bb7875fbef134fc792308a97ed3ca4a89c9a53b61221)
[92mINFO [0m:      Received successfully
[92mINFO [0m:      Start `flwr-clientapp` process
[pipeline] conectando ao banco: postgresql://mosaicfl:senhaForte@localhost:5432/mo...
[pipeline] conexão OK
[pipeline] executando query (max_seq_len=128 — pode levar alguns minutos)...
[pipeline] query concluída em 7.2s — 1,518,538 linhas
[pipeline] filtrado para hospital_id='BPSP' — 1,518,538 linhas
[pipeline] 28,599 atendimentos únicos encontrados
[pipeline] usando vocabulário pré-compartilhado — 38 tokens
[pipeline] construindo tensores para 28,599 sequências...
[pipeline] tensores: 2,859/28,599 (10%)
[pipeline] tensores: 5,718/28,599 (20%)
[pipeline] tensores: 8,577/28,599 (30%)
[pipeline] tensores: 11,436/28,599 (40%)
[pipeline] tensores: 14,295/28,599 (50%)
[pipeline] tensores: 17,154/28,599 (60%)
[pipeline] tensores: 20,013/28,599 (70%)
[pipeline] tensores: 22,872/28,599 (80%)
[pipeline] tensores: 25,731/28,599 (90%)
[pipeline] tensores: 28,590/28,599 (100%)
[pipeline] tensores prontos em 3.6s
[pipeline] concluído em 11.1s total — 28,599 pacientes | dist={0: 15892, 1: 318, 2: 120, 3: 9448, 4: 2821} | demográficos: age_mean=0.51 sex_M=13664/28599
[92mINFO [0m:      
[92mINFO [0m:      [RUN 10968871761967593261, ROUND 43]
[92mINFO [0m:      Sending: train message (ID: 5b24c93c1ed11080a093aab55eb9df239b8b11df900bd9c7b054f50370f78ec5)
[92mINFO [0m:      
[92mINFO [0m:      Sent successfully
[92mINFO [0m:      
[92mINFO [0m:      [RUN 10968871761967593261, ROUND 43]
[92mINFO [0m:      Receiving: evaluate message (ID: 2664d93bb887266a74d3896556d4cdc7e455681f6852884e4d105a41b195ef2e)
[92mINFO [0m:      Received successfully
[92mINFO [0m:      Start `flwr-clientapp` process
[pipeline] conectando ao banco: postgresql://mosaicfl:senhaForte@localhost:5432/mo...
[pipeline] conexão OK
[pipeline] executando query (max_seq_len=128 — pode levar alguns minutos)...
[pipeline] query concluída em 7.1s — 1,518,538 linhas
[pipeline] filtrado para hospital_id='BPSP' — 1,518,538 linhas
[pipeline] 28,599 atendimentos únicos encontrados
[pipeline] usando vocabulário pré-compartilhado — 38 tokens
[pipeline] construindo tensores para 28,599 sequências...
[pipeline] tensores: 2,859/28,599 (10%)
[pipeline] tensores: 5,718/28,599 (20%)
[pipeline] tensores: 8,577/28,599 (30%)
[pipeline] tensores: 11,436/28,599 (40%)
[pipeline] tensores: 14,295/28,599 (50%)
[pipeline] tensores: 17,154/28,599 (60%)
[pipeline] tensores: 20,013/28,599 (70%)
[pipeline] tensores: 22,872/28,599 (80%)
[pipeline] tensores: 25,731/28,599 (90%)
[pipeline] tensores: 28,590/28,599 (100%)
[pipeline] tensores prontos em 3.6s
[pipeline] concluído em 11.1s total — 28,599 pacientes | dist={0: 15892, 1: 318, 2: 120, 3: 9448, 4: 2821} | demográficos: age_mean=0.51 sex_M=13664/28599
[92mINFO [0m:      
[92mINFO [0m:      
[92mINFO [0m:      [RUN 10968871761967593261, ROUND 43]
[92mINFO [0m:      Sending: evaluate message (ID: fa5e9087c05cafa8c5a2e0bf1928b8e03d24b57fb1b615d551e3ead8f1678ab3)
[92mINFO [0m:      Sent successfully
[92mINFO [0m:      
[92mINFO [0m:      [RUN 10968871761967593261, ROUND 44]
[92mINFO [0m:      Receiving: train message (ID: 2827018042143fa60d1d2742b09fcf0428c480d372322f85555bc394b70f8e3a)
[92mINFO [0m:      Received successfully
[92mINFO [0m:      Start `flwr-clientapp` process
[pipeline] conectando ao banco: postgresql://mosaicfl:senhaForte@localhost:5432/mo...
[pipeline] conexão OK
[pipeline] executando query (max_seq_len=128 — pode levar alguns minutos)...
[pipeline] query concluída em 7.2s — 1,518,538 linhas
[pipeline] filtrado para hospital_id='BPSP' — 1,518,538 linhas
[pipeline] 28,599 atendimentos únicos encontrados
[pipeline] usando vocabulário pré-compartilhado — 38 tokens
[pipeline] construindo tensores para 28,599 sequências...
[pipeline] tensores: 2,859/28,599 (10%)
[pipeline] tensores: 5,718/28,599 (20%)
[pipeline] tensores: 8,577/28,599 (30%)
[pipeline] tensores: 11,436/28,599 (40%)
[pipeline] tensores: 14,295/28,599 (50%)
[pipeline] tensores: 17,154/28,599 (60%)
[pipeline] tensores: 20,013/28,599 (70%)
[pipeline] tensores: 22,872/28,599 (80%)
[pipeline] tensores: 25,731/28,599 (90%)
[pipeline] tensores: 28,590/28,599 (100%)
[pipeline] tensores prontos em 3.6s
[pipeline] concluído em 11.1s total — 28,599 pacientes | dist={0: 15892, 1: 318, 2: 120, 3: 9448, 4: 2821} | demográficos: age_mean=0.51 sex_M=13664/28599
[92mINFO [0m:      
[92mINFO [0m:      [RUN 10968871761967593261, ROUND 44]
[92mINFO [0m:      Sending: train message (ID: 8fc84d1cf7fc44cbbef0bf298bb6591d94353130e6cf25cee7c5a63a2c726fc1)
[92mINFO [0m:      
[92mINFO [0m:      Sent successfully
[92mINFO [0m:      
[92mINFO [0m:      [RUN 10968871761967593261, ROUND 44]
[92mINFO [0m:      Receiving: evaluate message (ID: 5290db64006a1cd2d4cfa73206f44e39f2dfc69d3c8146142be04113a47fb651)
[92mINFO [0m:      Received successfully
[92mINFO [0m:      Start `flwr-clientapp` process
[pipeline] conectando ao banco: postgresql://mosaicfl:senhaForte@localhost:5432/mo...
[pipeline] conexão OK
[pipeline] executando query (max_seq_len=128 — pode levar alguns minutos)...
[pipeline] query concluída em 7.1s — 1,518,538 linhas
[pipeline] filtrado para hospital_id='BPSP' — 1,518,538 linhas
[pipeline] 28,599 atendimentos únicos encontrados
[pipeline] usando vocabulário pré-compartilhado — 38 tokens
[pipeline] construindo tensores para 28,599 sequências...
[pipeline] tensores: 2,859/28,599 (10%)
[pipeline] tensores: 5,718/28,599 (20%)
[pipeline] tensores: 8,577/28,599 (30%)
[pipeline] tensores: 11,436/28,599 (40%)
[pipeline] tensores: 14,295/28,599 (50%)
[pipeline] tensores: 17,154/28,599 (60%)
[pipeline] tensores: 20,013/28,599 (70%)
[pipeline] tensores: 22,872/28,599 (80%)
[pipeline] tensores: 25,731/28,599 (90%)
[pipeline] tensores: 28,590/28,599 (100%)
[pipeline] tensores prontos em 3.6s
[pipeline] concluído em 11.0s total — 28,599 pacientes | dist={0: 15892, 1: 318, 2: 120, 3: 9448, 4: 2821} | demográficos: age_mean=0.51 sex_M=13664/28599
[92mINFO [0m:      
[92mINFO [0m:      
[92mINFO [0m:      [RUN 10968871761967593261, ROUND 44]
[92mINFO [0m:      Sending: evaluate message (ID: fd122f445efabd193420bf57fbb1ee10112c6173c8246a425408125e273f071c)
[92mINFO [0m:      Sent successfully
[92mINFO [0m:      
[92mINFO [0m:      [RUN 10968871761967593261, ROUND 45]
[92mINFO [0m:      Receiving: train message (ID: 45ea0902b49b4e17d71030ac48666eb849a50f7bb287b3fa44f19acd84afdb64)
[92mINFO [0m:      Received successfully
[92mINFO [0m:      Start `flwr-clientapp` process
[pipeline] conectando ao banco: postgresql://mosaicfl:senhaForte@localhost:5432/mo...
[pipeline] conexão OK
[pipeline] executando query (max_seq_len=128 — pode levar alguns minutos)...
[pipeline] query concluída em 7.1s — 1,518,538 linhas
[pipeline] filtrado para hospital_id='BPSP' — 1,518,538 linhas
[pipeline] 28,599 atendimentos únicos encontrados
[pipeline] usando vocabulário pré-compartilhado — 38 tokens
[pipeline] construindo tensores para 28,599 sequências...
[pipeline] tensores: 2,859/28,599 (10%)
[pipeline] tensores: 5,718/28,599 (20%)
[pipeline] tensores: 8,577/28,599 (30%)
[pipeline] tensores: 11,436/28,599 (40%)
[pipeline] tensores: 14,295/28,599 (50%)
[pipeline] tensores: 17,154/28,599 (60%)
[pipeline] tensores: 20,013/28,599 (70%)
[pipeline] tensores: 22,872/28,599 (80%)
[pipeline] tensores: 25,731/28,599 (90%)
[pipeline] tensores: 28,590/28,599 (100%)
[pipeline] tensores prontos em 3.6s
[pipeline] concluído em 11.0s total — 28,599 pacientes | dist={0: 15892, 1: 318, 2: 120, 3: 9448, 4: 2821} | demográficos: age_mean=0.51 sex_M=13664/28599
[92mINFO [0m:      
[92mINFO [0m:      
[92mINFO [0m:      [RUN 10968871761967593261, ROUND 45]
[92mINFO [0m:      Sending: train message (ID: 338cfe2d606a4a3303e13656a4e756cf333af175d21888eccf584e61ce9168a5)
[92mINFO [0m:      Sent successfully
[92mINFO [0m:      
[92mINFO [0m:      [RUN 10968871761967593261, ROUND 45]
[92mINFO [0m:      Receiving: evaluate message (ID: d1e9003c73de79d38271cd0dcfe0c2830d512bb27486c4611e664468dfd36f28)
[92mINFO [0m:      Received successfully
[92mINFO [0m:      Start `flwr-clientapp` process
[pipeline] conectando ao banco: postgresql://mosaicfl:senhaForte@localhost:5432/mo...
[pipeline] conexão OK
[pipeline] executando query (max_seq_len=128 — pode levar alguns minutos)...
[pipeline] query concluída em 7.3s — 1,518,538 linhas
[pipeline] filtrado para hospital_id='BPSP' — 1,518,538 linhas
[pipeline] 28,599 atendimentos únicos encontrados
[pipeline] usando vocabulário pré-compartilhado — 38 tokens
[pipeline] construindo tensores para 28,599 sequências...
[pipeline] tensores: 2,859/28,599 (10%)
[pipeline] tensores: 5,718/28,599 (20%)
[pipeline] tensores: 8,577/28,599 (30%)
[pipeline] tensores: 11,436/28,599 (40%)
[pipeline] tensores: 14,295/28,599 (50%)
[pipeline] tensores: 17,154/28,599 (60%)
[pipeline] tensores: 20,013/28,599 (70%)
[pipeline] tensores: 22,872/28,599 (80%)
[pipeline] tensores: 25,731/28,599 (90%)
[pipeline] tensores: 28,590/28,599 (100%)
[pipeline] tensores prontos em 3.7s
[pipeline] concluído em 11.4s total — 28,599 pacientes | dist={0: 15892, 1: 318, 2: 120, 3: 9448, 4: 2821} | demográficos: age_mean=0.51 sex_M=13664/28599
[92mINFO [0m:      
[92mINFO [0m:      
[92mINFO [0m:      [RUN 10968871761967593261, ROUND 45]
[92mINFO [0m:      Sending: evaluate message (ID: 7ffdf35bfac24085489363779dd8e2d67ab2216f61222b083b4722e312538747)
[92mINFO [0m:      Sent successfully
[92mINFO [0m:      
[92mINFO [0m:      [RUN 10968871761967593261, ROUND 46]
[92mINFO [0m:      Receiving: train message (ID: 77db7a994e80773e5f12cd9d814b6a0026b206970625af7169e8d8743c9e3d9f)
[92mINFO [0m:      Received successfully
[92mINFO [0m:      Start `flwr-clientapp` process
[pipeline] conectando ao banco: postgresql://mosaicfl:senhaForte@localhost:5432/mo...
[pipeline] conexão OK
[pipeline] executando query (max_seq_len=128 — pode levar alguns minutos)...
[pipeline] query concluída em 7.1s — 1,518,538 linhas
[pipeline] filtrado para hospital_id='BPSP' — 1,518,538 linhas
[pipeline] 28,599 atendimentos únicos encontrados
[pipeline] usando vocabulário pré-compartilhado — 38 tokens
[pipeline] construindo tensores para 28,599 sequências...
[pipeline] tensores: 2,859/28,599 (10%)
[pipeline] tensores: 5,718/28,599 (20%)
[pipeline] tensores: 8,577/28,599 (30%)
[pipeline] tensores: 11,436/28,599 (40%)
[pipeline] tensores: 14,295/28,599 (50%)
[pipeline] tensores: 17,154/28,599 (60%)
[pipeline] tensores: 20,013/28,599 (70%)
[pipeline] tensores: 22,872/28,599 (80%)
[pipeline] tensores: 25,731/28,599 (90%)
[pipeline] tensores: 28,590/28,599 (100%)
[pipeline] tensores prontos em 3.6s
[pipeline] concluído em 11.0s total — 28,599 pacientes | dist={0: 15892, 1: 318, 2: 120, 3: 9448, 4: 2821} | demográficos: age_mean=0.51 sex_M=13664/28599
[92mINFO [0m:      
[92mINFO [0m:      
[92mINFO [0m:      [RUN 10968871761967593261, ROUND 46]
[92mINFO [0m:      Sending: train message (ID: 2e75b329768365dbb3e52ac7e6b11c26984b1e806f185a62e068894fef3065f1)
[92mINFO [0m:      Sent successfully
[92mINFO [0m:      
[92mINFO [0m:      [RUN 10968871761967593261, ROUND 46]
[92mINFO [0m:      Receiving: evaluate message (ID: d5c8a6d826df925294b46e36b017f5d129090477577e566df5bce81f3aeb9a7d)
[92mINFO [0m:      Received successfully
[92mINFO [0m:      Start `flwr-clientapp` process
[pipeline] conectando ao banco: postgresql://mosaicfl:senhaForte@localhost:5432/mo...
[pipeline] conexão OK
[pipeline] executando query (max_seq_len=128 — pode levar alguns minutos)...
[pipeline] query concluída em 7.1s — 1,518,538 linhas
[pipeline] filtrado para hospital_id='BPSP' — 1,518,538 linhas
[pipeline] 28,599 atendimentos únicos encontrados
[pipeline] usando vocabulário pré-compartilhado — 38 tokens
[pipeline] construindo tensores para 28,599 sequências...
[pipeline] tensores: 2,859/28,599 (10%)
[pipeline] tensores: 5,718/28,599 (20%)
[pipeline] tensores: 8,577/28,599 (30%)
[pipeline] tensores: 11,436/28,599 (40%)
[pipeline] tensores: 14,295/28,599 (50%)
[pipeline] tensores: 17,154/28,599 (60%)
[pipeline] tensores: 20,013/28,599 (70%)
[pipeline] tensores: 22,872/28,599 (80%)
[pipeline] tensores: 25,731/28,599 (90%)
[pipeline] tensores: 28,590/28,599 (100%)
[pipeline] tensores prontos em 3.6s
[pipeline] concluído em 11.1s total — 28,599 pacientes | dist={0: 15892, 1: 318, 2: 120, 3: 9448, 4: 2821} | demográficos: age_mean=0.51 sex_M=13664/28599
[92mINFO [0m:      
[92mINFO [0m:      
[92mINFO [0m:      [RUN 10968871761967593261, ROUND 46]
[92mINFO [0m:      Sending: evaluate message (ID: b540f9d208cec13fbbd1d7f1da902437486799215200d5da7e1bef4ba0ec0cfa)
[92mINFO [0m:      Sent successfully
[92mINFO [0m:      
[92mINFO [0m:      [RUN 10968871761967593261, ROUND 47]
[92mINFO [0m:      Receiving: train message (ID: dbcd86bae6b5626e327ba89a26e9a88533c3a05394b6fffcbd7a050b369d44b0)
[92mINFO [0m:      Received successfully
[92mINFO [0m:      Start `flwr-clientapp` process
[pipeline] conectando ao banco: postgresql://mosaicfl:senhaForte@localhost:5432/mo...
[pipeline] conexão OK
[pipeline] executando query (max_seq_len=128 — pode levar alguns minutos)...
[pipeline] query concluída em 7.1s — 1,518,538 linhas
[pipeline] filtrado para hospital_id='BPSP' — 1,518,538 linhas
[pipeline] 28,599 atendimentos únicos encontrados
[pipeline] usando vocabulário pré-compartilhado — 38 tokens
[pipeline] construindo tensores para 28,599 sequências...
[pipeline] tensores: 2,859/28,599 (10%)
[pipeline] tensores: 5,718/28,599 (20%)
[pipeline] tensores: 8,577/28,599 (30%)
[pipeline] tensores: 11,436/28,599 (40%)
[pipeline] tensores: 14,295/28,599 (50%)
[pipeline] tensores: 17,154/28,599 (60%)
[pipeline] tensores: 20,013/28,599 (70%)
[pipeline] tensores: 22,872/28,599 (80%)
[pipeline] tensores: 25,731/28,599 (90%)
[pipeline] tensores: 28,590/28,599 (100%)
[pipeline] tensores prontos em 3.6s
[pipeline] concluído em 11.0s total — 28,599 pacientes | dist={0: 15892, 1: 318, 2: 120, 3: 9448, 4: 2821} | demográficos: age_mean=0.51 sex_M=13664/28599
[92mINFO [0m:      
[92mINFO [0m:      
[92mINFO [0m:      [RUN 10968871761967593261, ROUND 47]
[92mINFO [0m:      Sending: train message (ID: bb4862271f5e9cdbc1da8fa8421b253679796c4ccb5a895b4c8cc950b7b15855)
[92mINFO [0m:      Sent successfully
[92mINFO [0m:      
[92mINFO [0m:      [RUN 10968871761967593261, ROUND 47]
[92mINFO [0m:      Receiving: evaluate message (ID: 07214788b14bcaf73109ca5c30fece2f38d6fc81c66f234baf9d07d9febed5a5)
[92mINFO [0m:      Received successfully
[92mINFO [0m:      Start `flwr-clientapp` process
[pipeline] conectando ao banco: postgresql://mosaicfl:senhaForte@localhost:5432/mo...
[pipeline] conexão OK
[pipeline] executando query (max_seq_len=128 — pode levar alguns minutos)...
[pipeline] query concluída em 7.2s — 1,518,538 linhas
[pipeline] filtrado para hospital_id='BPSP' — 1,518,538 linhas
[pipeline] 28,599 atendimentos únicos encontrados
[pipeline] usando vocabulário pré-compartilhado — 38 tokens
[pipeline] construindo tensores para 28,599 sequências...
[pipeline] tensores: 2,859/28,599 (10%)
[pipeline] tensores: 5,718/28,599 (20%)
[pipeline] tensores: 8,577/28,599 (30%)
[pipeline] tensores: 11,436/28,599 (40%)
[pipeline] tensores: 14,295/28,599 (50%)
[pipeline] tensores: 17,154/28,599 (60%)
[pipeline] tensores: 20,013/28,599 (70%)
[pipeline] tensores: 22,872/28,599 (80%)
[pipeline] tensores: 25,731/28,599 (90%)
[pipeline] tensores: 28,590/28,599 (100%)
[pipeline] tensores prontos em 3.6s
[pipeline] concluído em 11.1s total — 28,599 pacientes | dist={0: 15892, 1: 318, 2: 120, 3: 9448, 4: 2821} | demográficos: age_mean=0.51 sex_M=13664/28599
[92mINFO [0m:      
[92mINFO [0m:      
[92mINFO [0m:      [RUN 10968871761967593261, ROUND 47]
[92mINFO [0m:      Sending: evaluate message (ID: f56752f9301a736941d08b480da6e34c12b24e5b1cbb33850d345a50fa2f1113)
[92mINFO [0m:      Sent successfully
[92mINFO [0m:      
[92mINFO [0m:      [RUN 10968871761967593261, ROUND 48]
[92mINFO [0m:      Receiving: train message (ID: c3bea95465de11e0857f9a2c406d4c7db94d1823ddb4fe97606795a956fb1d61)
[92mINFO [0m:      Received successfully
[92mINFO [0m:      Start `flwr-clientapp` process
[pipeline] conectando ao banco: postgresql://mosaicfl:senhaForte@localhost:5432/mo...
[pipeline] conexão OK
[pipeline] executando query (max_seq_len=128 — pode levar alguns minutos)...
[pipeline] query concluída em 7.2s — 1,518,538 linhas
[pipeline] filtrado para hospital_id='BPSP' — 1,518,538 linhas
[pipeline] 28,599 atendimentos únicos encontrados
[pipeline] usando vocabulário pré-compartilhado — 38 tokens
[pipeline] construindo tensores para 28,599 sequências...
[pipeline] tensores: 2,859/28,599 (10%)
[pipeline] tensores: 5,718/28,599 (20%)
[pipeline] tensores: 8,577/28,599 (30%)
[pipeline] tensores: 11,436/28,599 (40%)
[pipeline] tensores: 14,295/28,599 (50%)
[pipeline] tensores: 17,154/28,599 (60%)
[pipeline] tensores: 20,013/28,599 (70%)
[pipeline] tensores: 22,872/28,599 (80%)
[pipeline] tensores: 25,731/28,599 (90%)
[pipeline] tensores: 28,590/28,599 (100%)
[pipeline] tensores prontos em 3.6s
[pipeline] concluído em 11.2s total — 28,599 pacientes | dist={0: 15892, 1: 318, 2: 120, 3: 9448, 4: 2821} | demográficos: age_mean=0.51 sex_M=13664/28599
[92mINFO [0m:      
[92mINFO [0m:      [RUN 10968871761967593261, ROUND 48]
[92mINFO [0m:      Sending: train message (ID: fc2443ec9e3cca3851297f40a20d5df66e86cb69a16bf85c9a31d3ddea2170bb)
[92mINFO [0m:      
[92mINFO [0m:      Sent successfully
[92mINFO [0m:      
[92mINFO [0m:      [RUN 10968871761967593261, ROUND 48]
[92mINFO [0m:      Receiving: evaluate message (ID: baf031b60fef75b0e4c1d6a3367f8dfc2ef72efa53b5649f9096b880aef407c8)
[92mINFO [0m:      Received successfully
[92mINFO [0m:      Start `flwr-clientapp` process
[pipeline] conectando ao banco: postgresql://mosaicfl:senhaForte@localhost:5432/mo...
[pipeline] conexão OK
[pipeline] executando query (max_seq_len=128 — pode levar alguns minutos)...
[pipeline] query concluída em 7.1s — 1,518,538 linhas
[pipeline] filtrado para hospital_id='BPSP' — 1,518,538 linhas
[pipeline] 28,599 atendimentos únicos encontrados
[pipeline] usando vocabulário pré-compartilhado — 38 tokens
[pipeline] construindo tensores para 28,599 sequências...
[pipeline] tensores: 2,859/28,599 (10%)
[pipeline] tensores: 5,718/28,599 (20%)
[pipeline] tensores: 8,577/28,599 (30%)
[pipeline] tensores: 11,436/28,599 (40%)
[pipeline] tensores: 14,295/28,599 (50%)
[pipeline] tensores: 17,154/28,599 (60%)
[pipeline] tensores: 20,013/28,599 (70%)
[pipeline] tensores: 22,872/28,599 (80%)
[pipeline] tensores: 25,731/28,599 (90%)
[pipeline] tensores: 28,590/28,599 (100%)
[pipeline] tensores prontos em 3.6s
[pipeline] concluído em 11.0s total — 28,599 pacientes | dist={0: 15892, 1: 318, 2: 120, 3: 9448, 4: 2821} | demográficos: age_mean=0.51 sex_M=13664/28599
[92mINFO [0m:      
[92mINFO [0m:      [RUN 10968871761967593261, ROUND 48]
[92mINFO [0m:      Sending: evaluate message (ID: bc3201c35ef1fb045e408e21c9a98ee0538969810185ebc726e85f9b9fa2cbc4)
[92mINFO [0m:      
[92mINFO [0m:      Sent successfully
[92mINFO [0m:      
[92mINFO [0m:      [RUN 10968871761967593261, ROUND 49]
[92mINFO [0m:      Receiving: train message (ID: b32f3950c1a97ef5a5e77b1399de3c20c91b4d2ef96a13a09062857c03c52322)
[92mINFO [0m:      Received successfully
[92mINFO [0m:      Start `flwr-clientapp` process
[pipeline] conectando ao banco: postgresql://mosaicfl:senhaForte@localhost:5432/mo...
[pipeline] conexão OK
[pipeline] executando query (max_seq_len=128 — pode levar alguns minutos)...
[pipeline] query concluída em 7.1s — 1,518,538 linhas
[pipeline] filtrado para hospital_id='BPSP' — 1,518,538 linhas
[pipeline] 28,599 atendimentos únicos encontrados
[pipeline] usando vocabulário pré-compartilhado — 38 tokens
[pipeline] construindo tensores para 28,599 sequências...
[pipeline] tensores: 2,859/28,599 (10%)
[pipeline] tensores: 5,718/28,599 (20%)
[pipeline] tensores: 8,577/28,599 (30%)
[pipeline] tensores: 11,436/28,599 (40%)
[pipeline] tensores: 14,295/28,599 (50%)
[pipeline] tensores: 17,154/28,599 (60%)
[pipeline] tensores: 20,013/28,599 (70%)
[pipeline] tensores: 22,872/28,599 (80%)
[pipeline] tensores: 25,731/28,599 (90%)
[pipeline] tensores: 28,590/28,599 (100%)
[pipeline] tensores prontos em 3.6s
[pipeline] concluído em 11.1s total — 28,599 pacientes | dist={0: 15892, 1: 318, 2: 120, 3: 9448, 4: 2821} | demográficos: age_mean=0.51 sex_M=13664/28599
[92mINFO [0m:      
[92mINFO [0m:      
[92mINFO [0m:      [RUN 10968871761967593261, ROUND 49]
[92mINFO [0m:      Sending: train message (ID: 3d30d83d25b07682ac1955ef924939a6a665fb1c10788e1f03ffcad5a8794b9e)
[92mINFO [0m:      Sent successfully
[92mINFO [0m:      
[92mINFO [0m:      [RUN 10968871761967593261, ROUND 49]
[92mINFO [0m:      Receiving: evaluate message (ID: b21c51aeda6625b5db3b7f90eab053c418a744b7ba643621784e3a2caf659cf7)
[92mINFO [0m:      Received successfully
[92mINFO [0m:      Start `flwr-clientapp` process
[pipeline] conectando ao banco: postgresql://mosaicfl:senhaForte@localhost:5432/mo...
[pipeline] conexão OK
[pipeline] executando query (max_seq_len=128 — pode levar alguns minutos)...
[pipeline] query concluída em 7.1s — 1,518,538 linhas
[pipeline] filtrado para hospital_id='BPSP' — 1,518,538 linhas
[pipeline] 28,599 atendimentos únicos encontrados
[pipeline] usando vocabulário pré-compartilhado — 38 tokens
[pipeline] construindo tensores para 28,599 sequências...
[pipeline] tensores: 2,859/28,599 (10%)
[pipeline] tensores: 5,718/28,599 (20%)
[pipeline] tensores: 8,577/28,599 (30%)
[pipeline] tensores: 11,436/28,599 (40%)
[pipeline] tensores: 14,295/28,599 (50%)
[pipeline] tensores: 17,154/28,599 (60%)
[pipeline] tensores: 20,013/28,599 (70%)
[pipeline] tensores: 22,872/28,599 (80%)
[pipeline] tensores: 25,731/28,599 (90%)
[pipeline] tensores: 28,590/28,599 (100%)
[pipeline] tensores prontos em 3.6s
[pipeline] concluído em 11.1s total — 28,599 pacientes | dist={0: 15892, 1: 318, 2: 120, 3: 9448, 4: 2821} | demográficos: age_mean=0.51 sex_M=13664/28599
[92mINFO [0m:      
[92mINFO [0m:      
[92mINFO [0m:      [RUN 10968871761967593261, ROUND 49]
[92mINFO [0m:      Sending: evaluate message (ID: 638679418da8d0339ada8707aa1a64c056e7b08cb42ce2dc4de2185e905f22ef)
[92mINFO [0m:      Sent successfully
[92mINFO [0m:      
[92mINFO [0m:      [RUN 10968871761967593261, ROUND 50]
[92mINFO [0m:      Receiving: train message (ID: 609e127bfbc0171aa30f91cb0520cfc52eceb67282493d1228638a7e5d74c626)
[92mINFO [0m:      Received successfully
[92mINFO [0m:      Start `flwr-clientapp` process
[pipeline] conectando ao banco: postgresql://mosaicfl:senhaForte@localhost:5432/mo...
[pipeline] conexão OK
[pipeline] executando query (max_seq_len=128 — pode levar alguns minutos)...
[pipeline] query concluída em 7.1s — 1,518,538 linhas
[pipeline] filtrado para hospital_id='BPSP' — 1,518,538 linhas
[pipeline] 28,599 atendimentos únicos encontrados
[pipeline] usando vocabulário pré-compartilhado — 38 tokens
[pipeline] construindo tensores para 28,599 sequências...
[pipeline] tensores: 2,859/28,599 (10%)
[pipeline] tensores: 5,718/28,599 (20%)
[pipeline] tensores: 8,577/28,599 (30%)
[pipeline] tensores: 11,436/28,599 (40%)
[pipeline] tensores: 14,295/28,599 (50%)
[pipeline] tensores: 17,154/28,599 (60%)
[pipeline] tensores: 20,013/28,599 (70%)
[pipeline] tensores: 22,872/28,599 (80%)
[pipeline] tensores: 25,731/28,599 (90%)
[pipeline] tensores: 28,590/28,599 (100%)
[pipeline] tensores prontos em 3.7s
[pipeline] concluído em 11.2s total — 28,599 pacientes | dist={0: 15892, 1: 318, 2: 120, 3: 9448, 4: 2821} | demográficos: age_mean=0.51 sex_M=13664/28599
[92mINFO [0m:      
[92mINFO [0m:      
[92mINFO [0m:      [RUN 10968871761967593261, ROUND 50]
[92mINFO [0m:      Sending: train message (ID: 71d6d8a2b02cbf359a946a01c44a4de2f432ec6786f39a1f190fe1c39f809a4c)
[92mINFO [0m:      Sent successfully
[92mINFO [0m:      
[92mINFO [0m:      [RUN 10968871761967593261, ROUND 50]
[92mINFO [0m:      Receiving: evaluate message (ID: e8fa8499570dac72eaa4f08acbfa0830a45c4303adab27d9a4718bfd644505b6)
[92mINFO [0m:      Received successfully
[92mINFO [0m:      Start `flwr-clientapp` process
[pipeline] conectando ao banco: postgresql://mosaicfl:senhaForte@localhost:5432/mo...
[pipeline] conexão OK
[pipeline] executando query (max_seq_len=128 — pode levar alguns minutos)...
[pipeline] query concluída em 7.1s — 1,518,538 linhas
[pipeline] filtrado para hospital_id='BPSP' — 1,518,538 linhas
[pipeline] 28,599 atendimentos únicos encontrados
[pipeline] usando vocabulário pré-compartilhado — 38 tokens
[pipeline] construindo tensores para 28,599 sequências...
[pipeline] tensores: 2,859/28,599 (10%)
[pipeline] tensores: 5,718/28,599 (20%)
[pipeline] tensores: 8,577/28,599 (30%)
[pipeline] tensores: 11,436/28,599 (40%)
[pipeline] tensores: 14,295/28,599 (50%)
[pipeline] tensores: 17,154/28,599 (60%)
[pipeline] tensores: 20,013/28,599 (70%)
[pipeline] tensores: 22,872/28,599 (80%)
[pipeline] tensores: 25,731/28,599 (90%)
[pipeline] tensores: 28,590/28,599 (100%)
[pipeline] tensores prontos em 3.6s
[pipeline] concluído em 11.0s total — 28,599 pacientes | dist={0: 15892, 1: 318, 2: 120, 3: 9448, 4: 2821} | demográficos: age_mean=0.51 sex_M=13664/28599
[92mINFO [0m:      
[92mINFO [0m:      
[92mINFO [0m:      [RUN 10968871761967593261, ROUND 50]
[92mINFO [0m:      Sending: evaluate message (ID: cbdb7ec92a63103cd3ca00728c19d80719a8e356f9c241ad2711a5e0d54d4223)
[92mINFO [0m:      Sent successfully
[92mINFO [0m:      
[92mINFO [0m:      [RUN 10968871761967593261, ROUND 51]
[92mINFO [0m:      Receiving: train message (ID: d143bff213185935ad2adb645fbbd1c3ea006258e49b8291b85657b586f825fa)
[92mINFO [0m:      Received successfully
[92mINFO [0m:      Start `flwr-clientapp` process
[pipeline] conectando ao banco: postgresql://mosaicfl:senhaForte@localhost:5432/mo...
[pipeline] conexão OK
[pipeline] executando query (max_seq_len=128 — pode levar alguns minutos)...
[pipeline] query concluída em 7.1s — 1,518,538 linhas
[pipeline] filtrado para hospital_id='BPSP' — 1,518,538 linhas
[pipeline] 28,599 atendimentos únicos encontrados
[pipeline] usando vocabulário pré-compartilhado — 38 tokens
[pipeline] construindo tensores para 28,599 sequências...
[pipeline] tensores: 2,859/28,599 (10%)
[pipeline] tensores: 5,718/28,599 (20%)
[pipeline] tensores: 8,577/28,599 (30%)
[pipeline] tensores: 11,436/28,599 (40%)
[pipeline] tensores: 14,295/28,599 (50%)
[pipeline] tensores: 17,154/28,599 (60%)
[pipeline] tensores: 20,013/28,599 (70%)
[pipeline] tensores: 22,872/28,599 (80%)
[pipeline] tensores: 25,731/28,599 (90%)
[pipeline] tensores: 28,590/28,599 (100%)
[pipeline] tensores prontos em 3.6s
[pipeline] concluído em 11.0s total — 28,599 pacientes | dist={0: 15892, 1: 318, 2: 120, 3: 9448, 4: 2821} | demográficos: age_mean=0.51 sex_M=13664/28599
[92mINFO [0m:      
[92mINFO [0m:      [RUN 10968871761967593261, ROUND 51]
[92mINFO [0m:      Sending: train message (ID: b189a4c12a6428dd00ddec938c70ca62d3a380352adab8dbc14e4166175f42fc)
[92mINFO [0m:      
[92mINFO [0m:      Sent successfully
[92mINFO [0m:      
[92mINFO [0m:      [RUN 10968871761967593261, ROUND 51]
[92mINFO [0m:      Receiving: evaluate message (ID: 5cea6f9690ba5b64ce914f59e76a4d9775d694f66c269cdae7a2d79fff153f1f)
[92mINFO [0m:      Received successfully
[92mINFO [0m:      Start `flwr-clientapp` process
[pipeline] conectando ao banco: postgresql://mosaicfl:senhaForte@localhost:5432/mo...
[pipeline] conexão OK
[pipeline] executando query (max_seq_len=128 — pode levar alguns minutos)...
[pipeline] query concluída em 7.2s — 1,518,538 linhas
[pipeline] filtrado para hospital_id='BPSP' — 1,518,538 linhas
[pipeline] 28,599 atendimentos únicos encontrados
[pipeline] usando vocabulário pré-compartilhado — 38 tokens
[pipeline] construindo tensores para 28,599 sequências...
[pipeline] tensores: 2,859/28,599 (10%)
[pipeline] tensores: 5,718/28,599 (20%)
[pipeline] tensores: 8,577/28,599 (30%)
[pipeline] tensores: 11,436/28,599 (40%)
[pipeline] tensores: 14,295/28,599 (50%)
[pipeline] tensores: 17,154/28,599 (60%)
[pipeline] tensores: 20,013/28,599 (70%)
[pipeline] tensores: 22,872/28,599 (80%)
[pipeline] tensores: 25,731/28,599 (90%)
[pipeline] tensores: 28,590/28,599 (100%)
[pipeline] tensores prontos em 3.6s
[pipeline] concluído em 11.2s total — 28,599 pacientes | dist={0: 15892, 1: 318, 2: 120, 3: 9448, 4: 2821} | demográficos: age_mean=0.51 sex_M=13664/28599
[92mINFO [0m:      
[92mINFO [0m:      
[92mINFO [0m:      [RUN 10968871761967593261, ROUND 51]
[92mINFO [0m:      Sending: evaluate message (ID: be0d4762b7f54586343be8b4b9a5417956c25d84641544741010f717b391b9f0)
[92mINFO [0m:      Sent successfully
[92mINFO [0m:      
[92mINFO [0m:      [RUN 10968871761967593261, ROUND 52]
[92mINFO [0m:      Receiving: train message (ID: 91d8fbce8559841f8787068f0403eff9a29e78995961291c54c42f26b4f206e2)
[92mINFO [0m:      Received successfully
[92mINFO [0m:      Start `flwr-clientapp` process
[pipeline] conectando ao banco: postgresql://mosaicfl:senhaForte@localhost:5432/mo...
[pipeline] conexão OK
[pipeline] executando query (max_seq_len=128 — pode levar alguns minutos)...
[pipeline] query concluída em 7.1s — 1,518,538 linhas
[pipeline] filtrado para hospital_id='BPSP' — 1,518,538 linhas
[pipeline] 28,599 atendimentos únicos encontrados
[pipeline] usando vocabulário pré-compartilhado — 38 tokens
[pipeline] construindo tensores para 28,599 sequências...
[pipeline] tensores: 2,859/28,599 (10%)
[pipeline] tensores: 5,718/28,599 (20%)
[pipeline] tensores: 8,577/28,599 (30%)
[pipeline] tensores: 11,436/28,599 (40%)
[pipeline] tensores: 14,295/28,599 (50%)
[pipeline] tensores: 17,154/28,599 (60%)
[pipeline] tensores: 20,013/28,599 (70%)
[pipeline] tensores: 22,872/28,599 (80%)
[pipeline] tensores: 25,731/28,599 (90%)
[pipeline] tensores: 28,590/28,599 (100%)
[pipeline] tensores prontos em 3.6s
[pipeline] concluído em 11.1s total — 28,599 pacientes | dist={0: 15892, 1: 318, 2: 120, 3: 9448, 4: 2821} | demográficos: age_mean=0.51 sex_M=13664/28599
[92mINFO [0m:      
[92mINFO [0m:      
[92mINFO [0m:      [RUN 10968871761967593261, ROUND 52]
[92mINFO [0m:      Sending: train message (ID: fbecc6bf6dcff1e09c2c3847bc5ef0588c054fb177d289211de7751c91917241)
[92mINFO [0m:      Sent successfully
[92mINFO [0m:      
[92mINFO [0m:      [RUN 10968871761967593261, ROUND 52]
[92mINFO [0m:      Receiving: evaluate message (ID: c1e23f3b958bb85ea68cf8ff2660b7184a611eaa2b8a2d0d31eca51a748ecbf0)
[92mINFO [0m:      Received successfully
[92mINFO [0m:      Start `flwr-clientapp` process
[pipeline] conectando ao banco: postgresql://mosaicfl:senhaForte@localhost:5432/mo...
[pipeline] conexão OK
[pipeline] executando query (max_seq_len=128 — pode levar alguns minutos)...
[pipeline] query concluída em 7.2s — 1,518,538 linhas
[pipeline] filtrado para hospital_id='BPSP' — 1,518,538 linhas
[pipeline] 28,599 atendimentos únicos encontrados
[pipeline] usando vocabulário pré-compartilhado — 38 tokens
[pipeline] construindo tensores para 28,599 sequências...
[pipeline] tensores: 2,859/28,599 (10%)
[pipeline] tensores: 5,718/28,599 (20%)
[pipeline] tensores: 8,577/28,599 (30%)
[pipeline] tensores: 11,436/28,599 (40%)
[pipeline] tensores: 14,295/28,599 (50%)
[pipeline] tensores: 17,154/28,599 (60%)
[pipeline] tensores: 20,013/28,599 (70%)
[pipeline] tensores: 22,872/28,599 (80%)
[pipeline] tensores: 25,731/28,599 (90%)
[pipeline] tensores: 28,590/28,599 (100%)
[pipeline] tensores prontos em 3.7s
[pipeline] concluído em 11.3s total — 28,599 pacientes | dist={0: 15892, 1: 318, 2: 120, 3: 9448, 4: 2821} | demográficos: age_mean=0.51 sex_M=13664/28599
[92mINFO [0m:      
[92mINFO [0m:      
[92mINFO [0m:      [RUN 10968871761967593261, ROUND 52]
[92mINFO [0m:      Sending: evaluate message (ID: 45dbb3d9d52b90e609b8b9c4e550bbfe0bf4e19461592c7f03373d68da157be8)
[92mINFO [0m:      Sent successfully
[92mINFO [0m:      
[92mINFO [0m:      [RUN 10968871761967593261, ROUND 53]
[92mINFO [0m:      Receiving: train message (ID: c3a19e4a06d687a3acb56fa11151245b69b6ac8648802507a98026f019be949c)
[92mINFO [0m:      Received successfully
[92mINFO [0m:      Start `flwr-clientapp` process
[pipeline] conectando ao banco: postgresql://mosaicfl:senhaForte@localhost:5432/mo...
[pipeline] conexão OK
[pipeline] executando query (max_seq_len=128 — pode levar alguns minutos)...
[pipeline] query concluída em 7.3s — 1,518,538 linhas
[pipeline] filtrado para hospital_id='BPSP' — 1,518,538 linhas
[pipeline] 28,599 atendimentos únicos encontrados
[pipeline] usando vocabulário pré-compartilhado — 38 tokens
[pipeline] construindo tensores para 28,599 sequências...
[pipeline] tensores: 2,859/28,599 (10%)
[pipeline] tensores: 5,718/28,599 (20%)
[pipeline] tensores: 8,577/28,599 (30%)
[pipeline] tensores: 11,436/28,599 (40%)
[pipeline] tensores: 14,295/28,599 (50%)
[pipeline] tensores: 17,154/28,599 (60%)
[pipeline] tensores: 20,013/28,599 (70%)
[pipeline] tensores: 22,872/28,599 (80%)
[pipeline] tensores: 25,731/28,599 (90%)
[pipeline] tensores: 28,590/28,599 (100%)
[pipeline] tensores prontos em 3.6s
[pipeline] concluído em 11.2s total — 28,599 pacientes | dist={0: 15892, 1: 318, 2: 120, 3: 9448, 4: 2821} | demográficos: age_mean=0.51 sex_M=13664/28599
[92mINFO [0m:      
[92mINFO [0m:      
[92mINFO [0m:      [RUN 10968871761967593261, ROUND 53]
[92mINFO [0m:      Sending: train message (ID: cf09db5ee2f94472310e2c8600e0101859a87820a974ab6cb5a4f20be14bc0f9)
[92mINFO [0m:      Sent successfully
[92mINFO [0m:      
[92mINFO [0m:      [RUN 10968871761967593261, ROUND 53]
[92mINFO [0m:      Receiving: evaluate message (ID: 9867e359d90c70b3932b535c3c1c7a5adca1b905e21de7d2ce356d56e57acfac)
[92mINFO [0m:      Received successfully
[92mINFO [0m:      Start `flwr-clientapp` process
[pipeline] conectando ao banco: postgresql://mosaicfl:senhaForte@localhost:5432/mo...
[pipeline] conexão OK
[pipeline] executando query (max_seq_len=128 — pode levar alguns minutos)...
[pipeline] query concluída em 7.2s — 1,518,538 linhas
[pipeline] filtrado para hospital_id='BPSP' — 1,518,538 linhas
[pipeline] 28,599 atendimentos únicos encontrados
[pipeline] usando vocabulário pré-compartilhado — 38 tokens
[pipeline] construindo tensores para 28,599 sequências...
[pipeline] tensores: 2,859/28,599 (10%)
[pipeline] tensores: 5,718/28,599 (20%)
[pipeline] tensores: 8,577/28,599 (30%)
[pipeline] tensores: 11,436/28,599 (40%)
[pipeline] tensores: 14,295/28,599 (50%)
[pipeline] tensores: 17,154/28,599 (60%)
[pipeline] tensores: 20,013/28,599 (70%)
[pipeline] tensores: 22,872/28,599 (80%)
[pipeline] tensores: 25,731/28,599 (90%)
[pipeline] tensores: 28,590/28,599 (100%)
[pipeline] tensores prontos em 3.6s
[pipeline] concluído em 11.1s total — 28,599 pacientes | dist={0: 15892, 1: 318, 2: 120, 3: 9448, 4: 2821} | demográficos: age_mean=0.51 sex_M=13664/28599
[92mINFO [0m:      
[92mINFO [0m:      
[92mINFO [0m:      [RUN 10968871761967593261, ROUND 53]
[92mINFO [0m:      Sending: evaluate message (ID: 15479606d026e2d8c19a0e2d139903b1f72085197c719319cbd16eb34a9d68d3)
[92mINFO [0m:      Sent successfully
[92mINFO [0m:      
[92mINFO [0m:      [RUN 10968871761967593261, ROUND 54]
[92mINFO [0m:      Receiving: train message (ID: 8738cb8b2902736971d7e5a4f14a702dbbf816451bc4fa70f96288be0ceea150)
[92mINFO [0m:      Received successfully
[92mINFO [0m:      Start `flwr-clientapp` process
[pipeline] conectando ao banco: postgresql://mosaicfl:senhaForte@localhost:5432/mo...
[pipeline] conexão OK
[pipeline] executando query (max_seq_len=128 — pode levar alguns minutos)...
[pipeline] query concluída em 7.2s — 1,518,538 linhas
[pipeline] filtrado para hospital_id='BPSP' — 1,518,538 linhas
[pipeline] 28,599 atendimentos únicos encontrados
[pipeline] usando vocabulário pré-compartilhado — 38 tokens
[pipeline] construindo tensores para 28,599 sequências...
[pipeline] tensores: 2,859/28,599 (10%)
[pipeline] tensores: 5,718/28,599 (20%)
[pipeline] tensores: 8,577/28,599 (30%)
[pipeline] tensores: 11,436/28,599 (40%)
[pipeline] tensores: 14,295/28,599 (50%)
[pipeline] tensores: 17,154/28,599 (60%)
[pipeline] tensores: 20,013/28,599 (70%)
[pipeline] tensores: 22,872/28,599 (80%)
[pipeline] tensores: 25,731/28,599 (90%)
[pipeline] tensores: 28,590/28,599 (100%)
[pipeline] tensores prontos em 3.6s
[pipeline] concluído em 11.1s total — 28,599 pacientes | dist={0: 15892, 1: 318, 2: 120, 3: 9448, 4: 2821} | demográficos: age_mean=0.51 sex_M=13664/28599
[92mINFO [0m:      
[92mINFO [0m:      [RUN 10968871761967593261, ROUND 54]
[92mINFO [0m:      Sending: train message (ID: b8fdd9a3a2ffafda8de4c43cc1c941fe58826ed367eaf29fa6b1d49e6b2f8f9a)
[92mINFO [0m:      
[92mINFO [0m:      Sent successfully
[92mINFO [0m:      
[92mINFO [0m:      [RUN 10968871761967593261, ROUND 54]
[92mINFO [0m:      Receiving: evaluate message (ID: fd7879288e1f4ce53737ed4bbb8324ed195892bc691fdb6b262ddb3d6af21e22)
[92mINFO [0m:      Received successfully
[92mINFO [0m:      Start `flwr-clientapp` process
[pipeline] conectando ao banco: postgresql://mosaicfl:senhaForte@localhost:5432/mo...
[pipeline] conexão OK
[pipeline] executando query (max_seq_len=128 — pode levar alguns minutos)...
[pipeline] query concluída em 7.2s — 1,518,538 linhas
[pipeline] filtrado para hospital_id='BPSP' — 1,518,538 linhas
[pipeline] 28,599 atendimentos únicos encontrados
[pipeline] usando vocabulário pré-compartilhado — 38 tokens
[pipeline] construindo tensores para 28,599 sequências...
[pipeline] tensores: 2,859/28,599 (10%)
[pipeline] tensores: 5,718/28,599 (20%)
[pipeline] tensores: 8,577/28,599 (30%)
[pipeline] tensores: 11,436/28,599 (40%)
[pipeline] tensores: 14,295/28,599 (50%)
[pipeline] tensores: 17,154/28,599 (60%)
[pipeline] tensores: 20,013/28,599 (70%)
[pipeline] tensores: 22,872/28,599 (80%)
[pipeline] tensores: 25,731/28,599 (90%)
[pipeline] tensores: 28,590/28,599 (100%)
[pipeline] tensores prontos em 3.7s
[pipeline] concluído em 11.2s total — 28,599 pacientes | dist={0: 15892, 1: 318, 2: 120, 3: 9448, 4: 2821} | demográficos: age_mean=0.51 sex_M=13664/28599
[92mINFO [0m:      
[92mINFO [0m:      
[92mINFO [0m:      [RUN 10968871761967593261, ROUND 54]
[92mINFO [0m:      Sending: evaluate message (ID: 5f6936dc30e2d56bc521220428054a42d39fb857bb3454ffbf65218818051554)
[92mINFO [0m:      Sent successfully
[92mINFO [0m:      
[92mINFO [0m:      [RUN 10968871761967593261, ROUND 55]
[92mINFO [0m:      Receiving: train message (ID: e47f9f3f0c5bc03bf429c3e937df6a42b3390ac454ae11932b20a9a7c53c3cc4)
[92mINFO [0m:      Received successfully
[92mINFO [0m:      Start `flwr-clientapp` process
[pipeline] conectando ao banco: postgresql://mosaicfl:senhaForte@localhost:5432/mo...
[pipeline] conexão OK
[pipeline] executando query (max_seq_len=128 — pode levar alguns minutos)...
[pipeline] query concluída em 7.1s — 1,518,538 linhas
[pipeline] filtrado para hospital_id='BPSP' — 1,518,538 linhas
[pipeline] 28,599 atendimentos únicos encontrados
[pipeline] usando vocabulário pré-compartilhado — 38 tokens
[pipeline] construindo tensores para 28,599 sequências...
[pipeline] tensores: 2,859/28,599 (10%)
[pipeline] tensores: 5,718/28,599 (20%)
[pipeline] tensores: 8,577/28,599 (30%)
[pipeline] tensores: 11,436/28,599 (40%)
[pipeline] tensores: 14,295/28,599 (50%)
[pipeline] tensores: 17,154/28,599 (60%)
[pipeline] tensores: 20,013/28,599 (70%)
[pipeline] tensores: 22,872/28,599 (80%)
[pipeline] tensores: 25,731/28,599 (90%)
[pipeline] tensores: 28,590/28,599 (100%)
[pipeline] tensores prontos em 3.5s
[pipeline] concluído em 10.9s total — 28,599 pacientes | dist={0: 15892, 1: 318, 2: 120, 3: 9448, 4: 2821} | demográficos: age_mean=0.51 sex_M=13664/28599
[92mINFO [0m:      
[92mINFO [0m:      
[92mINFO [0m:      [RUN 10968871761967593261, ROUND 55]
[92mINFO [0m:      Sending: train message (ID: 5d71023ec3f9435e83e9f3cb94687cc941a60c285f7f394809727be24698ee27)
[92mINFO [0m:      Sent successfully
[92mINFO [0m:      
[92mINFO [0m:      [RUN 10968871761967593261, ROUND 55]
[92mINFO [0m:      Receiving: evaluate message (ID: 3b311107de72b94f6c687eed029ef907bc6d6a215c3f22441fa97e81265af11e)
[92mINFO [0m:      Received successfully
[92mINFO [0m:      Start `flwr-clientapp` process
[pipeline] conectando ao banco: postgresql://mosaicfl:senhaForte@localhost:5432/mo...
[pipeline] conexão OK
[pipeline] executando query (max_seq_len=128 — pode levar alguns minutos)...
[pipeline] query concluída em 7.1s — 1,518,538 linhas
[pipeline] filtrado para hospital_id='BPSP' — 1,518,538 linhas
[pipeline] 28,599 atendimentos únicos encontrados
[pipeline] usando vocabulário pré-compartilhado — 38 tokens
[pipeline] construindo tensores para 28,599 sequências...
[pipeline] tensores: 2,859/28,599 (10%)
[pipeline] tensores: 5,718/28,599 (20%)
[pipeline] tensores: 8,577/28,599 (30%)
[pipeline] tensores: 11,436/28,599 (40%)
[pipeline] tensores: 14,295/28,599 (50%)
[pipeline] tensores: 17,154/28,599 (60%)
[pipeline] tensores: 20,013/28,599 (70%)
[pipeline] tensores: 22,872/28,599 (80%)
[pipeline] tensores: 25,731/28,599 (90%)
[pipeline] tensores: 28,590/28,599 (100%)
[pipeline] tensores prontos em 3.6s
[pipeline] concluído em 11.1s total — 28,599 pacientes | dist={0: 15892, 1: 318, 2: 120, 3: 9448, 4: 2821} | demográficos: age_mean=0.51 sex_M=13664/28599
[92mINFO [0m:      
[92mINFO [0m:      
[92mINFO [0m:      [RUN 10968871761967593261, ROUND 55]
[92mINFO [0m:      Sending: evaluate message (ID: 75499048f56a4aa4d41f4efe6305b00cb6954c3a4a8174e45750de7720654ed9)
[92mINFO [0m:      Sent successfully
[92mINFO [0m:      
[92mINFO [0m:      [RUN 10968871761967593261, ROUND 56]
[92mINFO [0m:      Receiving: train message (ID: af4dfe5b1991db7c9f5124ed712198bb7ad2b4a3ac716ba39f8787f4518479ef)
[92mINFO [0m:      Received successfully
[92mINFO [0m:      Start `flwr-clientapp` process
[pipeline] conectando ao banco: postgresql://mosaicfl:senhaForte@localhost:5432/mo...
[pipeline] conexão OK
[pipeline] executando query (max_seq_len=128 — pode levar alguns minutos)...
[pipeline] query concluída em 7.1s — 1,518,538 linhas
[pipeline] filtrado para hospital_id='BPSP' — 1,518,538 linhas
[pipeline] 28,599 atendimentos únicos encontrados
[pipeline] usando vocabulário pré-compartilhado — 38 tokens
[pipeline] construindo tensores para 28,599 sequências...
[pipeline] tensores: 2,859/28,599 (10%)
[pipeline] tensores: 5,718/28,599 (20%)
[pipeline] tensores: 8,577/28,599 (30%)
[pipeline] tensores: 11,436/28,599 (40%)
[pipeline] tensores: 14,295/28,599 (50%)
[pipeline] tensores: 17,154/28,599 (60%)
[pipeline] tensores: 20,013/28,599 (70%)
[pipeline] tensores: 22,872/28,599 (80%)
[pipeline] tensores: 25,731/28,599 (90%)
[pipeline] tensores: 28,590/28,599 (100%)
[pipeline] tensores prontos em 3.6s
[pipeline] concluído em 11.0s total — 28,599 pacientes | dist={0: 15892, 1: 318, 2: 120, 3: 9448, 4: 2821} | demográficos: age_mean=0.51 sex_M=13664/28599
[92mINFO [0m:      
[92mINFO [0m:      [RUN 10968871761967593261, ROUND 56]
[92mINFO [0m:      Sending: train message (ID: a0cc560a623ab426ec40b59895c00ee3bc416e8311ea3298046cb23f504b9c3c)
[92mINFO [0m:      
[92mINFO [0m:      Sent successfully
[92mINFO [0m:      
[92mINFO [0m:      [RUN 10968871761967593261, ROUND 56]
[92mINFO [0m:      Receiving: evaluate message (ID: cf54a0ef6f7ef0e099b602f72346774fa24f0eb7139aa9bfec2ffda8897f1c8e)
[92mINFO [0m:      Received successfully
[92mINFO [0m:      Start `flwr-clientapp` process
[pipeline] conectando ao banco: postgresql://mosaicfl:senhaForte@localhost:5432/mo...
[pipeline] conexão OK
[pipeline] executando query (max_seq_len=128 — pode levar alguns minutos)...
[pipeline] query concluída em 7.1s — 1,518,538 linhas
[pipeline] filtrado para hospital_id='BPSP' — 1,518,538 linhas
[pipeline] 28,599 atendimentos únicos encontrados
[pipeline] usando vocabulário pré-compartilhado — 38 tokens
[pipeline] construindo tensores para 28,599 sequências...
[pipeline] tensores: 2,859/28,599 (10%)
[pipeline] tensores: 5,718/28,599 (20%)
[pipeline] tensores: 8,577/28,599 (30%)
[pipeline] tensores: 11,436/28,599 (40%)
[pipeline] tensores: 14,295/28,599 (50%)
[pipeline] tensores: 17,154/28,599 (60%)
[pipeline] tensores: 20,013/28,599 (70%)
[pipeline] tensores: 22,872/28,599 (80%)
[pipeline] tensores: 25,731/28,599 (90%)
[pipeline] tensores: 28,590/28,599 (100%)
[pipeline] tensores prontos em 3.6s
[pipeline] concluído em 11.1s total — 28,599 pacientes | dist={0: 15892, 1: 318, 2: 120, 3: 9448, 4: 2821} | demográficos: age_mean=0.51 sex_M=13664/28599
[92mINFO [0m:      
[92mINFO [0m:      
[92mINFO [0m:      [RUN 10968871761967593261, ROUND 56]
[92mINFO [0m:      Sending: evaluate message (ID: f71d21a1d452280a15fa44d2f0a488ad19bb2805d0778505a81e4bbe9cc10611)
[92mINFO [0m:      Sent successfully
[92mINFO [0m:      
[92mINFO [0m:      [RUN 10968871761967593261, ROUND 57]
[92mINFO [0m:      Receiving: train message (ID: 0a56a3f85a1483afe02e07b845d1a870661f8e9637ed90fd6b2fa28e1b38c2ce)
[92mINFO [0m:      Received successfully
[92mINFO [0m:      Start `flwr-clientapp` process
[pipeline] conectando ao banco: postgresql://mosaicfl:senhaForte@localhost:5432/mo...
[pipeline] conexão OK
[pipeline] executando query (max_seq_len=128 — pode levar alguns minutos)...
[pipeline] query concluída em 7.1s — 1,518,538 linhas
[pipeline] filtrado para hospital_id='BPSP' — 1,518,538 linhas
[pipeline] 28,599 atendimentos únicos encontrados
[pipeline] usando vocabulário pré-compartilhado — 38 tokens
[pipeline] construindo tensores para 28,599 sequências...
[pipeline] tensores: 2,859/28,599 (10%)
[pipeline] tensores: 5,718/28,599 (20%)
[pipeline] tensores: 8,577/28,599 (30%)
[pipeline] tensores: 11,436/28,599 (40%)
[pipeline] tensores: 14,295/28,599 (50%)
[pipeline] tensores: 17,154/28,599 (60%)
[pipeline] tensores: 20,013/28,599 (70%)
[pipeline] tensores: 22,872/28,599 (80%)
[pipeline] tensores: 25,731/28,599 (90%)
[pipeline] tensores: 28,590/28,599 (100%)
[pipeline] tensores prontos em 3.5s
[pipeline] concluído em 10.9s total — 28,599 pacientes | dist={0: 15892, 1: 318, 2: 120, 3: 9448, 4: 2821} | demográficos: age_mean=0.51 sex_M=13664/28599
[92mINFO [0m:      
[92mINFO [0m:      
[92mINFO [0m:      [RUN 10968871761967593261, ROUND 57]
[92mINFO [0m:      Sending: train message (ID: 65058f929e4e784a58f73307b100efdf68d7f05cd3931fe36052882ccd79673b)
[92mINFO [0m:      Sent successfully
[92mINFO [0m:      
[92mINFO [0m:      [RUN 10968871761967593261, ROUND 57]
[92mINFO [0m:      Receiving: evaluate message (ID: 887469f12a659fc02f86d06388d6a8cde821f8a05b4bf73eed7dc2fbacbdbea2)
[92mINFO [0m:      Received successfully
[92mINFO [0m:      Start `flwr-clientapp` process
[pipeline] conectando ao banco: postgresql://mosaicfl:senhaForte@localhost:5432/mo...
[pipeline] conexão OK
[pipeline] executando query (max_seq_len=128 — pode levar alguns minutos)...
[pipeline] query concluída em 7.1s — 1,518,538 linhas
[pipeline] filtrado para hospital_id='BPSP' — 1,518,538 linhas
[pipeline] 28,599 atendimentos únicos encontrados
[pipeline] usando vocabulário pré-compartilhado — 38 tokens
[pipeline] construindo tensores para 28,599 sequências...
[pipeline] tensores: 2,859/28,599 (10%)
[pipeline] tensores: 5,718/28,599 (20%)
[pipeline] tensores: 8,577/28,599 (30%)
[pipeline] tensores: 11,436/28,599 (40%)
[pipeline] tensores: 14,295/28,599 (50%)
[pipeline] tensores: 17,154/28,599 (60%)
[pipeline] tensores: 20,013/28,599 (70%)
[pipeline] tensores: 22,872/28,599 (80%)
[pipeline] tensores: 25,731/28,599 (90%)
[pipeline] tensores: 28,590/28,599 (100%)
[pipeline] tensores prontos em 3.6s
[pipeline] concluído em 11.1s total — 28,599 pacientes | dist={0: 15892, 1: 318, 2: 120, 3: 9448, 4: 2821} | demográficos: age_mean=0.51 sex_M=13664/28599
[92mINFO [0m:      
[92mINFO [0m:      
[92mINFO [0m:      [RUN 10968871761967593261, ROUND 57]
[92mINFO [0m:      Sending: evaluate message (ID: e36f1d0cc5d11efc76882e5fa8b9d05b34aabb7e33e5d569c06ddb25f547b24b)
[92mINFO [0m:      Sent successfully
[92mINFO [0m:      
[92mINFO [0m:      [RUN 10968871761967593261, ROUND 58]
[92mINFO [0m:      Receiving: train message (ID: 49dcb7c41ca9d2cbcef8168f3b6f792b0b8eb9ad59db84badc0de15a1b2a85cf)
[92mINFO [0m:      Received successfully
[92mINFO [0m:      Start `flwr-clientapp` process
[pipeline] conectando ao banco: postgresql://mosaicfl:senhaForte@localhost:5432/mo...
[pipeline] conexão OK
[pipeline] executando query (max_seq_len=128 — pode levar alguns minutos)...
[pipeline] query concluída em 7.1s — 1,518,538 linhas
[pipeline] filtrado para hospital_id='BPSP' — 1,518,538 linhas
[pipeline] 28,599 atendimentos únicos encontrados
[pipeline] usando vocabulário pré-compartilhado — 38 tokens
[pipeline] construindo tensores para 28,599 sequências...
[pipeline] tensores: 2,859/28,599 (10%)
[pipeline] tensores: 5,718/28,599 (20%)
[pipeline] tensores: 8,577/28,599 (30%)
[pipeline] tensores: 11,436/28,599 (40%)
[pipeline] tensores: 14,295/28,599 (50%)
[pipeline] tensores: 17,154/28,599 (60%)
[pipeline] tensores: 20,013/28,599 (70%)
[pipeline] tensores: 22,872/28,599 (80%)
[pipeline] tensores: 25,731/28,599 (90%)
[pipeline] tensores: 28,590/28,599 (100%)
[pipeline] tensores prontos em 3.6s
[pipeline] concluído em 11.0s total — 28,599 pacientes | dist={0: 15892, 1: 318, 2: 120, 3: 9448, 4: 2821} | demográficos: age_mean=0.51 sex_M=13664/28599
[92mINFO [0m:      
[92mINFO [0m:      
[92mINFO [0m:      [RUN 10968871761967593261, ROUND 58]
[92mINFO [0m:      Sending: train message (ID: acbeef8e0d7f139fa4f60e0a8984326aad5f7fbf29baef8b44b9f177ca7ca35f)
[92mINFO [0m:      Sent successfully
[92mINFO [0m:      
[92mINFO [0m:      [RUN 10968871761967593261, ROUND 58]
[92mINFO [0m:      Receiving: evaluate message (ID: 33e7993539fdd970bce3400997caf5ac0e466278287173e2b9bb2ddfd0d48f53)
[92mINFO [0m:      Received successfully
[92mINFO [0m:      Start `flwr-clientapp` process
[pipeline] conectando ao banco: postgresql://mosaicfl:senhaForte@localhost:5432/mo...
[pipeline] conexão OK
[pipeline] executando query (max_seq_len=128 — pode levar alguns minutos)...
[pipeline] query concluída em 7.3s — 1,518,538 linhas
[pipeline] filtrado para hospital_id='BPSP' — 1,518,538 linhas
[pipeline] 28,599 atendimentos únicos encontrados
[pipeline] usando vocabulário pré-compartilhado — 38 tokens
[pipeline] construindo tensores para 28,599 sequências...
[pipeline] tensores: 2,859/28,599 (10%)
[pipeline] tensores: 5,718/28,599 (20%)
[pipeline] tensores: 8,577/28,599 (30%)
[pipeline] tensores: 11,436/28,599 (40%)
[pipeline] tensores: 14,295/28,599 (50%)
[pipeline] tensores: 17,154/28,599 (60%)
[pipeline] tensores: 20,013/28,599 (70%)
[pipeline] tensores: 22,872/28,599 (80%)
[pipeline] tensores: 25,731/28,599 (90%)
[pipeline] tensores: 28,590/28,599 (100%)
[pipeline] tensores prontos em 3.6s
[pipeline] concluído em 11.3s total — 28,599 pacientes | dist={0: 15892, 1: 318, 2: 120, 3: 9448, 4: 2821} | demográficos: age_mean=0.51 sex_M=13664/28599
[92mINFO [0m:      
[92mINFO [0m:      
[92mINFO [0m:      [RUN 10968871761967593261, ROUND 58]
[92mINFO [0m:      Sending: evaluate message (ID: 59389f091692c09d6971a36e0b8aecd418f07f11603d980d96c169201e811330)
[92mINFO [0m:      Sent successfully
[92mINFO [0m:      
[92mINFO [0m:      [RUN 10968871761967593261, ROUND 59]
[92mINFO [0m:      Receiving: train message (ID: efe31c355e4ff94453b9899184b36d2a633d81e288f18078bcf298cf86eb7277)
[92mINFO [0m:      Received successfully
[92mINFO [0m:      Start `flwr-clientapp` process
[pipeline] conectando ao banco: postgresql://mosaicfl:senhaForte@localhost:5432/mo...
[pipeline] conexão OK
[pipeline] executando query (max_seq_len=128 — pode levar alguns minutos)...
[pipeline] query concluída em 7.1s — 1,518,538 linhas
[pipeline] filtrado para hospital_id='BPSP' — 1,518,538 linhas
[pipeline] 28,599 atendimentos únicos encontrados
[pipeline] usando vocabulário pré-compartilhado — 38 tokens
[pipeline] construindo tensores para 28,599 sequências...
[pipeline] tensores: 2,859/28,599 (10%)
[pipeline] tensores: 5,718/28,599 (20%)
[pipeline] tensores: 8,577/28,599 (30%)
[pipeline] tensores: 11,436/28,599 (40%)
[pipeline] tensores: 14,295/28,599 (50%)
[pipeline] tensores: 17,154/28,599 (60%)
[pipeline] tensores: 20,013/28,599 (70%)
[pipeline] tensores: 22,872/28,599 (80%)
[pipeline] tensores: 25,731/28,599 (90%)
[pipeline] tensores: 28,590/28,599 (100%)
[pipeline] tensores prontos em 3.5s
[pipeline] concluído em 11.0s total — 28,599 pacientes | dist={0: 15892, 1: 318, 2: 120, 3: 9448, 4: 2821} | demográficos: age_mean=0.51 sex_M=13664/28599
[92mINFO [0m:      
[92mINFO [0m:      [RUN 10968871761967593261, ROUND 59]
[92mINFO [0m:      Sending: train message (ID: 97cb00ae7bccb38219f6ec4966adb299fe1a296952e5ec7d2393eb7e4f058379)
[92mINFO [0m:      
[92mINFO [0m:      Sent successfully
[92mINFO [0m:      
[92mINFO [0m:      [RUN 10968871761967593261, ROUND 59]
[92mINFO [0m:      Receiving: evaluate message (ID: 2d8174912d5d758c155b3879ae2e2e422fc3b08923bfa5a62c60a64e8eac188b)
[92mINFO [0m:      Received successfully
[92mINFO [0m:      Start `flwr-clientapp` process
[pipeline] conectando ao banco: postgresql://mosaicfl:senhaForte@localhost:5432/mo...
[pipeline] conexão OK
[pipeline] executando query (max_seq_len=128 — pode levar alguns minutos)...
[pipeline] query concluída em 7.2s — 1,518,538 linhas
[pipeline] filtrado para hospital_id='BPSP' — 1,518,538 linhas
[pipeline] 28,599 atendimentos únicos encontrados
[pipeline] usando vocabulário pré-compartilhado — 38 tokens
[pipeline] construindo tensores para 28,599 sequências...
[pipeline] tensores: 2,859/28,599 (10%)
[pipeline] tensores: 5,718/28,599 (20%)
[pipeline] tensores: 8,577/28,599 (30%)
[pipeline] tensores: 11,436/28,599 (40%)
[pipeline] tensores: 14,295/28,599 (50%)
[pipeline] tensores: 17,154/28,599 (60%)
[pipeline] tensores: 20,013/28,599 (70%)
[pipeline] tensores: 22,872/28,599 (80%)
[pipeline] tensores: 25,731/28,599 (90%)
[pipeline] tensores: 28,590/28,599 (100%)
[pipeline] tensores prontos em 3.5s
[pipeline] concluído em 11.1s total — 28,599 pacientes | dist={0: 15892, 1: 318, 2: 120, 3: 9448, 4: 2821} | demográficos: age_mean=0.51 sex_M=13664/28599
[92mINFO [0m:      
[92mINFO [0m:      
[92mINFO [0m:      [RUN 10968871761967593261, ROUND 59]
[92mINFO [0m:      Sending: evaluate message (ID: f55e441a7c644940d61a173fa32744ed9c568b03de42291a8d6a58f77e2481d9)
[92mINFO [0m:      Sent successfully
[92mINFO [0m:      
[92mINFO [0m:      [RUN 10968871761967593261, ROUND 60]
[92mINFO [0m:      Receiving: train message (ID: 287346b4aafa59a3ed688eaca7343dfde732e55d83ee0e36e3ae2ab50d8cb9c9)
[92mINFO [0m:      Received successfully
[92mINFO [0m:      Start `flwr-clientapp` process
[pipeline] conectando ao banco: postgresql://mosaicfl:senhaForte@localhost:5432/mo...
[pipeline] conexão OK
[pipeline] executando query (max_seq_len=128 — pode levar alguns minutos)...
[pipeline] query concluída em 7.2s — 1,518,538 linhas
[pipeline] filtrado para hospital_id='BPSP' — 1,518,538 linhas
[pipeline] 28,599 atendimentos únicos encontrados
[pipeline] usando vocabulário pré-compartilhado — 38 tokens
[pipeline] construindo tensores para 28,599 sequências...
[pipeline] tensores: 2,859/28,599 (10%)
[pipeline] tensores: 5,718/28,599 (20%)
[pipeline] tensores: 8,577/28,599 (30%)
[pipeline] tensores: 11,436/28,599 (40%)
[pipeline] tensores: 14,295/28,599 (50%)
[pipeline] tensores: 17,154/28,599 (60%)
[pipeline] tensores: 20,013/28,599 (70%)
[pipeline] tensores: 22,872/28,599 (80%)
[pipeline] tensores: 25,731/28,599 (90%)
[pipeline] tensores: 28,590/28,599 (100%)
[pipeline] tensores prontos em 3.6s
[pipeline] concluído em 11.1s total — 28,599 pacientes | dist={0: 15892, 1: 318, 2: 120, 3: 9448, 4: 2821} | demográficos: age_mean=0.51 sex_M=13664/28599
[92mINFO [0m:      
[92mINFO [0m:      
[92mINFO [0m:      [RUN 10968871761967593261, ROUND 60]
[92mINFO [0m:      Sending: train message (ID: c7f438c3d2feaed912f7d05df84cd935abcca857b872f70e8711c23f8ac9c739)
[92mINFO [0m:      Sent successfully
[92mINFO [0m:      
[92mINFO [0m:      [RUN 10968871761967593261, ROUND 60]
[92mINFO [0m:      Receiving: evaluate message (ID: 3bf2dc94a3a4b3db5531d8f5caf83c14615704c60bc3a2cc3e3d1add826fadb2)
[92mINFO [0m:      Received successfully
[92mINFO [0m:      Start `flwr-clientapp` process
[pipeline] conectando ao banco: postgresql://mosaicfl:senhaForte@localhost:5432/mo...
[pipeline] conexão OK
[pipeline] executando query (max_seq_len=128 — pode levar alguns minutos)...
[pipeline] query concluída em 7.3s — 1,518,538 linhas
[pipeline] filtrado para hospital_id='BPSP' — 1,518,538 linhas
[pipeline] 28,599 atendimentos únicos encontrados
[pipeline] usando vocabulário pré-compartilhado — 38 tokens
[pipeline] construindo tensores para 28,599 sequências...
[pipeline] tensores: 2,859/28,599 (10%)
[pipeline] tensores: 5,718/28,599 (20%)
[pipeline] tensores: 8,577/28,599 (30%)
[pipeline] tensores: 11,436/28,599 (40%)
[pipeline] tensores: 14,295/28,599 (50%)
[pipeline] tensores: 17,154/28,599 (60%)
[pipeline] tensores: 20,013/28,599 (70%)
[pipeline] tensores: 22,872/28,599 (80%)
[pipeline] tensores: 25,731/28,599 (90%)
[pipeline] tensores: 28,590/28,599 (100%)
[pipeline] tensores prontos em 3.7s
[pipeline] concluído em 11.4s total — 28,599 pacientes | dist={0: 15892, 1: 318, 2: 120, 3: 9448, 4: 2821} | demográficos: age_mean=0.51 sex_M=13664/28599
[92mINFO [0m:      
[92mINFO [0m:      
[92mINFO [0m:      [RUN 10968871761967593261, ROUND 60]
[92mINFO [0m:      Sending: evaluate message (ID: d80e62fa28f25cb2dd862a7eb962a6601e6b4adfe9d44da70336d37141e67af4)
[92mINFO [0m:      Sent successfully
[92mINFO [0m:      
[92mINFO [0m:      [RUN 10968871761967593261, ROUND 61]
[92mINFO [0m:      Receiving: train message (ID: c005b5cf4ee52b36594a80f8fa5f060f17d5691a6fedb0e29d87f3b8ca34b4ce)
[92mINFO [0m:      Received successfully
[92mINFO [0m:      Start `flwr-clientapp` process
[pipeline] conectando ao banco: postgresql://mosaicfl:senhaForte@localhost:5432/mo...
[pipeline] conexão OK
[pipeline] executando query (max_seq_len=128 — pode levar alguns minutos)...
[pipeline] query concluída em 7.1s — 1,518,538 linhas
[pipeline] filtrado para hospital_id='BPSP' — 1,518,538 linhas
[pipeline] 28,599 atendimentos únicos encontrados
[pipeline] usando vocabulário pré-compartilhado — 38 tokens
[pipeline] construindo tensores para 28,599 sequências...
[pipeline] tensores: 2,859/28,599 (10%)
[pipeline] tensores: 5,718/28,599 (20%)
[pipeline] tensores: 8,577/28,599 (30%)
[pipeline] tensores: 11,436/28,599 (40%)
[pipeline] tensores: 14,295/28,599 (50%)
[pipeline] tensores: 17,154/28,599 (60%)
[pipeline] tensores: 20,013/28,599 (70%)
[pipeline] tensores: 22,872/28,599 (80%)
[pipeline] tensores: 25,731/28,599 (90%)
[pipeline] tensores: 28,590/28,599 (100%)
[pipeline] tensores prontos em 3.6s
[pipeline] concluído em 11.0s total — 28,599 pacientes | dist={0: 15892, 1: 318, 2: 120, 3: 9448, 4: 2821} | demográficos: age_mean=0.51 sex_M=13664/28599
[92mINFO [0m:      
[92mINFO [0m:      [RUN 10968871761967593261, ROUND 61]
[92mINFO [0m:      Sending: train message (ID: a7411761a51d2db17a5401e4b4063c5cfeee66aca6024c0070877fca572c1eb7)
[92mINFO [0m:      
[92mINFO [0m:      Sent successfully
[92mINFO [0m:      
[92mINFO [0m:      [RUN 10968871761967593261, ROUND 61]
[92mINFO [0m:      Receiving: evaluate message (ID: e04f76cf68d164cc7a48bda536dc336fa7a4bda16b9bc779753046eb318acd50)
[92mINFO [0m:      Received successfully
[92mINFO [0m:      Start `flwr-clientapp` process
[pipeline] conectando ao banco: postgresql://mosaicfl:senhaForte@localhost:5432/mo...
[pipeline] conexão OK
[pipeline] executando query (max_seq_len=128 — pode levar alguns minutos)...
[pipeline] query concluída em 7.2s — 1,518,538 linhas
[pipeline] filtrado para hospital_id='BPSP' — 1,518,538 linhas
[pipeline] 28,599 atendimentos únicos encontrados
[pipeline] usando vocabulário pré-compartilhado — 38 tokens
[pipeline] construindo tensores para 28,599 sequências...
[pipeline] tensores: 2,859/28,599 (10%)
[pipeline] tensores: 5,718/28,599 (20%)
[pipeline] tensores: 8,577/28,599 (30%)
[pipeline] tensores: 11,436/28,599 (40%)
[pipeline] tensores: 14,295/28,599 (50%)
[pipeline] tensores: 17,154/28,599 (60%)
[pipeline] tensores: 20,013/28,599 (70%)
[pipeline] tensores: 22,872/28,599 (80%)
[pipeline] tensores: 25,731/28,599 (90%)
[pipeline] tensores: 28,590/28,599 (100%)
[pipeline] tensores prontos em 3.7s
[pipeline] concluído em 11.2s total — 28,599 pacientes | dist={0: 15892, 1: 318, 2: 120, 3: 9448, 4: 2821} | demográficos: age_mean=0.51 sex_M=13664/28599
[92mINFO [0m:      
[92mINFO [0m:      
[92mINFO [0m:      [RUN 10968871761967593261, ROUND 61]
[92mINFO [0m:      Sending: evaluate message (ID: b064e228507dddc9212fa85a7387b632d5bd1401abf57d2d4b0b59a74b83013c)
[92mINFO [0m:      Sent successfully
[92mINFO [0m:      
[92mINFO [0m:      [RUN 10968871761967593261, ROUND 62]
[92mINFO [0m:      Receiving: train message (ID: 28921925ecf0f18c6eeac8a54bd20d7d03e2ae2d3f4cd4ece0ec196abf858763)
[92mINFO [0m:      Received successfully
[92mINFO [0m:      Start `flwr-clientapp` process
[pipeline] conectando ao banco: postgresql://mosaicfl:senhaForte@localhost:5432/mo...
[pipeline] conexão OK
[pipeline] executando query (max_seq_len=128 — pode levar alguns minutos)...
[pipeline] query concluída em 7.1s — 1,518,538 linhas
[pipeline] filtrado para hospital_id='BPSP' — 1,518,538 linhas
[pipeline] 28,599 atendimentos únicos encontrados
[pipeline] usando vocabulário pré-compartilhado — 38 tokens
[pipeline] construindo tensores para 28,599 sequências...
[pipeline] tensores: 2,859/28,599 (10%)
[pipeline] tensores: 5,718/28,599 (20%)
[pipeline] tensores: 8,577/28,599 (30%)
[pipeline] tensores: 11,436/28,599 (40%)
[pipeline] tensores: 14,295/28,599 (50%)
[pipeline] tensores: 17,154/28,599 (60%)
[pipeline] tensores: 20,013/28,599 (70%)
[pipeline] tensores: 22,872/28,599 (80%)
[pipeline] tensores: 25,731/28,599 (90%)
[pipeline] tensores: 28,590/28,599 (100%)
[pipeline] tensores prontos em 3.6s
[pipeline] concluído em 11.0s total — 28,599 pacientes | dist={0: 15892, 1: 318, 2: 120, 3: 9448, 4: 2821} | demográficos: age_mean=0.51 sex_M=13664/28599
[92mINFO [0m:      
[92mINFO [0m:      [RUN 10968871761967593261, ROUND 62]
[92mINFO [0m:      Sending: train message (ID: 43be8eefe54a3a21ca6406c35cff2a2058647d7970303659669432388502b16d)
[92mINFO [0m:      
[92mINFO [0m:      Sent successfully
[92mINFO [0m:      
[92mINFO [0m:      [RUN 10968871761967593261, ROUND 62]
[92mINFO [0m:      Receiving: evaluate message (ID: 1c9a202c3b83ec26c5ab6de71b93e0706141692bcfc436152472609ed3178f71)
[92mINFO [0m:      Received successfully
[92mINFO [0m:      Start `flwr-clientapp` process
[pipeline] conectando ao banco: postgresql://mosaicfl:senhaForte@localhost:5432/mo...
[pipeline] conexão OK
[pipeline] executando query (max_seq_len=128 — pode levar alguns minutos)...
[pipeline] query concluída em 7.1s — 1,518,538 linhas
[pipeline] filtrado para hospital_id='BPSP' — 1,518,538 linhas
[pipeline] 28,599 atendimentos únicos encontrados
[pipeline] usando vocabulário pré-compartilhado — 38 tokens
[pipeline] construindo tensores para 28,599 sequências...
[pipeline] tensores: 2,859/28,599 (10%)
[pipeline] tensores: 5,718/28,599 (20%)
[pipeline] tensores: 8,577/28,599 (30%)
[pipeline] tensores: 11,436/28,599 (40%)
[pipeline] tensores: 14,295/28,599 (50%)
[pipeline] tensores: 17,154/28,599 (60%)
[pipeline] tensores: 20,013/28,599 (70%)
[pipeline] tensores: 22,872/28,599 (80%)
[pipeline] tensores: 25,731/28,599 (90%)
[pipeline] tensores: 28,590/28,599 (100%)
[pipeline] tensores prontos em 3.5s
[pipeline] concluído em 11.0s total — 28,599 pacientes | dist={0: 15892, 1: 318, 2: 120, 3: 9448, 4: 2821} | demográficos: age_mean=0.51 sex_M=13664/28599
[92mINFO [0m:      
[92mINFO [0m:      
[92mINFO [0m:      [RUN 10968871761967593261, ROUND 62]
[92mINFO [0m:      Sending: evaluate message (ID: 691b6de062d3ac4beb3bec3ede03da610e2b1c8f3c14238f45d7bf9e8db930bb)
[92mINFO [0m:      Sent successfully
[92mINFO [0m:      
[92mINFO [0m:      [RUN 10968871761967593261, ROUND 63]
[92mINFO [0m:      Receiving: train message (ID: 4f95c93f7fd6d1c6e4e3799cff2f29abe2a2ad5f5767cddc3fe56a1ba5a0b117)
[92mINFO [0m:      Received successfully
[92mINFO [0m:      Start `flwr-clientapp` process
[pipeline] conectando ao banco: postgresql://mosaicfl:senhaForte@localhost:5432/mo...
[pipeline] conexão OK
[pipeline] executando query (max_seq_len=128 — pode levar alguns minutos)...
[pipeline] query concluída em 7.2s — 1,518,538 linhas
[pipeline] filtrado para hospital_id='BPSP' — 1,518,538 linhas
[pipeline] 28,599 atendimentos únicos encontrados
[pipeline] usando vocabulário pré-compartilhado — 38 tokens
[pipeline] construindo tensores para 28,599 sequências...
[pipeline] tensores: 2,859/28,599 (10%)
[pipeline] tensores: 5,718/28,599 (20%)
[pipeline] tensores: 8,577/28,599 (30%)
[pipeline] tensores: 11,436/28,599 (40%)
[pipeline] tensores: 14,295/28,599 (50%)
[pipeline] tensores: 17,154/28,599 (60%)
[pipeline] tensores: 20,013/28,599 (70%)
[pipeline] tensores: 22,872/28,599 (80%)
[pipeline] tensores: 25,731/28,599 (90%)
[pipeline] tensores: 28,590/28,599 (100%)
[pipeline] tensores prontos em 3.6s
[pipeline] concluído em 11.2s total — 28,599 pacientes | dist={0: 15892, 1: 318, 2: 120, 3: 9448, 4: 2821} | demográficos: age_mean=0.51 sex_M=13664/28599
[92mINFO [0m:      
[92mINFO [0m:      [RUN 10968871761967593261, ROUND 63]
[92mINFO [0m:      Sending: train message (ID: 760f849bd0efdbd6a44ab95cff20f1735653c88a03c6340430e186348a90d958)
[92mINFO [0m:      
[92mINFO [0m:      Sent successfully
[92mINFO [0m:      
[92mINFO [0m:      [RUN 10968871761967593261, ROUND 63]
[92mINFO [0m:      Receiving: evaluate message (ID: 02c505eb4f039793c6929016ec5c19c9dfe0dfe98cfb01ac996df6b2c9ec5f4e)
[92mINFO [0m:      Received successfully
[92mINFO [0m:      Start `flwr-clientapp` process
[pipeline] conectando ao banco: postgresql://mosaicfl:senhaForte@localhost:5432/mo...
[pipeline] conexão OK
[pipeline] executando query (max_seq_len=128 — pode levar alguns minutos)...
[pipeline] query concluída em 7.2s — 1,518,538 linhas
[pipeline] filtrado para hospital_id='BPSP' — 1,518,538 linhas
[pipeline] 28,599 atendimentos únicos encontrados
[pipeline] usando vocabulário pré-compartilhado — 38 tokens
[pipeline] construindo tensores para 28,599 sequências...
[pipeline] tensores: 2,859/28,599 (10%)
[pipeline] tensores: 5,718/28,599 (20%)
[pipeline] tensores: 8,577/28,599 (30%)
[pipeline] tensores: 11,436/28,599 (40%)
[pipeline] tensores: 14,295/28,599 (50%)
[pipeline] tensores: 17,154/28,599 (60%)
[pipeline] tensores: 20,013/28,599 (70%)
[pipeline] tensores: 22,872/28,599 (80%)
[pipeline] tensores: 25,731/28,599 (90%)
[pipeline] tensores: 28,590/28,599 (100%)
[pipeline] tensores prontos em 3.6s
[pipeline] concluído em 11.2s total — 28,599 pacientes | dist={0: 15892, 1: 318, 2: 120, 3: 9448, 4: 2821} | demográficos: age_mean=0.51 sex_M=13664/28599
[92mINFO [0m:      
[92mINFO [0m:      [RUN 10968871761967593261, ROUND 63]
[92mINFO [0m:      Sending: evaluate message (ID: da5cf3ea265e348c3364ce3789da27f07a20486fe1465ef13e7652afb0e1e16f)
[92mINFO [0m:      Sent successfully
[92mINFO [0m:      
[92mINFO [0m:      
[92mINFO [0m:      [RUN 10968871761967593261, ROUND 64]
[92mINFO [0m:      Receiving: train message (ID: 249db87408e201a310a00f8d619c0aad5b104bae68d5ac38fd41cd7d5a39cbc2)
[92mINFO [0m:      Received successfully
[92mINFO [0m:      Start `flwr-clientapp` process
[pipeline] conectando ao banco: postgresql://mosaicfl:senhaForte@localhost:5432/mo...
[pipeline] conexão OK
[pipeline] executando query (max_seq_len=128 — pode levar alguns minutos)...
[pipeline] query concluída em 7.1s — 1,518,538 linhas
[pipeline] filtrado para hospital_id='BPSP' — 1,518,538 linhas
[pipeline] 28,599 atendimentos únicos encontrados
[pipeline] usando vocabulário pré-compartilhado — 38 tokens
[pipeline] construindo tensores para 28,599 sequências...
[pipeline] tensores: 2,859/28,599 (10%)
[pipeline] tensores: 5,718/28,599 (20%)
[pipeline] tensores: 8,577/28,599 (30%)
[pipeline] tensores: 11,436/28,599 (40%)
[pipeline] tensores: 14,295/28,599 (50%)
[pipeline] tensores: 17,154/28,599 (60%)
[pipeline] tensores: 20,013/28,599 (70%)
[pipeline] tensores: 22,872/28,599 (80%)
[pipeline] tensores: 25,731/28,599 (90%)
[pipeline] tensores: 28,590/28,599 (100%)
[pipeline] tensores prontos em 3.6s
[pipeline] concluído em 11.1s total — 28,599 pacientes | dist={0: 15892, 1: 318, 2: 120, 3: 9448, 4: 2821} | demográficos: age_mean=0.51 sex_M=13664/28599
[92mINFO [0m:      
[92mINFO [0m:      
[92mINFO [0m:      [RUN 10968871761967593261, ROUND 64]
[92mINFO [0m:      Sending: train message (ID: 3810ef4ea61a5a461efa3a01c739840d09419cb8e39e56a83452d454c9276de9)
[92mINFO [0m:      Sent successfully
[92mINFO [0m:      
[92mINFO [0m:      [RUN 10968871761967593261, ROUND 64]
[92mINFO [0m:      Receiving: evaluate message (ID: 22e320123b194df6034f9ac0f9029c97cc346629fe2b29ffa8e9e9906218fb56)
[92mINFO [0m:      Received successfully
[92mINFO [0m:      Start `flwr-clientapp` process
[pipeline] conectando ao banco: postgresql://mosaicfl:senhaForte@localhost:5432/mo...
[pipeline] conexão OK
[pipeline] executando query (max_seq_len=128 — pode levar alguns minutos)...
[pipeline] query concluída em 7.3s — 1,518,538 linhas
[pipeline] filtrado para hospital_id='BPSP' — 1,518,538 linhas
[pipeline] 28,599 atendimentos únicos encontrados
[pipeline] usando vocabulário pré-compartilhado — 38 tokens
[pipeline] construindo tensores para 28,599 sequências...
[pipeline] tensores: 2,859/28,599 (10%)
[pipeline] tensores: 5,718/28,599 (20%)
[pipeline] tensores: 8,577/28,599 (30%)
[pipeline] tensores: 11,436/28,599 (40%)
[pipeline] tensores: 14,295/28,599 (50%)
[pipeline] tensores: 17,154/28,599 (60%)
[pipeline] tensores: 20,013/28,599 (70%)
[pipeline] tensores: 22,872/28,599 (80%)
[pipeline] tensores: 25,731/28,599 (90%)
[pipeline] tensores: 28,590/28,599 (100%)
[pipeline] tensores prontos em 3.7s
[pipeline] concluído em 11.4s total — 28,599 pacientes | dist={0: 15892, 1: 318, 2: 120, 3: 9448, 4: 2821} | demográficos: age_mean=0.51 sex_M=13664/28599
[92mINFO [0m:      
[92mINFO [0m:      [RUN 10968871761967593261, ROUND 64]
[92mINFO [0m:      Sending: evaluate message (ID: 5426a1b2c900ea2e0f458514fc18cfd35a47c545213aa0b1018a4174f348707b)
[92mINFO [0m:      Sent successfully
[92mINFO [0m:      
[92mINFO [0m:      
[92mINFO [0m:      [RUN 10968871761967593261, ROUND 65]
[92mINFO [0m:      Receiving: train message (ID: 4b6c7bc68fa778ae5248720ca71eca16dd9fd516a402d4b14bc67e6a179821d6)
[92mINFO [0m:      Received successfully
[92mINFO [0m:      Start `flwr-clientapp` process
[pipeline] conectando ao banco: postgresql://mosaicfl:senhaForte@localhost:5432/mo...
[pipeline] conexão OK
[pipeline] executando query (max_seq_len=128 — pode levar alguns minutos)...
[pipeline] query concluída em 7.1s — 1,518,538 linhas
[pipeline] filtrado para hospital_id='BPSP' — 1,518,538 linhas
[pipeline] 28,599 atendimentos únicos encontrados
[pipeline] usando vocabulário pré-compartilhado — 38 tokens
[pipeline] construindo tensores para 28,599 sequências...
[pipeline] tensores: 2,859/28,599 (10%)
[pipeline] tensores: 5,718/28,599 (20%)
[pipeline] tensores: 8,577/28,599 (30%)
[pipeline] tensores: 11,436/28,599 (40%)
[pipeline] tensores: 14,295/28,599 (50%)
[pipeline] tensores: 17,154/28,599 (60%)
[pipeline] tensores: 20,013/28,599 (70%)
[pipeline] tensores: 22,872/28,599 (80%)
[pipeline] tensores: 25,731/28,599 (90%)
[pipeline] tensores: 28,590/28,599 (100%)
[pipeline] tensores prontos em 3.6s
[pipeline] concluído em 11.1s total — 28,599 pacientes | dist={0: 15892, 1: 318, 2: 120, 3: 9448, 4: 2821} | demográficos: age_mean=0.51 sex_M=13664/28599
[92mINFO [0m:      
[92mINFO [0m:      
[92mINFO [0m:      [RUN 10968871761967593261, ROUND 65]
[92mINFO [0m:      Sending: train message (ID: e16e91e652e55c191f162190ffadbf250ba5d8d87d003acaa082b69a414dc2b2)
[92mINFO [0m:      Sent successfully
[92mINFO [0m:      
[92mINFO [0m:      [RUN 10968871761967593261, ROUND 65]
[92mINFO [0m:      Receiving: evaluate message (ID: 6d18c94e85ea6cbc6029a7f9b269ebf241d3ed2f32c9344dd683f7fb2b2d98f3)
[92mINFO [0m:      Received successfully
[92mINFO [0m:      Start `flwr-clientapp` process
[pipeline] conectando ao banco: postgresql://mosaicfl:senhaForte@localhost:5432/mo...
[pipeline] conexão OK
[pipeline] executando query (max_seq_len=128 — pode levar alguns minutos)...
[pipeline] query concluída em 7.2s — 1,518,538 linhas
[pipeline] filtrado para hospital_id='BPSP' — 1,518,538 linhas
[pipeline] 28,599 atendimentos únicos encontrados
[pipeline] usando vocabulário pré-compartilhado — 38 tokens
[pipeline] construindo tensores para 28,599 sequências...
[pipeline] tensores: 2,859/28,599 (10%)
[pipeline] tensores: 5,718/28,599 (20%)
[pipeline] tensores: 8,577/28,599 (30%)
[pipeline] tensores: 11,436/28,599 (40%)
[pipeline] tensores: 14,295/28,599 (50%)
[pipeline] tensores: 17,154/28,599 (60%)
[pipeline] tensores: 20,013/28,599 (70%)
[pipeline] tensores: 22,872/28,599 (80%)
[pipeline] tensores: 25,731/28,599 (90%)
[pipeline] tensores: 28,590/28,599 (100%)
[pipeline] tensores prontos em 3.6s
[pipeline] concluído em 11.2s total — 28,599 pacientes | dist={0: 15892, 1: 318, 2: 120, 3: 9448, 4: 2821} | demográficos: age_mean=0.51 sex_M=13664/28599
[92mINFO [0m:      
[92mINFO [0m:      
[92mINFO [0m:      [RUN 10968871761967593261, ROUND 65]
[92mINFO [0m:      Sending: evaluate message (ID: 37071e011d856a070d77adaccaa8e8b879de8542e5aed6b6da633f869ddc4811)
[92mINFO [0m:      Sent successfully
[92mINFO [0m:      
[92mINFO [0m:      [RUN 10968871761967593261, ROUND 66]
[92mINFO [0m:      Receiving: train message (ID: 6d84b6411a01fbcef60e663a56748abb01f882f01116e229e5869b13edcc78e6)
[92mINFO [0m:      Received successfully
[92mINFO [0m:      Start `flwr-clientapp` process
[pipeline] conectando ao banco: postgresql://mosaicfl:senhaForte@localhost:5432/mo...
[pipeline] conexão OK
[pipeline] executando query (max_seq_len=128 — pode levar alguns minutos)...
[pipeline] query concluída em 7.3s — 1,518,538 linhas
[pipeline] filtrado para hospital_id='BPSP' — 1,518,538 linhas
[pipeline] 28,599 atendimentos únicos encontrados
[pipeline] usando vocabulário pré-compartilhado — 38 tokens
[pipeline] construindo tensores para 28,599 sequências...
[pipeline] tensores: 2,859/28,599 (10%)
[pipeline] tensores: 5,718/28,599 (20%)
[pipeline] tensores: 8,577/28,599 (30%)
[pipeline] tensores: 11,436/28,599 (40%)
[pipeline] tensores: 14,295/28,599 (50%)
[pipeline] tensores: 17,154/28,599 (60%)
[pipeline] tensores: 20,013/28,599 (70%)
[pipeline] tensores: 22,872/28,599 (80%)
[pipeline] tensores: 25,731/28,599 (90%)
[pipeline] tensores: 28,590/28,599 (100%)
[pipeline] tensores prontos em 3.7s
[pipeline] concluído em 11.4s total — 28,599 pacientes | dist={0: 15892, 1: 318, 2: 120, 3: 9448, 4: 2821} | demográficos: age_mean=0.51 sex_M=13664/28599
[92mINFO [0m:      
[92mINFO [0m:      
[92mINFO [0m:      [RUN 10968871761967593261, ROUND 66]
[92mINFO [0m:      Sending: train message (ID: 60e6df89eea488f1d8632e6ae405a3a2deba9956da332f1328b287482d24b9d7)
[92mINFO [0m:      Sent successfully
[92mINFO [0m:      
[92mINFO [0m:      [RUN 10968871761967593261, ROUND 66]
[92mINFO [0m:      Receiving: evaluate message (ID: 764a45ede4980c4e78ce2682fb56a228fd0319c483006300f37e6622e66d3a38)
[92mINFO [0m:      Received successfully
[92mINFO [0m:      Start `flwr-clientapp` process
[pipeline] conectando ao banco: postgresql://mosaicfl:senhaForte@localhost:5432/mo...
[pipeline] conexão OK
[pipeline] executando query (max_seq_len=128 — pode levar alguns minutos)...
[pipeline] query concluída em 7.2s — 1,518,538 linhas
[pipeline] filtrado para hospital_id='BPSP' — 1,518,538 linhas
[pipeline] 28,599 atendimentos únicos encontrados
[pipeline] usando vocabulário pré-compartilhado — 38 tokens
[pipeline] construindo tensores para 28,599 sequências...
[pipeline] tensores: 2,859/28,599 (10%)
[pipeline] tensores: 5,718/28,599 (20%)
[pipeline] tensores: 8,577/28,599 (30%)
[pipeline] tensores: 11,436/28,599 (40%)
[pipeline] tensores: 14,295/28,599 (50%)
[pipeline] tensores: 17,154/28,599 (60%)
[pipeline] tensores: 20,013/28,599 (70%)
[pipeline] tensores: 22,872/28,599 (80%)
[pipeline] tensores: 25,731/28,599 (90%)
[pipeline] tensores: 28,590/28,599 (100%)
[pipeline] tensores prontos em 3.5s
[pipeline] concluído em 11.0s total — 28,599 pacientes | dist={0: 15892, 1: 318, 2: 120, 3: 9448, 4: 2821} | demográficos: age_mean=0.51 sex_M=13664/28599
[92mINFO [0m:      
[92mINFO [0m:      
[92mINFO [0m:      [RUN 10968871761967593261, ROUND 66]
[92mINFO [0m:      Sending: evaluate message (ID: 1952ae0d0f3ae6faa151022557c9f8c44230c3f962a8424028d396fd0f9e133c)
[92mINFO [0m:      Sent successfully
[92mINFO [0m:      
[92mINFO [0m:      [RUN 10968871761967593261, ROUND 67]
[92mINFO [0m:      Receiving: train message (ID: c19c793f371f2dad410f5812053c998168ce7c4a5566b51ed3f97f825771432a)
[92mINFO [0m:      Received successfully
[92mINFO [0m:      Start `flwr-clientapp` process
[pipeline] conectando ao banco: postgresql://mosaicfl:senhaForte@localhost:5432/mo...
[pipeline] conexão OK
[pipeline] executando query (max_seq_len=128 — pode levar alguns minutos)...
[pipeline] query concluída em 7.2s — 1,518,538 linhas
[pipeline] filtrado para hospital_id='BPSP' — 1,518,538 linhas
[pipeline] 28,599 atendimentos únicos encontrados
[pipeline] usando vocabulário pré-compartilhado — 38 tokens
[pipeline] construindo tensores para 28,599 sequências...
[pipeline] tensores: 2,859/28,599 (10%)
[pipeline] tensores: 5,718/28,599 (20%)
[pipeline] tensores: 8,577/28,599 (30%)
[pipeline] tensores: 11,436/28,599 (40%)
[pipeline] tensores: 14,295/28,599 (50%)
[pipeline] tensores: 17,154/28,599 (60%)
[pipeline] tensores: 20,013/28,599 (70%)
[pipeline] tensores: 22,872/28,599 (80%)
[pipeline] tensores: 25,731/28,599 (90%)
[pipeline] tensores: 28,590/28,599 (100%)
[pipeline] tensores prontos em 3.6s
[pipeline] concluído em 11.2s total — 28,599 pacientes | dist={0: 15892, 1: 318, 2: 120, 3: 9448, 4: 2821} | demográficos: age_mean=0.51 sex_M=13664/28599
[92mINFO [0m:      
[92mINFO [0m:      
[92mINFO [0m:      [RUN 10968871761967593261, ROUND 67]
[92mINFO [0m:      Sending: train message (ID: a409b26660ee4c93a0f7fc99482e9f0601021581e305b6504e41a1ea361e9478)
[92mINFO [0m:      Sent successfully
[92mINFO [0m:      
[92mINFO [0m:      [RUN 10968871761967593261, ROUND 67]
[92mINFO [0m:      Receiving: evaluate message (ID: 03474480c331a7dc7b2cde2ca7108899b4ea27795496a4221ea9f818e8ac102d)
[92mINFO [0m:      Received successfully
[92mINFO [0m:      Start `flwr-clientapp` process
[pipeline] conectando ao banco: postgresql://mosaicfl:senhaForte@localhost:5432/mo...
[pipeline] conexão OK
[pipeline] executando query (max_seq_len=128 — pode levar alguns minutos)...
[pipeline] query concluída em 7.1s — 1,518,538 linhas
[pipeline] filtrado para hospital_id='BPSP' — 1,518,538 linhas
[pipeline] 28,599 atendimentos únicos encontrados
[pipeline] usando vocabulário pré-compartilhado — 38 tokens
[pipeline] construindo tensores para 28,599 sequências...
[pipeline] tensores: 2,859/28,599 (10%)
[pipeline] tensores: 5,718/28,599 (20%)
[pipeline] tensores: 8,577/28,599 (30%)
[pipeline] tensores: 11,436/28,599 (40%)
[pipeline] tensores: 14,295/28,599 (50%)
[pipeline] tensores: 17,154/28,599 (60%)
[pipeline] tensores: 20,013/28,599 (70%)
[pipeline] tensores: 22,872/28,599 (80%)
[pipeline] tensores: 25,731/28,599 (90%)
[pipeline] tensores: 28,590/28,599 (100%)
[pipeline] tensores prontos em 3.6s
[pipeline] concluído em 11.1s total — 28,599 pacientes | dist={0: 15892, 1: 318, 2: 120, 3: 9448, 4: 2821} | demográficos: age_mean=0.51 sex_M=13664/28599
[92mINFO [0m:      
[92mINFO [0m:      
[92mINFO [0m:      [RUN 10968871761967593261, ROUND 67]
[92mINFO [0m:      Sending: evaluate message (ID: b9975aa763f72dd1257cc4951313e1a67f52c6b9e251fcdbb7a57ea242595069)
[92mINFO [0m:      Sent successfully
[92mINFO [0m:      
[92mINFO [0m:      [RUN 10968871761967593261, ROUND 68]
[92mINFO [0m:      Receiving: train message (ID: d81c21d7f23aa9a961c2b153b30815d49a72d5ecd779139858896360aa8fec3e)
[92mINFO [0m:      Received successfully
[92mINFO [0m:      Start `flwr-clientapp` process
[pipeline] conectando ao banco: postgresql://mosaicfl:senhaForte@localhost:5432/mo...
[pipeline] conexão OK
[pipeline] executando query (max_seq_len=128 — pode levar alguns minutos)...
[pipeline] query concluída em 7.1s — 1,518,538 linhas
[pipeline] filtrado para hospital_id='BPSP' — 1,518,538 linhas
[pipeline] 28,599 atendimentos únicos encontrados
[pipeline] usando vocabulário pré-compartilhado — 38 tokens
[pipeline] construindo tensores para 28,599 sequências...
[pipeline] tensores: 2,859/28,599 (10%)
[pipeline] tensores: 5,718/28,599 (20%)
[pipeline] tensores: 8,577/28,599 (30%)
[pipeline] tensores: 11,436/28,599 (40%)
[pipeline] tensores: 14,295/28,599 (50%)
[pipeline] tensores: 17,154/28,599 (60%)
[pipeline] tensores: 20,013/28,599 (70%)
[pipeline] tensores: 22,872/28,599 (80%)
[pipeline] tensores: 25,731/28,599 (90%)
[pipeline] tensores: 28,590/28,599 (100%)
[pipeline] tensores prontos em 3.6s
[pipeline] concluído em 11.1s total — 28,599 pacientes | dist={0: 15892, 1: 318, 2: 120, 3: 9448, 4: 2821} | demográficos: age_mean=0.51 sex_M=13664/28599
[92mINFO [0m:      
[92mINFO [0m:      
[92mINFO [0m:      [RUN 10968871761967593261, ROUND 68]
[92mINFO [0m:      Sending: train message (ID: 87c33b41eeaf772d9f4fb8fd601bdf16fe9038314245df1645b570f67c1ece0a)
[92mINFO [0m:      Sent successfully
[92mINFO [0m:      
[92mINFO [0m:      [RUN 10968871761967593261, ROUND 68]
[92mINFO [0m:      Receiving: evaluate message (ID: 6ba2748ec33c0a4237deec943c990b3507a6867404dfb626d632ce76e322c73c)
[92mINFO [0m:      Received successfully
[92mINFO [0m:      Start `flwr-clientapp` process
[pipeline] conectando ao banco: postgresql://mosaicfl:senhaForte@localhost:5432/mo...
[pipeline] conexão OK
[pipeline] executando query (max_seq_len=128 — pode levar alguns minutos)...
[pipeline] query concluída em 7.1s — 1,518,538 linhas
[pipeline] filtrado para hospital_id='BPSP' — 1,518,538 linhas
[pipeline] 28,599 atendimentos únicos encontrados
[pipeline] usando vocabulário pré-compartilhado — 38 tokens
[pipeline] construindo tensores para 28,599 sequências...
[pipeline] tensores: 2,859/28,599 (10%)
[pipeline] tensores: 5,718/28,599 (20%)
[pipeline] tensores: 8,577/28,599 (30%)
[pipeline] tensores: 11,436/28,599 (40%)
[pipeline] tensores: 14,295/28,599 (50%)
[pipeline] tensores: 17,154/28,599 (60%)
[pipeline] tensores: 20,013/28,599 (70%)
[pipeline] tensores: 22,872/28,599 (80%)
[pipeline] tensores: 25,731/28,599 (90%)
[pipeline] tensores: 28,590/28,599 (100%)
[pipeline] tensores prontos em 3.7s
[pipeline] concluído em 11.1s total — 28,599 pacientes | dist={0: 15892, 1: 318, 2: 120, 3: 9448, 4: 2821} | demográficos: age_mean=0.51 sex_M=13664/28599
[92mINFO [0m:      
[92mINFO [0m:      
[92mINFO [0m:      [RUN 10968871761967593261, ROUND 68]
[92mINFO [0m:      Sending: evaluate message (ID: 14face821cba377b9547f6e5ea708f3cfbddfb62be453b4e02f4a336625ffb6a)
[92mINFO [0m:      Sent successfully
[92mINFO [0m:      
[92mINFO [0m:      [RUN 10968871761967593261, ROUND 69]
[92mINFO [0m:      Receiving: train message (ID: 26ac22f74cf74d3210c574d59e96f19e76a15343a65aee3184a79306d61c5896)
[92mINFO [0m:      Received successfully
[92mINFO [0m:      Start `flwr-clientapp` process
[pipeline] conectando ao banco: postgresql://mosaicfl:senhaForte@localhost:5432/mo...
[pipeline] conexão OK
[pipeline] executando query (max_seq_len=128 — pode levar alguns minutos)...
[pipeline] query concluída em 7.3s — 1,518,538 linhas
[pipeline] filtrado para hospital_id='BPSP' — 1,518,538 linhas
[pipeline] 28,599 atendimentos únicos encontrados
[pipeline] usando vocabulário pré-compartilhado — 38 tokens
[pipeline] construindo tensores para 28,599 sequências...
[pipeline] tensores: 2,859/28,599 (10%)
[pipeline] tensores: 5,718/28,599 (20%)
[pipeline] tensores: 8,577/28,599 (30%)
[pipeline] tensores: 11,436/28,599 (40%)
[pipeline] tensores: 14,295/28,599 (50%)
[pipeline] tensores: 17,154/28,599 (60%)
[pipeline] tensores: 20,013/28,599 (70%)
[pipeline] tensores: 22,872/28,599 (80%)
[pipeline] tensores: 25,731/28,599 (90%)
[pipeline] tensores: 28,590/28,599 (100%)
[pipeline] tensores prontos em 3.6s
[pipeline] concluído em 11.2s total — 28,599 pacientes | dist={0: 15892, 1: 318, 2: 120, 3: 9448, 4: 2821} | demográficos: age_mean=0.51 sex_M=13664/28599
[92mINFO [0m:      
[92mINFO [0m:      [RUN 10968871761967593261, ROUND 69]
[92mINFO [0m:      Sending: train message (ID: 2c05791c26cd67b48414f750464a530d3c1949aeb836ab59a1b799af4f982a02)
[92mINFO [0m:      
[92mINFO [0m:      Sent successfully
[92mINFO [0m:      
[92mINFO [0m:      [RUN 10968871761967593261, ROUND 69]
[92mINFO [0m:      Receiving: evaluate message (ID: 05c4bb482e87ebbd15f4ae8972bc20f2d7071af18f817e8bee56472139b53ed5)
[92mINFO [0m:      Received successfully
[92mINFO [0m:      Start `flwr-clientapp` process
[pipeline] conectando ao banco: postgresql://mosaicfl:senhaForte@localhost:5432/mo...
[pipeline] conexão OK
[pipeline] executando query (max_seq_len=128 — pode levar alguns minutos)...
[pipeline] query concluída em 7.2s — 1,518,538 linhas
[pipeline] filtrado para hospital_id='BPSP' — 1,518,538 linhas
[pipeline] 28,599 atendimentos únicos encontrados
[pipeline] usando vocabulário pré-compartilhado — 38 tokens
[pipeline] construindo tensores para 28,599 sequências...
[pipeline] tensores: 2,859/28,599 (10%)
[pipeline] tensores: 5,718/28,599 (20%)
[pipeline] tensores: 8,577/28,599 (30%)
[pipeline] tensores: 11,436/28,599 (40%)
[pipeline] tensores: 14,295/28,599 (50%)
[pipeline] tensores: 17,154/28,599 (60%)
[pipeline] tensores: 20,013/28,599 (70%)
[pipeline] tensores: 22,872/28,599 (80%)
[pipeline] tensores: 25,731/28,599 (90%)
[pipeline] tensores: 28,590/28,599 (100%)
[pipeline] tensores prontos em 3.6s
[pipeline] concluído em 11.2s total — 28,599 pacientes | dist={0: 15892, 1: 318, 2: 120, 3: 9448, 4: 2821} | demográficos: age_mean=0.51 sex_M=13664/28599
[92mINFO [0m:      
[92mINFO [0m:      
[92mINFO [0m:      [RUN 10968871761967593261, ROUND 69]
[92mINFO [0m:      Sending: evaluate message (ID: be057aa5af2fbe18b3b7563aa9f5fd6a21acedc53f0d74d6b4c49733bab3fb06)
[92mINFO [0m:      Sent successfully
[92mINFO [0m:      
[92mINFO [0m:      [RUN 10968871761967593261, ROUND 70]
[92mINFO [0m:      Receiving: train message (ID: 9915d102fa87f5e987dae04f16c1b50ed2160459a967a95160bd5246aced9093)
[92mINFO [0m:      Received successfully
[92mINFO [0m:      Start `flwr-clientapp` process
[pipeline] conectando ao banco: postgresql://mosaicfl:senhaForte@localhost:5432/mo...
[pipeline] conexão OK
[pipeline] executando query (max_seq_len=128 — pode levar alguns minutos)...
[pipeline] query concluída em 7.1s — 1,518,538 linhas
[pipeline] filtrado para hospital_id='BPSP' — 1,518,538 linhas
[pipeline] 28,599 atendimentos únicos encontrados
[pipeline] usando vocabulário pré-compartilhado — 38 tokens
[pipeline] construindo tensores para 28,599 sequências...
[pipeline] tensores: 2,859/28,599 (10%)
[pipeline] tensores: 5,718/28,599 (20%)
[pipeline] tensores: 8,577/28,599 (30%)
[pipeline] tensores: 11,436/28,599 (40%)
[pipeline] tensores: 14,295/28,599 (50%)
[pipeline] tensores: 17,154/28,599 (60%)
[pipeline] tensores: 20,013/28,599 (70%)
[pipeline] tensores: 22,872/28,599 (80%)
[pipeline] tensores: 25,731/28,599 (90%)
[pipeline] tensores: 28,590/28,599 (100%)
[pipeline] tensores prontos em 3.5s
[pipeline] concluído em 10.9s total — 28,599 pacientes | dist={0: 15892, 1: 318, 2: 120, 3: 9448, 4: 2821} | demográficos: age_mean=0.51 sex_M=13664/28599
[92mINFO [0m:      
[92mINFO [0m:      [RUN 10968871761967593261, ROUND 70]
[92mINFO [0m:      Sending: train message (ID: 7bb61949d2e8957c3f4836b22b293fd8c683e224a8617aa0c4cfa4c44e3be2f7)
[92mINFO [0m:      
[92mINFO [0m:      Sent successfully
[92mINFO [0m:      
[92mINFO [0m:      [RUN 10968871761967593261, ROUND 70]
[92mINFO [0m:      Receiving: evaluate message (ID: b2c2a71660bb7a02abeb252247c44fac774d64cb97617e82a50e7c2c2ec34184)
[92mINFO [0m:      Received successfully
[92mINFO [0m:      Start `flwr-clientapp` process
[pipeline] conectando ao banco: postgresql://mosaicfl:senhaForte@localhost:5432/mo...
[pipeline] conexão OK
[pipeline] executando query (max_seq_len=128 — pode levar alguns minutos)...
[pipeline] query concluída em 7.2s — 1,518,538 linhas
[pipeline] filtrado para hospital_id='BPSP' — 1,518,538 linhas
[pipeline] 28,599 atendimentos únicos encontrados
[pipeline] usando vocabulário pré-compartilhado — 38 tokens
[pipeline] construindo tensores para 28,599 sequências...
[pipeline] tensores: 2,859/28,599 (10%)
[pipeline] tensores: 5,718/28,599 (20%)
[pipeline] tensores: 8,577/28,599 (30%)
[pipeline] tensores: 11,436/28,599 (40%)
[pipeline] tensores: 14,295/28,599 (50%)
[pipeline] tensores: 17,154/28,599 (60%)
[pipeline] tensores: 20,013/28,599 (70%)
[pipeline] tensores: 22,872/28,599 (80%)
[pipeline] tensores: 25,731/28,599 (90%)
[pipeline] tensores: 28,590/28,599 (100%)
[pipeline] tensores prontos em 3.6s
[pipeline] concluído em 11.1s total — 28,599 pacientes | dist={0: 15892, 1: 318, 2: 120, 3: 9448, 4: 2821} | demográficos: age_mean=0.51 sex_M=13664/28599
[92mINFO [0m:      
[92mINFO [0m:      [RUN 10968871761967593261, ROUND 70]
[92mINFO [0m:      Sending: evaluate message (ID: 187fd2da2813a194aaaa9ae9994c127abd1aada06e60865a17d29911e75195d8)
[92mINFO [0m:      
[92mINFO [0m:      Sent successfully
[92mINFO [0m:      
[92mINFO [0m:      [RUN 10968871761967593261, ROUND 71]
[92mINFO [0m:      Receiving: train message (ID: a1f7096db4bb723f329917f4a2d40a713ee7e5708f08f184529eb5da4f395678)
[92mINFO [0m:      Received successfully
[92mINFO [0m:      Start `flwr-clientapp` process
[pipeline] conectando ao banco: postgresql://mosaicfl:senhaForte@localhost:5432/mo...
[pipeline] conexão OK
[pipeline] executando query (max_seq_len=128 — pode levar alguns minutos)...
[pipeline] query concluída em 7.1s — 1,518,538 linhas
[pipeline] filtrado para hospital_id='BPSP' — 1,518,538 linhas
[pipeline] 28,599 atendimentos únicos encontrados
[pipeline] usando vocabulário pré-compartilhado — 38 tokens
[pipeline] construindo tensores para 28,599 sequências...
[pipeline] tensores: 2,859/28,599 (10%)
[pipeline] tensores: 5,718/28,599 (20%)
[pipeline] tensores: 8,577/28,599 (30%)
[pipeline] tensores: 11,436/28,599 (40%)
[pipeline] tensores: 14,295/28,599 (50%)
[pipeline] tensores: 17,154/28,599 (60%)
[pipeline] tensores: 20,013/28,599 (70%)
[pipeline] tensores: 22,872/28,599 (80%)
[pipeline] tensores: 25,731/28,599 (90%)
[pipeline] tensores: 28,590/28,599 (100%)
[pipeline] tensores prontos em 3.6s
[pipeline] concluído em 11.1s total — 28,599 pacientes | dist={0: 15892, 1: 318, 2: 120, 3: 9448, 4: 2821} | demográficos: age_mean=0.51 sex_M=13664/28599
[92mINFO [0m:      
[92mINFO [0m:      
[92mINFO [0m:      [RUN 10968871761967593261, ROUND 71]
[92mINFO [0m:      Sending: train message (ID: e7779602542f76ac29c32dcde66404576a3c8b16f418fb6dbc5e261b7bcc3b15)
[92mINFO [0m:      Sent successfully
[92mINFO [0m:      
[92mINFO [0m:      [RUN 10968871761967593261, ROUND 71]
[92mINFO [0m:      Receiving: evaluate message (ID: aea4fd806ff25612ef650e2ba67f6e0ba4b707bbfb5b12ccfe0a7b802871b1b7)
[92mINFO [0m:      Received successfully
[92mINFO [0m:      Start `flwr-clientapp` process
[pipeline] conectando ao banco: postgresql://mosaicfl:senhaForte@localhost:5432/mo...
[pipeline] conexão OK
[pipeline] executando query (max_seq_len=128 — pode levar alguns minutos)...
[pipeline] query concluída em 7.2s — 1,518,538 linhas
[pipeline] filtrado para hospital_id='BPSP' — 1,518,538 linhas
[pipeline] 28,599 atendimentos únicos encontrados
[pipeline] usando vocabulário pré-compartilhado — 38 tokens
[pipeline] construindo tensores para 28,599 sequências...
[pipeline] tensores: 2,859/28,599 (10%)
[pipeline] tensores: 5,718/28,599 (20%)
[pipeline] tensores: 8,577/28,599 (30%)
[pipeline] tensores: 11,436/28,599 (40%)
[pipeline] tensores: 14,295/28,599 (50%)
[pipeline] tensores: 17,154/28,599 (60%)
[pipeline] tensores: 20,013/28,599 (70%)
[pipeline] tensores: 22,872/28,599 (80%)
[pipeline] tensores: 25,731/28,599 (90%)
[pipeline] tensores: 28,590/28,599 (100%)
[pipeline] tensores prontos em 3.7s
[pipeline] concluído em 11.2s total — 28,599 pacientes | dist={0: 15892, 1: 318, 2: 120, 3: 9448, 4: 2821} | demográficos: age_mean=0.51 sex_M=13664/28599
[92mINFO [0m:      
[92mINFO [0m:      
[92mINFO [0m:      [RUN 10968871761967593261, ROUND 71]
[92mINFO [0m:      Sending: evaluate message (ID: f50733bce5ee43313812fcfda49cc6b17a42ebfe75802371aa125f5bbb1796c1)
[92mINFO [0m:      Sent successfully
[92mINFO [0m:      
[92mINFO [0m:      [RUN 10968871761967593261, ROUND 72]
[92mINFO [0m:      Receiving: train message (ID: 17327b140ec907eff02d33bc6cdf160843061091280c05ed0ad4a3948c9b4015)
[92mINFO [0m:      Received successfully
[92mINFO [0m:      Start `flwr-clientapp` process
[pipeline] conectando ao banco: postgresql://mosaicfl:senhaForte@localhost:5432/mo...
[pipeline] conexão OK
[pipeline] executando query (max_seq_len=128 — pode levar alguns minutos)...
[pipeline] query concluída em 7.3s — 1,518,538 linhas
[pipeline] filtrado para hospital_id='BPSP' — 1,518,538 linhas
[pipeline] 28,599 atendimentos únicos encontrados
[pipeline] usando vocabulário pré-compartilhado — 38 tokens
[pipeline] construindo tensores para 28,599 sequências...
[pipeline] tensores: 2,859/28,599 (10%)
[pipeline] tensores: 5,718/28,599 (20%)
[pipeline] tensores: 8,577/28,599 (30%)
[pipeline] tensores: 11,436/28,599 (40%)
[pipeline] tensores: 14,295/28,599 (50%)
[pipeline] tensores: 17,154/28,599 (60%)
[pipeline] tensores: 20,013/28,599 (70%)
[pipeline] tensores: 22,872/28,599 (80%)
[pipeline] tensores: 25,731/28,599 (90%)
[pipeline] tensores: 28,590/28,599 (100%)
[pipeline] tensores prontos em 3.7s
[pipeline] concluído em 11.3s total — 28,599 pacientes | dist={0: 15892, 1: 318, 2: 120, 3: 9448, 4: 2821} | demográficos: age_mean=0.51 sex_M=13664/28599
[92mINFO [0m:      
[92mINFO [0m:      
[92mINFO [0m:      [RUN 10968871761967593261, ROUND 72]
[92mINFO [0m:      Sending: train message (ID: bd553ba995fcf941c86815b6f0ee989422bdc698b0b0adad1879135dd01c7cd8)
[92mINFO [0m:      Sent successfully
[92mINFO [0m:      
[92mINFO [0m:      [RUN 10968871761967593261, ROUND 72]
[92mINFO [0m:      Receiving: evaluate message (ID: d25476c871afe7e01be0526d12b7fd0c812d9282f395608eede6cd9a74e18a17)
[92mINFO [0m:      Received successfully
[92mINFO [0m:      Start `flwr-clientapp` process
[pipeline] conectando ao banco: postgresql://mosaicfl:senhaForte@localhost:5432/mo...
[pipeline] conexão OK
[pipeline] executando query (max_seq_len=128 — pode levar alguns minutos)...
[pipeline] query concluída em 7.2s — 1,518,538 linhas
[pipeline] filtrado para hospital_id='BPSP' — 1,518,538 linhas
[pipeline] 28,599 atendimentos únicos encontrados
[pipeline] usando vocabulário pré-compartilhado — 38 tokens
[pipeline] construindo tensores para 28,599 sequências...
[pipeline] tensores: 2,859/28,599 (10%)
[pipeline] tensores: 5,718/28,599 (20%)
[pipeline] tensores: 8,577/28,599 (30%)
[pipeline] tensores: 11,436/28,599 (40%)
[pipeline] tensores: 14,295/28,599 (50%)
[pipeline] tensores: 17,154/28,599 (60%)
[pipeline] tensores: 20,013/28,599 (70%)
[pipeline] tensores: 22,872/28,599 (80%)
[pipeline] tensores: 25,731/28,599 (90%)
[pipeline] tensores: 28,590/28,599 (100%)
[pipeline] tensores prontos em 3.6s
[pipeline] concluído em 11.1s total — 28,599 pacientes | dist={0: 15892, 1: 318, 2: 120, 3: 9448, 4: 2821} | demográficos: age_mean=0.51 sex_M=13664/28599
[92mINFO [0m:      
[92mINFO [0m:      
[92mINFO [0m:      [RUN 10968871761967593261, ROUND 72]
[92mINFO [0m:      Sending: evaluate message (ID: f146af1f1b11f4911430c3d4b30cd987034222f08caf2bf62f2a3800e1648de5)
[92mINFO [0m:      Sent successfully
[92mINFO [0m:      
[92mINFO [0m:      [RUN 10968871761967593261, ROUND 73]
[92mINFO [0m:      Receiving: train message (ID: 487ca85ffc072a7fe2d48aa23ae0f68df8286bb364b486ca494bb4f9298ecf52)
[92mINFO [0m:      Received successfully
[92mINFO [0m:      Start `flwr-clientapp` process
[pipeline] conectando ao banco: postgresql://mosaicfl:senhaForte@localhost:5432/mo...
[pipeline] conexão OK
[pipeline] executando query (max_seq_len=128 — pode levar alguns minutos)...
[pipeline] query concluída em 7.1s — 1,518,538 linhas
[pipeline] filtrado para hospital_id='BPSP' — 1,518,538 linhas
[pipeline] 28,599 atendimentos únicos encontrados
[pipeline] usando vocabulário pré-compartilhado — 38 tokens
[pipeline] construindo tensores para 28,599 sequências...
[pipeline] tensores: 2,859/28,599 (10%)
[pipeline] tensores: 5,718/28,599 (20%)
[pipeline] tensores: 8,577/28,599 (30%)
[pipeline] tensores: 11,436/28,599 (40%)
[pipeline] tensores: 14,295/28,599 (50%)
[pipeline] tensores: 17,154/28,599 (60%)
[pipeline] tensores: 20,013/28,599 (70%)
[pipeline] tensores: 22,872/28,599 (80%)
[pipeline] tensores: 25,731/28,599 (90%)
[pipeline] tensores: 28,590/28,599 (100%)
[pipeline] tensores prontos em 3.6s
[pipeline] concluído em 11.0s total — 28,599 pacientes | dist={0: 15892, 1: 318, 2: 120, 3: 9448, 4: 2821} | demográficos: age_mean=0.51 sex_M=13664/28599
[92mINFO [0m:      
[92mINFO [0m:      
[92mINFO [0m:      [RUN 10968871761967593261, ROUND 73]
[92mINFO [0m:      Sending: train message (ID: 88555bd377e524828f54d246767866c4afc5b7c269d836d1e2c41c4c9636fd17)
[92mINFO [0m:      Sent successfully
[92mINFO [0m:      
[92mINFO [0m:      [RUN 10968871761967593261, ROUND 73]
[92mINFO [0m:      Receiving: evaluate message (ID: 13bbd89661f49e2f753c1bd7e277ca3f5a131de226be349ba7c7429ed85068d1)
[92mINFO [0m:      Received successfully
[92mINFO [0m:      Start `flwr-clientapp` process
[pipeline] conectando ao banco: postgresql://mosaicfl:senhaForte@localhost:5432/mo...
[pipeline] conexão OK
[pipeline] executando query (max_seq_len=128 — pode levar alguns minutos)...
[pipeline] query concluída em 7.1s — 1,518,538 linhas
[pipeline] filtrado para hospital_id='BPSP' — 1,518,538 linhas
[pipeline] 28,599 atendimentos únicos encontrados
[pipeline] usando vocabulário pré-compartilhado — 38 tokens
[pipeline] construindo tensores para 28,599 sequências...
[pipeline] tensores: 2,859/28,599 (10%)
[pipeline] tensores: 5,718/28,599 (20%)
[pipeline] tensores: 8,577/28,599 (30%)
[pipeline] tensores: 11,436/28,599 (40%)
[pipeline] tensores: 14,295/28,599 (50%)
[pipeline] tensores: 17,154/28,599 (60%)
[pipeline] tensores: 20,013/28,599 (70%)
[pipeline] tensores: 22,872/28,599 (80%)
[pipeline] tensores: 25,731/28,599 (90%)
[pipeline] tensores: 28,590/28,599 (100%)
[pipeline] tensores prontos em 3.5s
[pipeline] concluído em 11.0s total — 28,599 pacientes | dist={0: 15892, 1: 318, 2: 120, 3: 9448, 4: 2821} | demográficos: age_mean=0.51 sex_M=13664/28599
[92mINFO [0m:      
[92mINFO [0m:      
[92mINFO [0m:      [RUN 10968871761967593261, ROUND 73]
[92mINFO [0m:      Sending: evaluate message (ID: 9c0967d312e14ca688f7397126bd5f568f2a261c8ec2150d60cfdb8cc59df94a)
[92mINFO [0m:      Sent successfully
[92mINFO [0m:      
[92mINFO [0m:      [RUN 10968871761967593261, ROUND 74]
[92mINFO [0m:      Receiving: train message (ID: 69c13f5af63b58e0e269a904fd39a12941dc6f0dec869f0662664de3ab120c81)
[92mINFO [0m:      Received successfully
[92mINFO [0m:      Start `flwr-clientapp` process
[pipeline] conectando ao banco: postgresql://mosaicfl:senhaForte@localhost:5432/mo...
[pipeline] conexão OK
[pipeline] executando query (max_seq_len=128 — pode levar alguns minutos)...
[pipeline] query concluída em 7.2s — 1,518,538 linhas
[pipeline] filtrado para hospital_id='BPSP' — 1,518,538 linhas
[pipeline] 28,599 atendimentos únicos encontrados
[pipeline] usando vocabulário pré-compartilhado — 38 tokens
[pipeline] construindo tensores para 28,599 sequências...
[pipeline] tensores: 2,859/28,599 (10%)
[pipeline] tensores: 5,718/28,599 (20%)
[pipeline] tensores: 8,577/28,599 (30%)
[pipeline] tensores: 11,436/28,599 (40%)
[pipeline] tensores: 14,295/28,599 (50%)
[pipeline] tensores: 17,154/28,599 (60%)
[pipeline] tensores: 20,013/28,599 (70%)
[pipeline] tensores: 22,872/28,599 (80%)
[pipeline] tensores: 25,731/28,599 (90%)
[pipeline] tensores: 28,590/28,599 (100%)
[pipeline] tensores prontos em 3.5s
[pipeline] concluído em 11.1s total — 28,599 pacientes | dist={0: 15892, 1: 318, 2: 120, 3: 9448, 4: 2821} | demográficos: age_mean=0.51 sex_M=13664/28599
[92mINFO [0m:      
[92mINFO [0m:      
[92mINFO [0m:      [RUN 10968871761967593261, ROUND 74]
[92mINFO [0m:      Sending: train message (ID: 17ce40475c4facd635b7d734b2f88af5d85a3c818266a55a689c529b0f6c94ae)
[92mINFO [0m:      Sent successfully
[92mINFO [0m:      
[92mINFO [0m:      [RUN 10968871761967593261, ROUND 74]
[92mINFO [0m:      Receiving: evaluate message (ID: 3e01815acac8edfb8077aa74a567e5ddc397c29a6fa353e6e0732d157a056315)
[92mINFO [0m:      Received successfully
[92mINFO [0m:      Start `flwr-clientapp` process
[pipeline] conectando ao banco: postgresql://mosaicfl:senhaForte@localhost:5432/mo...
[pipeline] conexão OK
[pipeline] executando query (max_seq_len=128 — pode levar alguns minutos)...
[pipeline] query concluída em 7.3s — 1,518,538 linhas
[pipeline] filtrado para hospital_id='BPSP' — 1,518,538 linhas
[pipeline] 28,599 atendimentos únicos encontrados
[pipeline] usando vocabulário pré-compartilhado — 38 tokens
[pipeline] construindo tensores para 28,599 sequências...
[pipeline] tensores: 2,859/28,599 (10%)
[pipeline] tensores: 5,718/28,599 (20%)
[pipeline] tensores: 8,577/28,599 (30%)
[pipeline] tensores: 11,436/28,599 (40%)
[pipeline] tensores: 14,295/28,599 (50%)
[pipeline] tensores: 17,154/28,599 (60%)
[pipeline] tensores: 20,013/28,599 (70%)
[pipeline] tensores: 22,872/28,599 (80%)
[pipeline] tensores: 25,731/28,599 (90%)
[pipeline] tensores: 28,590/28,599 (100%)
[pipeline] tensores prontos em 3.6s
[pipeline] concluído em 11.2s total — 28,599 pacientes | dist={0: 15892, 1: 318, 2: 120, 3: 9448, 4: 2821} | demográficos: age_mean=0.51 sex_M=13664/28599
[92mINFO [0m:      
[92mINFO [0m:      [RUN 10968871761967593261, ROUND 74]
[92mINFO [0m:      Sending: evaluate message (ID: ca5b4661bd8d7f5ade3da180af0e3eb26bcf3a3c9ca2991d3c0ae7ee8bc98661)
[92mINFO [0m:      Sent successfully
[92mINFO [0m:      
[92mINFO [0m:      
[92mINFO [0m:      [RUN 10968871761967593261, ROUND 75]
[92mINFO [0m:      Receiving: train message (ID: fde9d60f1a3c4c5a3f682cee22a9c555d2862b71bbec6cbb3b00150567911d27)
[92mINFO [0m:      Received successfully
[92mINFO [0m:      Start `flwr-clientapp` process
[pipeline] conectando ao banco: postgresql://mosaicfl:senhaForte@localhost:5432/mo...
[pipeline] conexão OK
[pipeline] executando query (max_seq_len=128 — pode levar alguns minutos)...
[pipeline] query concluída em 7.3s — 1,518,538 linhas
[pipeline] filtrado para hospital_id='BPSP' — 1,518,538 linhas
[pipeline] 28,599 atendimentos únicos encontrados
[pipeline] usando vocabulário pré-compartilhado — 38 tokens
[pipeline] construindo tensores para 28,599 sequências...
[pipeline] tensores: 2,859/28,599 (10%)
[pipeline] tensores: 5,718/28,599 (20%)
[pipeline] tensores: 8,577/28,599 (30%)
[pipeline] tensores: 11,436/28,599 (40%)
[pipeline] tensores: 14,295/28,599 (50%)
[pipeline] tensores: 17,154/28,599 (60%)
[pipeline] tensores: 20,013/28,599 (70%)
[pipeline] tensores: 22,872/28,599 (80%)
[pipeline] tensores: 25,731/28,599 (90%)
[pipeline] tensores: 28,590/28,599 (100%)
[pipeline] tensores prontos em 3.7s
[pipeline] concluído em 11.3s total — 28,599 pacientes | dist={0: 15892, 1: 318, 2: 120, 3: 9448, 4: 2821} | demográficos: age_mean=0.51 sex_M=13664/28599
[92mINFO [0m:      
[92mINFO [0m:      
[92mINFO [0m:      [RUN 10968871761967593261, ROUND 75]
[92mINFO [0m:      Sending: train message (ID: 6c4d77df0e553bac064970e22a5559995838a990fb0dd2891d276c9c4cb8d05b)
[92mINFO [0m:      Sent successfully
[92mINFO [0m:      
[92mINFO [0m:      [RUN 10968871761967593261, ROUND 75]
[92mINFO [0m:      Receiving: evaluate message (ID: 5352f9c67a2e620cf53942062098854dca8a87e101315ac7a4b6bbdb3a2c95b9)
[92mINFO [0m:      Received successfully
[92mINFO [0m:      Start `flwr-clientapp` process
[pipeline] conectando ao banco: postgresql://mosaicfl:senhaForte@localhost:5432/mo...
[pipeline] conexão OK
[pipeline] executando query (max_seq_len=128 — pode levar alguns minutos)...
[pipeline] query concluída em 7.2s — 1,518,538 linhas
[pipeline] filtrado para hospital_id='BPSP' — 1,518,538 linhas
[pipeline] 28,599 atendimentos únicos encontrados
[pipeline] usando vocabulário pré-compartilhado — 38 tokens
[pipeline] construindo tensores para 28,599 sequências...
[pipeline] tensores: 2,859/28,599 (10%)
[pipeline] tensores: 5,718/28,599 (20%)
[pipeline] tensores: 8,577/28,599 (30%)
[pipeline] tensores: 11,436/28,599 (40%)
[pipeline] tensores: 14,295/28,599 (50%)
[pipeline] tensores: 17,154/28,599 (60%)
[pipeline] tensores: 20,013/28,599 (70%)
[pipeline] tensores: 22,872/28,599 (80%)
[pipeline] tensores: 25,731/28,599 (90%)
[pipeline] tensores: 28,590/28,599 (100%)
[pipeline] tensores prontos em 3.6s
[pipeline] concluído em 11.2s total — 28,599 pacientes | dist={0: 15892, 1: 318, 2: 120, 3: 9448, 4: 2821} | demográficos: age_mean=0.51 sex_M=13664/28599
[92mINFO [0m:      
[92mINFO [0m:      
[92mINFO [0m:      [RUN 10968871761967593261, ROUND 75]
[92mINFO [0m:      Sending: evaluate message (ID: a7b27df6a9ff26fa44de1a3f75fdeb3d708173e2df661dc8cceeab077b272677)
[92mINFO [0m:      Sent successfully
[92mINFO [0m:      
[92mINFO [0m:      [RUN 10968871761967593261, ROUND 76]
[92mINFO [0m:      Receiving: train message (ID: 278573ad03d43f90deb25a0c6e4b2ff22da410fe87bd4dfa5142665d94540d09)
[92mINFO [0m:      Received successfully
[92mINFO [0m:      Start `flwr-clientapp` process
[pipeline] conectando ao banco: postgresql://mosaicfl:senhaForte@localhost:5432/mo...
[pipeline] conexão OK
[pipeline] executando query (max_seq_len=128 — pode levar alguns minutos)...
[pipeline] query concluída em 7.1s — 1,518,538 linhas
[pipeline] filtrado para hospital_id='BPSP' — 1,518,538 linhas
[pipeline] 28,599 atendimentos únicos encontrados
[pipeline] usando vocabulário pré-compartilhado — 38 tokens
[pipeline] construindo tensores para 28,599 sequências...
[pipeline] tensores: 2,859/28,599 (10%)
[pipeline] tensores: 5,718/28,599 (20%)
[pipeline] tensores: 8,577/28,599 (30%)
[pipeline] tensores: 11,436/28,599 (40%)
[pipeline] tensores: 14,295/28,599 (50%)
[pipeline] tensores: 17,154/28,599 (60%)
[pipeline] tensores: 20,013/28,599 (70%)
[pipeline] tensores: 22,872/28,599 (80%)
[pipeline] tensores: 25,731/28,599 (90%)
[pipeline] tensores: 28,590/28,599 (100%)
[pipeline] tensores prontos em 3.6s
[pipeline] concluído em 11.1s total — 28,599 pacientes | dist={0: 15892, 1: 318, 2: 120, 3: 9448, 4: 2821} | demográficos: age_mean=0.51 sex_M=13664/28599
[92mINFO [0m:      
[92mINFO [0m:      [RUN 10968871761967593261, ROUND 76]
[92mINFO [0m:      Sending: train message (ID: 538f1ea31ee4ebfbaeb12776fd515c4dcb3f1e0212f582473a26925a9568d070)
[92mINFO [0m:      
[92mINFO [0m:      Sent successfully
[92mINFO [0m:      
[92mINFO [0m:      [RUN 10968871761967593261, ROUND 76]
[92mINFO [0m:      Receiving: evaluate message (ID: 4f4471391c6823edcc78c94ca9d8c7806adc869cc55e7f3679ba302733006c59)
[92mINFO [0m:      Received successfully
[92mINFO [0m:      Start `flwr-clientapp` process
[pipeline] conectando ao banco: postgresql://mosaicfl:senhaForte@localhost:5432/mo...
[pipeline] conexão OK
[pipeline] executando query (max_seq_len=128 — pode levar alguns minutos)...
[pipeline] query concluída em 7.3s — 1,518,538 linhas
[pipeline] filtrado para hospital_id='BPSP' — 1,518,538 linhas
[pipeline] 28,599 atendimentos únicos encontrados
[pipeline] usando vocabulário pré-compartilhado — 38 tokens
[pipeline] construindo tensores para 28,599 sequências...
[pipeline] tensores: 2,859/28,599 (10%)
[pipeline] tensores: 5,718/28,599 (20%)
[pipeline] tensores: 8,577/28,599 (30%)
[pipeline] tensores: 11,436/28,599 (40%)
[pipeline] tensores: 14,295/28,599 (50%)
[pipeline] tensores: 17,154/28,599 (60%)
[pipeline] tensores: 20,013/28,599 (70%)
[pipeline] tensores: 22,872/28,599 (80%)
[pipeline] tensores: 25,731/28,599 (90%)
[pipeline] tensores: 28,590/28,599 (100%)
[pipeline] tensores prontos em 3.6s
[pipeline] concluído em 11.3s total — 28,599 pacientes | dist={0: 15892, 1: 318, 2: 120, 3: 9448, 4: 2821} | demográficos: age_mean=0.51 sex_M=13664/28599
[92mINFO [0m:      
[92mINFO [0m:      [RUN 10968871761967593261, ROUND 76]
[92mINFO [0m:      Sending: evaluate message (ID: 7bd032a6831daa2e6c0d33903eeda7c4ac19af4144b58cea9236b9fa9c4c20bd)
[92mINFO [0m:      Sent successfully
[92mINFO [0m:      
[92mINFO [0m:      
[92mINFO [0m:      [RUN 10968871761967593261, ROUND 77]
[92mINFO [0m:      Receiving: train message (ID: 99c5c1aee6786271704f0e0d9dfd45b881294b362f3a9f0af9e55cbbb8f48f9b)
[92mINFO [0m:      Received successfully
[92mINFO [0m:      Start `flwr-clientapp` process
[pipeline] conectando ao banco: postgresql://mosaicfl:senhaForte@localhost:5432/mo...
[pipeline] conexão OK
[pipeline] executando query (max_seq_len=128 — pode levar alguns minutos)...
[pipeline] query concluída em 7.2s — 1,518,538 linhas
[pipeline] filtrado para hospital_id='BPSP' — 1,518,538 linhas
[pipeline] 28,599 atendimentos únicos encontrados
[pipeline] usando vocabulário pré-compartilhado — 38 tokens
[pipeline] construindo tensores para 28,599 sequências...
[pipeline] tensores: 2,859/28,599 (10%)
[pipeline] tensores: 5,718/28,599 (20%)
[pipeline] tensores: 8,577/28,599 (30%)
[pipeline] tensores: 11,436/28,599 (40%)
[pipeline] tensores: 14,295/28,599 (50%)
[pipeline] tensores: 17,154/28,599 (60%)
[pipeline] tensores: 20,013/28,599 (70%)
[pipeline] tensores: 22,872/28,599 (80%)
[pipeline] tensores: 25,731/28,599 (90%)
[pipeline] tensores: 28,590/28,599 (100%)
[pipeline] tensores prontos em 3.6s
[pipeline] concluído em 11.1s total — 28,599 pacientes | dist={0: 15892, 1: 318, 2: 120, 3: 9448, 4: 2821} | demográficos: age_mean=0.51 sex_M=13664/28599
[92mINFO [0m:      
[92mINFO [0m:      [RUN 10968871761967593261, ROUND 77]
[92mINFO [0m:      Sending: train message (ID: a2988e234d5fe396dc6fb218a957ea80dc7d87d68cde5fa8def895a8a55d7760)
[92mINFO [0m:      
[92mINFO [0m:      Sent successfully
[92mINFO [0m:      
[92mINFO [0m:      [RUN 10968871761967593261, ROUND 77]
[92mINFO [0m:      Receiving: evaluate message (ID: 97855ee1ba09ce3166df8f183e9e15e14ba4505504edf4b7686ab8a31f1bb8ba)
[92mINFO [0m:      Received successfully
[92mINFO [0m:      Start `flwr-clientapp` process
[pipeline] conectando ao banco: postgresql://mosaicfl:senhaForte@localhost:5432/mo...
[pipeline] conexão OK
[pipeline] executando query (max_seq_len=128 — pode levar alguns minutos)...
[pipeline] query concluída em 7.3s — 1,518,538 linhas
[pipeline] filtrado para hospital_id='BPSP' — 1,518,538 linhas
[pipeline] 28,599 atendimentos únicos encontrados
[pipeline] usando vocabulário pré-compartilhado — 38 tokens
[pipeline] construindo tensores para 28,599 sequências...
[pipeline] tensores: 2,859/28,599 (10%)
[pipeline] tensores: 5,718/28,599 (20%)
[pipeline] tensores: 8,577/28,599 (30%)
[pipeline] tensores: 11,436/28,599 (40%)
[pipeline] tensores: 14,295/28,599 (50%)
[pipeline] tensores: 17,154/28,599 (60%)
[pipeline] tensores: 20,013/28,599 (70%)
[pipeline] tensores: 22,872/28,599 (80%)
[pipeline] tensores: 25,731/28,599 (90%)
[pipeline] tensores: 28,590/28,599 (100%)
[pipeline] tensores prontos em 3.7s
[pipeline] concluído em 11.4s total — 28,599 pacientes | dist={0: 15892, 1: 318, 2: 120, 3: 9448, 4: 2821} | demográficos: age_mean=0.51 sex_M=13664/28599
[92mINFO [0m:      
[92mINFO [0m:      
[92mINFO [0m:      [RUN 10968871761967593261, ROUND 77]
[92mINFO [0m:      Sending: evaluate message (ID: b41f9ad42e8fc875359b1e9d3aadb6a1f546bee213d4010d60b0cd2c171d5efc)
[92mINFO [0m:      Sent successfully
[92mINFO [0m:      
[92mINFO [0m:      [RUN 10968871761967593261, ROUND 78]
[92mINFO [0m:      Receiving: train message (ID: 465d9b500712afcfe941d0a57d936c57ab25420226a75240305952dd101f3a9d)
[92mINFO [0m:      Received successfully
[92mINFO [0m:      Start `flwr-clientapp` process
[pipeline] conectando ao banco: postgresql://mosaicfl:senhaForte@localhost:5432/mo...
[pipeline] conexão OK
[pipeline] executando query (max_seq_len=128 — pode levar alguns minutos)...
[pipeline] query concluída em 7.2s — 1,518,538 linhas
[pipeline] filtrado para hospital_id='BPSP' — 1,518,538 linhas
[pipeline] 28,599 atendimentos únicos encontrados
[pipeline] usando vocabulário pré-compartilhado — 38 tokens
[pipeline] construindo tensores para 28,599 sequências...
[pipeline] tensores: 2,859/28,599 (10%)
[pipeline] tensores: 5,718/28,599 (20%)
[pipeline] tensores: 8,577/28,599 (30%)
[pipeline] tensores: 11,436/28,599 (40%)
[pipeline] tensores: 14,295/28,599 (50%)
[pipeline] tensores: 17,154/28,599 (60%)
[pipeline] tensores: 20,013/28,599 (70%)
[pipeline] tensores: 22,872/28,599 (80%)
[pipeline] tensores: 25,731/28,599 (90%)
[pipeline] tensores: 28,590/28,599 (100%)
[pipeline] tensores prontos em 3.6s
[pipeline] concluído em 11.1s total — 28,599 pacientes | dist={0: 15892, 1: 318, 2: 120, 3: 9448, 4: 2821} | demográficos: age_mean=0.51 sex_M=13664/28599
[92mINFO [0m:      
[92mINFO [0m:      
[92mINFO [0m:      [RUN 10968871761967593261, ROUND 78]
[92mINFO [0m:      Sending: train message (ID: 91f4b4da248238c0839d0a8e9263e49107fb98f44824d25f97f263a046c266c0)
[92mINFO [0m:      Sent successfully
[92mINFO [0m:      
[92mINFO [0m:      [RUN 10968871761967593261, ROUND 78]
[92mINFO [0m:      Receiving: evaluate message (ID: 9e15c2e8fe7ceb9494965964ff7c65136b5f872934bfe613d1603876994fd048)
[92mINFO [0m:      Received successfully
[92mINFO [0m:      Start `flwr-clientapp` process
[pipeline] conectando ao banco: postgresql://mosaicfl:senhaForte@localhost:5432/mo...
[pipeline] conexão OK
[pipeline] executando query (max_seq_len=128 — pode levar alguns minutos)...
[pipeline] query concluída em 7.1s — 1,518,538 linhas
[pipeline] filtrado para hospital_id='BPSP' — 1,518,538 linhas
[pipeline] 28,599 atendimentos únicos encontrados
[pipeline] usando vocabulário pré-compartilhado — 38 tokens
[pipeline] construindo tensores para 28,599 sequências...
[pipeline] tensores: 2,859/28,599 (10%)
[pipeline] tensores: 5,718/28,599 (20%)
[pipeline] tensores: 8,577/28,599 (30%)
[pipeline] tensores: 11,436/28,599 (40%)
[pipeline] tensores: 14,295/28,599 (50%)
[pipeline] tensores: 17,154/28,599 (60%)
[pipeline] tensores: 20,013/28,599 (70%)
[pipeline] tensores: 22,872/28,599 (80%)
[pipeline] tensores: 25,731/28,599 (90%)
[pipeline] tensores: 28,590/28,599 (100%)
[pipeline] tensores prontos em 3.6s
[pipeline] concluído em 11.0s total — 28,599 pacientes | dist={0: 15892, 1: 318, 2: 120, 3: 9448, 4: 2821} | demográficos: age_mean=0.51 sex_M=13664/28599
[92mINFO [0m:      
[92mINFO [0m:      
[92mINFO [0m:      [RUN 10968871761967593261, ROUND 78]
[92mINFO [0m:      Sending: evaluate message (ID: 077cd6eadf10b0317994d4489aa2de3f4a5137518266417f1d47888044fd033e)
[92mINFO [0m:      Sent successfully
[92mINFO [0m:      
[92mINFO [0m:      [RUN 10968871761967593261, ROUND 79]
[92mINFO [0m:      Receiving: train message (ID: 41644f086db1321513a7f4b2deafde5bf59b1c50aa107ba1ce32ce0925110b16)
[92mINFO [0m:      Received successfully
[92mINFO [0m:      Start `flwr-clientapp` process
[pipeline] conectando ao banco: postgresql://mosaicfl:senhaForte@localhost:5432/mo...
[pipeline] conexão OK
[pipeline] executando query (max_seq_len=128 — pode levar alguns minutos)...
[pipeline] query concluída em 7.2s — 1,518,538 linhas
[pipeline] filtrado para hospital_id='BPSP' — 1,518,538 linhas
[pipeline] 28,599 atendimentos únicos encontrados
[pipeline] usando vocabulário pré-compartilhado — 38 tokens
[pipeline] construindo tensores para 28,599 sequências...
[pipeline] tensores: 2,859/28,599 (10%)
[pipeline] tensores: 5,718/28,599 (20%)
[pipeline] tensores: 8,577/28,599 (30%)
[pipeline] tensores: 11,436/28,599 (40%)
[pipeline] tensores: 14,295/28,599 (50%)
[pipeline] tensores: 17,154/28,599 (60%)
[pipeline] tensores: 20,013/28,599 (70%)
[pipeline] tensores: 22,872/28,599 (80%)
[pipeline] tensores: 25,731/28,599 (90%)
[pipeline] tensores: 28,590/28,599 (100%)
[pipeline] tensores prontos em 3.6s
[pipeline] concluído em 11.2s total — 28,599 pacientes | dist={0: 15892, 1: 318, 2: 120, 3: 9448, 4: 2821} | demográficos: age_mean=0.51 sex_M=13664/28599
[92mINFO [0m:      
[92mINFO [0m:      
[92mINFO [0m:      [RUN 10968871761967593261, ROUND 79]
[92mINFO [0m:      Sending: train message (ID: c0c41a5451c41c225d5cfe66ba4595411973cd767eb479f5552172de5a0bd359)
[92mINFO [0m:      Sent successfully
[92mINFO [0m:      
[92mINFO [0m:      [RUN 10968871761967593261, ROUND 79]
[92mINFO [0m:      Receiving: evaluate message (ID: 50f858c592eb28233051544d6c3adb4cd238a3817aac05902a2a7d41511bfc03)
[92mINFO [0m:      Received successfully
[92mINFO [0m:      Start `flwr-clientapp` process
[pipeline] conectando ao banco: postgresql://mosaicfl:senhaForte@localhost:5432/mo...
[pipeline] conexão OK
[pipeline] executando query (max_seq_len=128 — pode levar alguns minutos)...
[pipeline] query concluída em 7.2s — 1,518,538 linhas
[pipeline] filtrado para hospital_id='BPSP' — 1,518,538 linhas
[pipeline] 28,599 atendimentos únicos encontrados
[pipeline] usando vocabulário pré-compartilhado — 38 tokens
[pipeline] construindo tensores para 28,599 sequências...
[pipeline] tensores: 2,859/28,599 (10%)
[pipeline] tensores: 5,718/28,599 (20%)
[pipeline] tensores: 8,577/28,599 (30%)
[pipeline] tensores: 11,436/28,599 (40%)
[pipeline] tensores: 14,295/28,599 (50%)
[pipeline] tensores: 17,154/28,599 (60%)
[pipeline] tensores: 20,013/28,599 (70%)
[pipeline] tensores: 22,872/28,599 (80%)
[pipeline] tensores: 25,731/28,599 (90%)
[pipeline] tensores: 28,590/28,599 (100%)
[pipeline] tensores prontos em 3.6s
[pipeline] concluído em 11.1s total — 28,599 pacientes | dist={0: 15892, 1: 318, 2: 120, 3: 9448, 4: 2821} | demográficos: age_mean=0.51 sex_M=13664/28599
[92mINFO [0m:      
[92mINFO [0m:      [RUN 10968871761967593261, ROUND 79]
[92mINFO [0m:      Sending: evaluate message (ID: 14b9747ac2336cff3feb2ed7930818ef8b92d825be05df4242e3632d75756c58)
[92mINFO [0m:      
[92mINFO [0m:      Sent successfully
[92mINFO [0m:      
[92mINFO [0m:      [RUN 10968871761967593261, ROUND 80]
[92mINFO [0m:      Receiving: train message (ID: 989b08204ed6974814bb8a2abc53cb64cfe33bb0c23cb05a085c4f2ef9e54f9e)
[92mINFO [0m:      Received successfully
[92mINFO [0m:      Start `flwr-clientapp` process
[pipeline] conectando ao banco: postgresql://mosaicfl:senhaForte@localhost:5432/mo...
[pipeline] conexão OK
[pipeline] executando query (max_seq_len=128 — pode levar alguns minutos)...
[pipeline] query concluída em 7.1s — 1,518,538 linhas
[pipeline] filtrado para hospital_id='BPSP' — 1,518,538 linhas
[pipeline] 28,599 atendimentos únicos encontrados
[pipeline] usando vocabulário pré-compartilhado — 38 tokens
[pipeline] construindo tensores para 28,599 sequências...
[pipeline] tensores: 2,859/28,599 (10%)
[pipeline] tensores: 5,718/28,599 (20%)
[pipeline] tensores: 8,577/28,599 (30%)
[pipeline] tensores: 11,436/28,599 (40%)
[pipeline] tensores: 14,295/28,599 (50%)
[pipeline] tensores: 17,154/28,599 (60%)
[pipeline] tensores: 20,013/28,599 (70%)
[pipeline] tensores: 22,872/28,599 (80%)
[pipeline] tensores: 25,731/28,599 (90%)
[pipeline] tensores: 28,590/28,599 (100%)
[pipeline] tensores prontos em 3.5s
[pipeline] concluído em 11.0s total — 28,599 pacientes | dist={0: 15892, 1: 318, 2: 120, 3: 9448, 4: 2821} | demográficos: age_mean=0.51 sex_M=13664/28599
[92mINFO [0m:      
[92mINFO [0m:      
[92mINFO [0m:      [RUN 10968871761967593261, ROUND 80]
[92mINFO [0m:      Sending: train message (ID: 86c9051cb0216c75d871b962e9c959cb5180cc817ea3e641b8449434d4952f73)
[92mINFO [0m:      Sent successfully
[92mINFO [0m:      
[92mINFO [0m:      [RUN 10968871761967593261, ROUND 80]
[92mINFO [0m:      Receiving: evaluate message (ID: ba79905e46189bb94f6235f9268333ce2bc6c50c59a66dc0ff297e9bcaa73ea6)
[92mINFO [0m:      Received successfully
[92mINFO [0m:      Start `flwr-clientapp` process
[pipeline] conectando ao banco: postgresql://mosaicfl:senhaForte@localhost:5432/mo...
[pipeline] conexão OK
[pipeline] executando query (max_seq_len=128 — pode levar alguns minutos)...
[pipeline] query concluída em 7.2s — 1,518,538 linhas
[pipeline] filtrado para hospital_id='BPSP' — 1,518,538 linhas
[pipeline] 28,599 atendimentos únicos encontrados
[pipeline] usando vocabulário pré-compartilhado — 38 tokens
[pipeline] construindo tensores para 28,599 sequências...
[pipeline] tensores: 2,859/28,599 (10%)
[pipeline] tensores: 5,718/28,599 (20%)
[pipeline] tensores: 8,577/28,599 (30%)
[pipeline] tensores: 11,436/28,599 (40%)
[pipeline] tensores: 14,295/28,599 (50%)
[pipeline] tensores: 17,154/28,599 (60%)
[pipeline] tensores: 20,013/28,599 (70%)
[pipeline] tensores: 22,872/28,599 (80%)
[pipeline] tensores: 25,731/28,599 (90%)
[pipeline] tensores: 28,590/28,599 (100%)
[pipeline] tensores prontos em 3.6s
[pipeline] concluído em 11.1s total — 28,599 pacientes | dist={0: 15892, 1: 318, 2: 120, 3: 9448, 4: 2821} | demográficos: age_mean=0.51 sex_M=13664/28599
[92mINFO [0m:      
[92mINFO [0m:      
[92mINFO [0m:      [RUN 10968871761967593261, ROUND 80]
[92mINFO [0m:      Sending: evaluate message (ID: 7697b90fa072284b8e5befb97739121802f4568fb55cf459063ba212f34c2c8d)
[92mINFO [0m:      Sent successfully
[92mINFO [0m:      
[92mINFO [0m:      [RUN 10968871761967593261, ROUND 81]
[92mINFO [0m:      Receiving: train message (ID: edc0c2780a8dfc90e52198e6153d219b83d9d5066fbc7525fcd49dbededfdb2f)
[92mINFO [0m:      Received successfully
[92mINFO [0m:      Start `flwr-clientapp` process
[pipeline] conectando ao banco: postgresql://mosaicfl:senhaForte@localhost:5432/mo...
[pipeline] conexão OK
[pipeline] executando query (max_seq_len=128 — pode levar alguns minutos)...
[pipeline] query concluída em 7.1s — 1,518,538 linhas
[pipeline] filtrado para hospital_id='BPSP' — 1,518,538 linhas
[pipeline] 28,599 atendimentos únicos encontrados
[pipeline] usando vocabulário pré-compartilhado — 38 tokens
[pipeline] construindo tensores para 28,599 sequências...
[pipeline] tensores: 2,859/28,599 (10%)
[pipeline] tensores: 5,718/28,599 (20%)
[pipeline] tensores: 8,577/28,599 (30%)
[pipeline] tensores: 11,436/28,599 (40%)
[pipeline] tensores: 14,295/28,599 (50%)
[pipeline] tensores: 17,154/28,599 (60%)
[pipeline] tensores: 20,013/28,599 (70%)
[pipeline] tensores: 22,872/28,599 (80%)
[pipeline] tensores: 25,731/28,599 (90%)
[pipeline] tensores: 28,590/28,599 (100%)
[pipeline] tensores prontos em 3.6s
[pipeline] concluído em 11.0s total — 28,599 pacientes | dist={0: 15892, 1: 318, 2: 120, 3: 9448, 4: 2821} | demográficos: age_mean=0.51 sex_M=13664/28599
[92mINFO [0m:      
[92mINFO [0m:      
[92mINFO [0m:      [RUN 10968871761967593261, ROUND 81]
[92mINFO [0m:      Sending: train message (ID: a53332d32ec3d38ceb67c290cb26ac6c3d0297b9c3263d2b27ae91324e3f1456)
[92mINFO [0m:      Sent successfully
[92mINFO [0m:      
[92mINFO [0m:      [RUN 10968871761967593261, ROUND 81]
[92mINFO [0m:      Receiving: evaluate message (ID: b55eebdd4c5e51a324fc39d15fde3694bdd1ee506b409b2a79baedd830d07dda)
[92mINFO [0m:      Received successfully
[92mINFO [0m:      Start `flwr-clientapp` process
[pipeline] conectando ao banco: postgresql://mosaicfl:senhaForte@localhost:5432/mo...
[pipeline] conexão OK
[pipeline] executando query (max_seq_len=128 — pode levar alguns minutos)...
[pipeline] query concluída em 7.2s — 1,518,538 linhas
[pipeline] filtrado para hospital_id='BPSP' — 1,518,538 linhas
[pipeline] 28,599 atendimentos únicos encontrados
[pipeline] usando vocabulário pré-compartilhado — 38 tokens
[pipeline] construindo tensores para 28,599 sequências...
[pipeline] tensores: 2,859/28,599 (10%)
[pipeline] tensores: 5,718/28,599 (20%)
[pipeline] tensores: 8,577/28,599 (30%)
[pipeline] tensores: 11,436/28,599 (40%)
[pipeline] tensores: 14,295/28,599 (50%)
[pipeline] tensores: 17,154/28,599 (60%)
[pipeline] tensores: 20,013/28,599 (70%)
[pipeline] tensores: 22,872/28,599 (80%)
[pipeline] tensores: 25,731/28,599 (90%)
[pipeline] tensores: 28,590/28,599 (100%)
[pipeline] tensores prontos em 3.6s
[pipeline] concluído em 11.2s total — 28,599 pacientes | dist={0: 15892, 1: 318, 2: 120, 3: 9448, 4: 2821} | demográficos: age_mean=0.51 sex_M=13664/28599
[92mINFO [0m:      
[92mINFO [0m:      
[92mINFO [0m:      [RUN 10968871761967593261, ROUND 81]
[92mINFO [0m:      Sending: evaluate message (ID: b3cb93a7108cec89aca8fb5f76791df948e756004dbd413b5f1a425075fe23ce)
[92mINFO [0m:      Sent successfully
[92mINFO [0m:      
[92mINFO [0m:      [RUN 10968871761967593261, ROUND 82]
[92mINFO [0m:      Receiving: train message (ID: 1da142ed2ab2790f585a99b1bce5c668f4698c9429ba581323de338664ba7ffe)
[92mINFO [0m:      Received successfully
[92mINFO [0m:      Start `flwr-clientapp` process
[pipeline] conectando ao banco: postgresql://mosaicfl:senhaForte@localhost:5432/mo...
[pipeline] conexão OK
[pipeline] executando query (max_seq_len=128 — pode levar alguns minutos)...
[pipeline] query concluída em 7.1s — 1,518,538 linhas
[pipeline] filtrado para hospital_id='BPSP' — 1,518,538 linhas
[pipeline] 28,599 atendimentos únicos encontrados
[pipeline] usando vocabulário pré-compartilhado — 38 tokens
[pipeline] construindo tensores para 28,599 sequências...
[pipeline] tensores: 2,859/28,599 (10%)
[pipeline] tensores: 5,718/28,599 (20%)
[pipeline] tensores: 8,577/28,599 (30%)
[pipeline] tensores: 11,436/28,599 (40%)
[pipeline] tensores: 14,295/28,599 (50%)
[pipeline] tensores: 17,154/28,599 (60%)
[pipeline] tensores: 20,013/28,599 (70%)
[pipeline] tensores: 22,872/28,599 (80%)
[pipeline] tensores: 25,731/28,599 (90%)
[pipeline] tensores: 28,590/28,599 (100%)
[pipeline] tensores prontos em 3.5s
[pipeline] concluído em 11.0s total — 28,599 pacientes | dist={0: 15892, 1: 318, 2: 120, 3: 9448, 4: 2821} | demográficos: age_mean=0.51 sex_M=13664/28599
[92mINFO [0m:      
[92mINFO [0m:      
[92mINFO [0m:      [RUN 10968871761967593261, ROUND 82]
[92mINFO [0m:      Sending: train message (ID: e1e4c8aedd935cdb0e4127b9f7fe553cff1b021ade904ff8cd8a9a00f9ce175c)
[92mINFO [0m:      Sent successfully
[92mINFO [0m:      
[92mINFO [0m:      [RUN 10968871761967593261, ROUND 82]
[92mINFO [0m:      Receiving: evaluate message (ID: b622b9b2a453f906669bb2f28a65611eb0752c6c0b5d6185f52ac0d12a6df6fa)
[92mINFO [0m:      Received successfully
[92mINFO [0m:      Start `flwr-clientapp` process
[pipeline] conectando ao banco: postgresql://mosaicfl:senhaForte@localhost:5432/mo...
[pipeline] conexão OK
[pipeline] executando query (max_seq_len=128 — pode levar alguns minutos)...
[pipeline] query concluída em 7.2s — 1,518,538 linhas
[pipeline] filtrado para hospital_id='BPSP' — 1,518,538 linhas
[pipeline] 28,599 atendimentos únicos encontrados
[pipeline] usando vocabulário pré-compartilhado — 38 tokens
[pipeline] construindo tensores para 28,599 sequências...
[pipeline] tensores: 2,859/28,599 (10%)
[pipeline] tensores: 5,718/28,599 (20%)
[pipeline] tensores: 8,577/28,599 (30%)
[pipeline] tensores: 11,436/28,599 (40%)
[pipeline] tensores: 14,295/28,599 (50%)
[pipeline] tensores: 17,154/28,599 (60%)
[pipeline] tensores: 20,013/28,599 (70%)
[pipeline] tensores: 22,872/28,599 (80%)
[pipeline] tensores: 25,731/28,599 (90%)
[pipeline] tensores: 28,590/28,599 (100%)
[pipeline] tensores prontos em 3.6s
[pipeline] concluído em 11.1s total — 28,599 pacientes | dist={0: 15892, 1: 318, 2: 120, 3: 9448, 4: 2821} | demográficos: age_mean=0.51 sex_M=13664/28599
[92mINFO [0m:      
[92mINFO [0m:      [RUN 10968871761967593261, ROUND 82]
[92mINFO [0m:      Sending: evaluate message (ID: 4193f29c7f74a6f0def886da97c5e08500bacc4746a16c60459ef5c466d9c23e)
[92mINFO [0m:      
[92mINFO [0m:      Sent successfully
[92mINFO [0m:      
[92mINFO [0m:      [RUN 10968871761967593261, ROUND 83]
[92mINFO [0m:      Receiving: train message (ID: 5c6c6bf0d55b6d19451eb8e9271d8ba95c4ff5536371365c2c797a460ee0027b)
[92mINFO [0m:      Received successfully
[92mINFO [0m:      Start `flwr-clientapp` process
[pipeline] conectando ao banco: postgresql://mosaicfl:senhaForte@localhost:5432/mo...
[pipeline] conexão OK
[pipeline] executando query (max_seq_len=128 — pode levar alguns minutos)...
[pipeline] query concluída em 7.3s — 1,518,538 linhas
[pipeline] filtrado para hospital_id='BPSP' — 1,518,538 linhas
[pipeline] 28,599 atendimentos únicos encontrados
[pipeline] usando vocabulário pré-compartilhado — 38 tokens
[pipeline] construindo tensores para 28,599 sequências...
[pipeline] tensores: 2,859/28,599 (10%)
[pipeline] tensores: 5,718/28,599 (20%)
[pipeline] tensores: 8,577/28,599 (30%)
[pipeline] tensores: 11,436/28,599 (40%)
[pipeline] tensores: 14,295/28,599 (50%)
[pipeline] tensores: 17,154/28,599 (60%)
[pipeline] tensores: 20,013/28,599 (70%)
[pipeline] tensores: 22,872/28,599 (80%)
[pipeline] tensores: 25,731/28,599 (90%)
[pipeline] tensores: 28,590/28,599 (100%)
[pipeline] tensores prontos em 3.7s
[pipeline] concluído em 11.4s total — 28,599 pacientes | dist={0: 15892, 1: 318, 2: 120, 3: 9448, 4: 2821} | demográficos: age_mean=0.51 sex_M=13664/28599
[92mINFO [0m:      
[92mINFO [0m:      [RUN 10968871761967593261, ROUND 83]
[92mINFO [0m:      Sending: train message (ID: 87d5a9d7a199de2aa7ec4eb051774027a479747a033a6908965b95d0a26232b6)
[92mINFO [0m:      
[92mINFO [0m:      Sent successfully
[92mINFO [0m:      
[92mINFO [0m:      [RUN 10968871761967593261, ROUND 83]
[92mINFO [0m:      Receiving: evaluate message (ID: 793d4888ce787263d562d593166be23fe0ba888eac72d6a3d94147bd70cf4adf)
[92mINFO [0m:      Received successfully
[92mINFO [0m:      Start `flwr-clientapp` process
[pipeline] conectando ao banco: postgresql://mosaicfl:senhaForte@localhost:5432/mo...
[pipeline] conexão OK
[pipeline] executando query (max_seq_len=128 — pode levar alguns minutos)...
[pipeline] query concluída em 7.2s — 1,518,538 linhas
[pipeline] filtrado para hospital_id='BPSP' — 1,518,538 linhas
[pipeline] 28,599 atendimentos únicos encontrados
[pipeline] usando vocabulário pré-compartilhado — 38 tokens
[pipeline] construindo tensores para 28,599 sequências...
[pipeline] tensores: 2,859/28,599 (10%)
[pipeline] tensores: 5,718/28,599 (20%)
[pipeline] tensores: 8,577/28,599 (30%)
[pipeline] tensores: 11,436/28,599 (40%)
[pipeline] tensores: 14,295/28,599 (50%)
[pipeline] tensores: 17,154/28,599 (60%)
[pipeline] tensores: 20,013/28,599 (70%)
[pipeline] tensores: 22,872/28,599 (80%)
[pipeline] tensores: 25,731/28,599 (90%)
[pipeline] tensores: 28,590/28,599 (100%)
[pipeline] tensores prontos em 3.6s
[pipeline] concluído em 11.1s total — 28,599 pacientes | dist={0: 15892, 1: 318, 2: 120, 3: 9448, 4: 2821} | demográficos: age_mean=0.51 sex_M=13664/28599
[92mINFO [0m:      
[92mINFO [0m:      [RUN 10968871761967593261, ROUND 83]
[92mINFO [0m:      Sending: evaluate message (ID: d6af970ebc4d734703e7f34987e8e7a1d86aca100a49d07421751260aa6a6c65)
[92mINFO [0m:      Sent successfully
[92mINFO [0m:      
[92mINFO [0m:      
[92mINFO [0m:      [RUN 10968871761967593261, ROUND 84]
[92mINFO [0m:      Receiving: train message (ID: 5bab2d5c0a93694e18f2a4d644777a5d42967b7baad3bc9cdd1897b0c0927df5)
[92mINFO [0m:      Received successfully
[92mINFO [0m:      Start `flwr-clientapp` process
[pipeline] conectando ao banco: postgresql://mosaicfl:senhaForte@localhost:5432/mo...
[pipeline] conexão OK
[pipeline] executando query (max_seq_len=128 — pode levar alguns minutos)...
[pipeline] query concluída em 7.2s — 1,518,538 linhas
[pipeline] filtrado para hospital_id='BPSP' — 1,518,538 linhas
[pipeline] 28,599 atendimentos únicos encontrados
[pipeline] usando vocabulário pré-compartilhado — 38 tokens
[pipeline] construindo tensores para 28,599 sequências...
[pipeline] tensores: 2,859/28,599 (10%)
[pipeline] tensores: 5,718/28,599 (20%)
[pipeline] tensores: 8,577/28,599 (30%)
[pipeline] tensores: 11,436/28,599 (40%)
[pipeline] tensores: 14,295/28,599 (50%)
[pipeline] tensores: 17,154/28,599 (60%)
[pipeline] tensores: 20,013/28,599 (70%)
[pipeline] tensores: 22,872/28,599 (80%)
[pipeline] tensores: 25,731/28,599 (90%)
[pipeline] tensores: 28,590/28,599 (100%)
[pipeline] tensores prontos em 3.6s
[pipeline] concluído em 11.1s total — 28,599 pacientes | dist={0: 15892, 1: 318, 2: 120, 3: 9448, 4: 2821} | demográficos: age_mean=0.51 sex_M=13664/28599
[92mINFO [0m:      
[92mINFO [0m:      
[92mINFO [0m:      [RUN 10968871761967593261, ROUND 84]
[92mINFO [0m:      Sending: train message (ID: 0d98f6a01fd9423c3793a6e45ad1c7033760834055abf6e1ffca27cdfb43b10d)
[92mINFO [0m:      Sent successfully
[92mINFO [0m:      
[92mINFO [0m:      [RUN 10968871761967593261, ROUND 84]
[92mINFO [0m:      Receiving: evaluate message (ID: cc7d4ae028cfff15e8863365c414ed25d07185a6922b19c39fc039f0268e4191)
[92mINFO [0m:      Received successfully
[92mINFO [0m:      Start `flwr-clientapp` process
[pipeline] conectando ao banco: postgresql://mosaicfl:senhaForte@localhost:5432/mo...
[pipeline] conexão OK
[pipeline] executando query (max_seq_len=128 — pode levar alguns minutos)...
[pipeline] query concluída em 7.1s — 1,518,538 linhas
[pipeline] filtrado para hospital_id='BPSP' — 1,518,538 linhas
[pipeline] 28,599 atendimentos únicos encontrados
[pipeline] usando vocabulário pré-compartilhado — 38 tokens
[pipeline] construindo tensores para 28,599 sequências...
[pipeline] tensores: 2,859/28,599 (10%)
[pipeline] tensores: 5,718/28,599 (20%)
[pipeline] tensores: 8,577/28,599 (30%)
[pipeline] tensores: 11,436/28,599 (40%)
[pipeline] tensores: 14,295/28,599 (50%)
[pipeline] tensores: 17,154/28,599 (60%)
[pipeline] tensores: 20,013/28,599 (70%)
[pipeline] tensores: 22,872/28,599 (80%)
[pipeline] tensores: 25,731/28,599 (90%)
[pipeline] tensores: 28,590/28,599 (100%)
[pipeline] tensores prontos em 3.6s
[pipeline] concluído em 11.0s total — 28,599 pacientes | dist={0: 15892, 1: 318, 2: 120, 3: 9448, 4: 2821} | demográficos: age_mean=0.51 sex_M=13664/28599
[92mINFO [0m:      
[92mINFO [0m:      
[92mINFO [0m:      [RUN 10968871761967593261, ROUND 84]
[92mINFO [0m:      Sending: evaluate message (ID: cbbcdf479947212adc13bea74eaf00bf26d006d4d91d9c2a958a1602de3b4321)
[92mINFO [0m:      Sent successfully
[92mINFO [0m:      
[92mINFO [0m:      [RUN 10968871761967593261, ROUND 85]
[92mINFO [0m:      Receiving: train message (ID: aadda6457a88501eb6a583c9087949a3158b5acbbda9365b8bba162637875748)
[92mINFO [0m:      Received successfully
[92mINFO [0m:      Start `flwr-clientapp` process
[pipeline] conectando ao banco: postgresql://mosaicfl:senhaForte@localhost:5432/mo...
[pipeline] conexão OK
[pipeline] executando query (max_seq_len=128 — pode levar alguns minutos)...
[pipeline] query concluída em 7.2s — 1,518,538 linhas
[pipeline] filtrado para hospital_id='BPSP' — 1,518,538 linhas
[pipeline] 28,599 atendimentos únicos encontrados
[pipeline] usando vocabulário pré-compartilhado — 38 tokens
[pipeline] construindo tensores para 28,599 sequências...
[pipeline] tensores: 2,859/28,599 (10%)
[pipeline] tensores: 5,718/28,599 (20%)
[pipeline] tensores: 8,577/28,599 (30%)
[pipeline] tensores: 11,436/28,599 (40%)
[pipeline] tensores: 14,295/28,599 (50%)
[pipeline] tensores: 17,154/28,599 (60%)
[pipeline] tensores: 20,013/28,599 (70%)
[pipeline] tensores: 22,872/28,599 (80%)
[pipeline] tensores: 25,731/28,599 (90%)
[pipeline] tensores: 28,590/28,599 (100%)
[pipeline] tensores prontos em 3.5s
[pipeline] concluído em 11.0s total — 28,599 pacientes | dist={0: 15892, 1: 318, 2: 120, 3: 9448, 4: 2821} | demográficos: age_mean=0.51 sex_M=13664/28599
[92mINFO [0m:      
[92mINFO [0m:      [RUN 10968871761967593261, ROUND 85]
[92mINFO [0m:      Sending: train message (ID: bcb1808867afe541e1fe7cbf2a52fa59ddf977dd77b052b56b4a92a6a90121a6)
[92mINFO [0m:      
[92mINFO [0m:      Sent successfully
[92mINFO [0m:      
[92mINFO [0m:      [RUN 10968871761967593261, ROUND 85]
[92mINFO [0m:      Receiving: evaluate message (ID: fc0fc607890747b9bd2cb2e9ddf832fb75960190269ed4ddf23723e1ec0147ac)
[92mINFO [0m:      Received successfully
[92mINFO [0m:      Start `flwr-clientapp` process
[pipeline] conectando ao banco: postgresql://mosaicfl:senhaForte@localhost:5432/mo...
[pipeline] conexão OK
[pipeline] executando query (max_seq_len=128 — pode levar alguns minutos)...
[pipeline] query concluída em 7.3s — 1,518,538 linhas
[pipeline] filtrado para hospital_id='BPSP' — 1,518,538 linhas
[pipeline] 28,599 atendimentos únicos encontrados
[pipeline] usando vocabulário pré-compartilhado — 38 tokens
[pipeline] construindo tensores para 28,599 sequências...
[pipeline] tensores: 2,859/28,599 (10%)
[pipeline] tensores: 5,718/28,599 (20%)
[pipeline] tensores: 8,577/28,599 (30%)
[pipeline] tensores: 11,436/28,599 (40%)
[pipeline] tensores: 14,295/28,599 (50%)
[pipeline] tensores: 17,154/28,599 (60%)
[pipeline] tensores: 20,013/28,599 (70%)
[pipeline] tensores: 22,872/28,599 (80%)
[pipeline] tensores: 25,731/28,599 (90%)
[pipeline] tensores: 28,590/28,599 (100%)
[pipeline] tensores prontos em 3.7s
[pipeline] concluído em 11.4s total — 28,599 pacientes | dist={0: 15892, 1: 318, 2: 120, 3: 9448, 4: 2821} | demográficos: age_mean=0.51 sex_M=13664/28599
[92mINFO [0m:      
[92mINFO [0m:      
[92mINFO [0m:      [RUN 10968871761967593261, ROUND 85]
[92mINFO [0m:      Sending: evaluate message (ID: ece899e2d7b0d98abf225a4034fe8c94ad1d053f1698bc97e5e4c215ec2e7ea2)
[92mINFO [0m:      Sent successfully
[92mINFO [0m:      
[92mINFO [0m:      [RUN 10968871761967593261, ROUND 86]
[92mINFO [0m:      Receiving: train message (ID: 2d1a5d39b6b22d0eb6d2c513e683390c24e828c9d3f31b3f013d170e2bfec295)
[92mINFO [0m:      Received successfully
[92mINFO [0m:      Start `flwr-clientapp` process
[pipeline] conectando ao banco: postgresql://mosaicfl:senhaForte@localhost:5432/mo...
[pipeline] conexão OK
[pipeline] executando query (max_seq_len=128 — pode levar alguns minutos)...
[pipeline] query concluída em 7.2s — 1,518,538 linhas
[pipeline] filtrado para hospital_id='BPSP' — 1,518,538 linhas
[pipeline] 28,599 atendimentos únicos encontrados
[pipeline] usando vocabulário pré-compartilhado — 38 tokens
[pipeline] construindo tensores para 28,599 sequências...
[pipeline] tensores: 2,859/28,599 (10%)
[pipeline] tensores: 5,718/28,599 (20%)
[pipeline] tensores: 8,577/28,599 (30%)
[pipeline] tensores: 11,436/28,599 (40%)
[pipeline] tensores: 14,295/28,599 (50%)
[pipeline] tensores: 17,154/28,599 (60%)
[pipeline] tensores: 20,013/28,599 (70%)
[pipeline] tensores: 22,872/28,599 (80%)
[pipeline] tensores: 25,731/28,599 (90%)
[pipeline] tensores: 28,590/28,599 (100%)
[pipeline] tensores prontos em 3.6s
[pipeline] concluído em 11.1s total — 28,599 pacientes | dist={0: 15892, 1: 318, 2: 120, 3: 9448, 4: 2821} | demográficos: age_mean=0.51 sex_M=13664/28599
[92mINFO [0m:      
[92mINFO [0m:      
[92mINFO [0m:      [RUN 10968871761967593261, ROUND 86]
[92mINFO [0m:      Sending: train message (ID: e8ba385212c0ccd7354f21320558d5b278d314a75cf99beea981aeea3e4d6f95)
[92mINFO [0m:      Sent successfully
[92mINFO [0m:      
[92mINFO [0m:      [RUN 10968871761967593261, ROUND 86]
[92mINFO [0m:      Receiving: evaluate message (ID: 0f8d471ee6353e80e721b695e0f830357bc0eb8224a20019e5debb6bed0fe682)
[92mINFO [0m:      Received successfully
[92mINFO [0m:      Start `flwr-clientapp` process
[pipeline] conectando ao banco: postgresql://mosaicfl:senhaForte@localhost:5432/mo...
[pipeline] conexão OK
[pipeline] executando query (max_seq_len=128 — pode levar alguns minutos)...
[pipeline] query concluída em 7.1s — 1,518,538 linhas
[pipeline] filtrado para hospital_id='BPSP' — 1,518,538 linhas
[pipeline] 28,599 atendimentos únicos encontrados
[pipeline] usando vocabulário pré-compartilhado — 38 tokens
[pipeline] construindo tensores para 28,599 sequências...
[pipeline] tensores: 2,859/28,599 (10%)
[pipeline] tensores: 5,718/28,599 (20%)
[pipeline] tensores: 8,577/28,599 (30%)
[pipeline] tensores: 11,436/28,599 (40%)
[pipeline] tensores: 14,295/28,599 (50%)
[pipeline] tensores: 17,154/28,599 (60%)
[pipeline] tensores: 20,013/28,599 (70%)
[pipeline] tensores: 22,872/28,599 (80%)
[pipeline] tensores: 25,731/28,599 (90%)
[pipeline] tensores: 28,590/28,599 (100%)
[pipeline] tensores prontos em 3.6s
[pipeline] concluído em 11.0s total — 28,599 pacientes | dist={0: 15892, 1: 318, 2: 120, 3: 9448, 4: 2821} | demográficos: age_mean=0.51 sex_M=13664/28599
[92mINFO [0m:      
[92mINFO [0m:      
[92mINFO [0m:      [RUN 10968871761967593261, ROUND 86]
[92mINFO [0m:      Sending: evaluate message (ID: cdd359082bf4d491833d27074243b0382e3bf69ce471dd49aef233c0f008c34f)
[92mINFO [0m:      Sent successfully
[92mINFO [0m:      
[92mINFO [0m:      [RUN 10968871761967593261, ROUND 87]
[92mINFO [0m:      Receiving: train message (ID: a4591f44c57ea089bfe69490cc6de1a5537f4825b87c85a6a7a5e4f5c6e92d2c)
[92mINFO [0m:      Received successfully
[92mINFO [0m:      Start `flwr-clientapp` process
[pipeline] conectando ao banco: postgresql://mosaicfl:senhaForte@localhost:5432/mo...
[pipeline] conexão OK
[pipeline] executando query (max_seq_len=128 — pode levar alguns minutos)...
[pipeline] query concluída em 7.2s — 1,518,538 linhas
[pipeline] filtrado para hospital_id='BPSP' — 1,518,538 linhas
[pipeline] 28,599 atendimentos únicos encontrados
[pipeline] usando vocabulário pré-compartilhado — 38 tokens
[pipeline] construindo tensores para 28,599 sequências...
[pipeline] tensores: 2,859/28,599 (10%)
[pipeline] tensores: 5,718/28,599 (20%)
[pipeline] tensores: 8,577/28,599 (30%)
[pipeline] tensores: 11,436/28,599 (40%)
[pipeline] tensores: 14,295/28,599 (50%)
[pipeline] tensores: 17,154/28,599 (60%)
[pipeline] tensores: 20,013/28,599 (70%)
[pipeline] tensores: 22,872/28,599 (80%)
[pipeline] tensores: 25,731/28,599 (90%)
[pipeline] tensores: 28,590/28,599 (100%)
[pipeline] tensores prontos em 3.6s
[pipeline] concluído em 11.1s total — 28,599 pacientes | dist={0: 15892, 1: 318, 2: 120, 3: 9448, 4: 2821} | demográficos: age_mean=0.51 sex_M=13664/28599
[92mINFO [0m:      
[92mINFO [0m:      
[92mINFO [0m:      [RUN 10968871761967593261, ROUND 87]
[92mINFO [0m:      Sending: train message (ID: d2111e0f1f420fb2a6eeb43c68c75b480fc98faaac65f94a5ad7dad012800c77)
[92mINFO [0m:      Sent successfully
[92mINFO [0m:      
[92mINFO [0m:      [RUN 10968871761967593261, ROUND 87]
[92mINFO [0m:      Receiving: evaluate message (ID: 297418980a9bb573f3c5066800599020a71cf7061a23613eab404258288ea423)
[92mINFO [0m:      Received successfully
[92mINFO [0m:      Start `flwr-clientapp` process
[pipeline] conectando ao banco: postgresql://mosaicfl:senhaForte@localhost:5432/mo...
[pipeline] conexão OK
[pipeline] executando query (max_seq_len=128 — pode levar alguns minutos)...
[pipeline] query concluída em 7.1s — 1,518,538 linhas
[pipeline] filtrado para hospital_id='BPSP' — 1,518,538 linhas
[pipeline] 28,599 atendimentos únicos encontrados
[pipeline] usando vocabulário pré-compartilhado — 38 tokens
[pipeline] construindo tensores para 28,599 sequências...
[pipeline] tensores: 2,859/28,599 (10%)
[pipeline] tensores: 5,718/28,599 (20%)
[pipeline] tensores: 8,577/28,599 (30%)
[pipeline] tensores: 11,436/28,599 (40%)
[pipeline] tensores: 14,295/28,599 (50%)
[pipeline] tensores: 17,154/28,599 (60%)
[pipeline] tensores: 20,013/28,599 (70%)
[pipeline] tensores: 22,872/28,599 (80%)
[pipeline] tensores: 25,731/28,599 (90%)
[pipeline] tensores: 28,590/28,599 (100%)
[pipeline] tensores prontos em 3.6s
[pipeline] concluído em 11.1s total — 28,599 pacientes | dist={0: 15892, 1: 318, 2: 120, 3: 9448, 4: 2821} | demográficos: age_mean=0.51 sex_M=13664/28599
[92mINFO [0m:      
[92mINFO [0m:      
[92mINFO [0m:      [RUN 10968871761967593261, ROUND 87]
[92mINFO [0m:      Sending: evaluate message (ID: c1344a7aba1f89324fcf53cab37b86805982a1697e09755bcec9e37ff780691a)
[92mINFO [0m:      Sent successfully
[92mINFO [0m:      
[92mINFO [0m:      [RUN 10968871761967593261, ROUND 88]
[92mINFO [0m:      Receiving: train message (ID: eb3480a0f3e8814b62d9a9b7850f5ce6893b2e7daea4f48eecf85f5c6f746f4c)
[92mINFO [0m:      Received successfully
[92mINFO [0m:      Start `flwr-clientapp` process
[pipeline] conectando ao banco: postgresql://mosaicfl:senhaForte@localhost:5432/mo...
[pipeline] conexão OK
[pipeline] executando query (max_seq_len=128 — pode levar alguns minutos)...
[pipeline] query concluída em 7.1s — 1,518,538 linhas
[pipeline] filtrado para hospital_id='BPSP' — 1,518,538 linhas
[pipeline] 28,599 atendimentos únicos encontrados
[pipeline] usando vocabulário pré-compartilhado — 38 tokens
[pipeline] construindo tensores para 28,599 sequências...
[pipeline] tensores: 2,859/28,599 (10%)
[pipeline] tensores: 5,718/28,599 (20%)
[pipeline] tensores: 8,577/28,599 (30%)
[pipeline] tensores: 11,436/28,599 (40%)
[pipeline] tensores: 14,295/28,599 (50%)
[pipeline] tensores: 17,154/28,599 (60%)
[pipeline] tensores: 20,013/28,599 (70%)
[pipeline] tensores: 22,872/28,599 (80%)
[pipeline] tensores: 25,731/28,599 (90%)
[pipeline] tensores: 28,590/28,599 (100%)
[pipeline] tensores prontos em 3.5s
[pipeline] concluído em 10.9s total — 28,599 pacientes | dist={0: 15892, 1: 318, 2: 120, 3: 9448, 4: 2821} | demográficos: age_mean=0.51 sex_M=13664/28599
[92mINFO [0m:      
[92mINFO [0m:      [RUN 10968871761967593261, ROUND 88]
[92mINFO [0m:      Sending: train message (ID: 6b1e3b80494e0d1581d7cbf33b13bb7abc3cdcc4a0924af16f9383cbecb8001c)
[92mINFO [0m:      
[92mINFO [0m:      Sent successfully
[92mINFO [0m:      
[92mINFO [0m:      [RUN 10968871761967593261, ROUND 88]
[92mINFO [0m:      Receiving: evaluate message (ID: ad6ed76fd7aac63b0b2d8e6f1d1868b15076561e5498018585eac8cbd4551076)
[92mINFO [0m:      Received successfully
[92mINFO [0m:      Start `flwr-clientapp` process
[pipeline] conectando ao banco: postgresql://mosaicfl:senhaForte@localhost:5432/mo...
[pipeline] conexão OK
[pipeline] executando query (max_seq_len=128 — pode levar alguns minutos)...
[pipeline] query concluída em 7.2s — 1,518,538 linhas
[pipeline] filtrado para hospital_id='BPSP' — 1,518,538 linhas
[pipeline] 28,599 atendimentos únicos encontrados
[pipeline] usando vocabulário pré-compartilhado — 38 tokens
[pipeline] construindo tensores para 28,599 sequências...
[pipeline] tensores: 2,859/28,599 (10%)
[pipeline] tensores: 5,718/28,599 (20%)
[pipeline] tensores: 8,577/28,599 (30%)
[pipeline] tensores: 11,436/28,599 (40%)
[pipeline] tensores: 14,295/28,599 (50%)
[pipeline] tensores: 17,154/28,599 (60%)
[pipeline] tensores: 20,013/28,599 (70%)
[pipeline] tensores: 22,872/28,599 (80%)
[pipeline] tensores: 25,731/28,599 (90%)
[pipeline] tensores: 28,590/28,599 (100%)
[pipeline] tensores prontos em 3.6s
[pipeline] concluído em 11.1s total — 28,599 pacientes | dist={0: 15892, 1: 318, 2: 120, 3: 9448, 4: 2821} | demográficos: age_mean=0.51 sex_M=13664/28599
[92mINFO [0m:      
[92mINFO [0m:      
[92mINFO [0m:      [RUN 10968871761967593261, ROUND 88]
[92mINFO [0m:      Sending: evaluate message (ID: b811cccb799457f32321f5c41e9cf7adfe7656eab84b5f90877930c6cffdd850)
[92mINFO [0m:      Sent successfully
[92mINFO [0m:      
[92mINFO [0m:      [RUN 10968871761967593261, ROUND 89]
[92mINFO [0m:      Receiving: train message (ID: 4e7d5efb484d376be9c393b4b81e00790d106e052e1bb07266fdfb225527ec2a)
[92mINFO [0m:      Received successfully
[92mINFO [0m:      Start `flwr-clientapp` process
[pipeline] conectando ao banco: postgresql://mosaicfl:senhaForte@localhost:5432/mo...
[pipeline] conexão OK
[pipeline] executando query (max_seq_len=128 — pode levar alguns minutos)...
[pipeline] query concluída em 7.1s — 1,518,538 linhas
[pipeline] filtrado para hospital_id='BPSP' — 1,518,538 linhas
[pipeline] 28,599 atendimentos únicos encontrados
[pipeline] usando vocabulário pré-compartilhado — 38 tokens
[pipeline] construindo tensores para 28,599 sequências...
[pipeline] tensores: 2,859/28,599 (10%)
[pipeline] tensores: 5,718/28,599 (20%)
[pipeline] tensores: 8,577/28,599 (30%)
[pipeline] tensores: 11,436/28,599 (40%)
[pipeline] tensores: 14,295/28,599 (50%)
[pipeline] tensores: 17,154/28,599 (60%)
[pipeline] tensores: 20,013/28,599 (70%)
[pipeline] tensores: 22,872/28,599 (80%)
[pipeline] tensores: 25,731/28,599 (90%)
[pipeline] tensores: 28,590/28,599 (100%)
[pipeline] tensores prontos em 3.6s
[pipeline] concluído em 11.0s total — 28,599 pacientes | dist={0: 15892, 1: 318, 2: 120, 3: 9448, 4: 2821} | demográficos: age_mean=0.51 sex_M=13664/28599
[92mINFO [0m:      
[92mINFO [0m:      
[92mINFO [0m:      [RUN 10968871761967593261, ROUND 89]
[92mINFO [0m:      Sending: train message (ID: 4f27a9d22018c0f4bcd0908e0b23c52fe9e692d99d763e67dfeb7797c5e92d55)
[92mINFO [0m:      Sent successfully
[92mINFO [0m:      
[92mINFO [0m:      [RUN 10968871761967593261, ROUND 89]
[92mINFO [0m:      Receiving: evaluate message (ID: cf0f43f0eb0af1a56b25881bb25b07be4a76744364ef9c39c44c06e371f1af97)
[92mINFO [0m:      Received successfully
[92mINFO [0m:      Start `flwr-clientapp` process
[pipeline] conectando ao banco: postgresql://mosaicfl:senhaForte@localhost:5432/mo...
[pipeline] conexão OK
[pipeline] executando query (max_seq_len=128 — pode levar alguns minutos)...
[pipeline] query concluída em 7.1s — 1,518,538 linhas
[pipeline] filtrado para hospital_id='BPSP' — 1,518,538 linhas
[pipeline] 28,599 atendimentos únicos encontrados
[pipeline] usando vocabulário pré-compartilhado — 38 tokens
[pipeline] construindo tensores para 28,599 sequências...
[pipeline] tensores: 2,859/28,599 (10%)
[pipeline] tensores: 5,718/28,599 (20%)
[pipeline] tensores: 8,577/28,599 (30%)
[pipeline] tensores: 11,436/28,599 (40%)
[pipeline] tensores: 14,295/28,599 (50%)
[pipeline] tensores: 17,154/28,599 (60%)
[pipeline] tensores: 20,013/28,599 (70%)
[pipeline] tensores: 22,872/28,599 (80%)
[pipeline] tensores: 25,731/28,599 (90%)
[pipeline] tensores: 28,590/28,599 (100%)
[pipeline] tensores prontos em 3.6s
[pipeline] concluído em 11.0s total — 28,599 pacientes | dist={0: 15892, 1: 318, 2: 120, 3: 9448, 4: 2821} | demográficos: age_mean=0.51 sex_M=13664/28599
[92mINFO [0m:      
[92mINFO [0m:      
[92mINFO [0m:      [RUN 10968871761967593261, ROUND 89]
[92mINFO [0m:      Sending: evaluate message (ID: d0fc0b47c2d7f645cb9b35415028cf776769274d5a558f0fe5f167bf8a7c237e)
[92mINFO [0m:      Sent successfully
[92mINFO [0m:      
[92mINFO [0m:      [RUN 10968871761967593261, ROUND 90]
[92mINFO [0m:      Receiving: train message (ID: daf74b17bf033bc092e0e408556e527bfddf72fbc3673d194c9727017942e4f7)
[92mINFO [0m:      Received successfully
[92mINFO [0m:      Start `flwr-clientapp` process
[pipeline] conectando ao banco: postgresql://mosaicfl:senhaForte@localhost:5432/mo...
[pipeline] conexão OK
[pipeline] executando query (max_seq_len=128 — pode levar alguns minutos)...
[pipeline] query concluída em 7.1s — 1,518,538 linhas
[pipeline] filtrado para hospital_id='BPSP' — 1,518,538 linhas
[pipeline] 28,599 atendimentos únicos encontrados
[pipeline] usando vocabulário pré-compartilhado — 38 tokens
[pipeline] construindo tensores para 28,599 sequências...
[pipeline] tensores: 2,859/28,599 (10%)
[pipeline] tensores: 5,718/28,599 (20%)
[pipeline] tensores: 8,577/28,599 (30%)
[pipeline] tensores: 11,436/28,599 (40%)
[pipeline] tensores: 14,295/28,599 (50%)
[pipeline] tensores: 17,154/28,599 (60%)
[pipeline] tensores: 20,013/28,599 (70%)
[pipeline] tensores: 22,872/28,599 (80%)
[pipeline] tensores: 25,731/28,599 (90%)
[pipeline] tensores: 28,590/28,599 (100%)
[pipeline] tensores prontos em 3.6s
[pipeline] concluído em 11.0s total — 28,599 pacientes | dist={0: 15892, 1: 318, 2: 120, 3: 9448, 4: 2821} | demográficos: age_mean=0.51 sex_M=13664/28599
[92mINFO [0m:      
[92mINFO [0m:      
[92mINFO [0m:      [RUN 10968871761967593261, ROUND 90]
[92mINFO [0m:      Sending: train message (ID: 7f44646dd61ddbea726f21517f4271516c37c55bc5c950afbb4b649a9875751d)
[92mINFO [0m:      Sent successfully
[92mINFO [0m:      
[92mINFO [0m:      [RUN 10968871761967593261, ROUND 90]
[92mINFO [0m:      Receiving: evaluate message (ID: 39a9dd5759e85eb63c82aeb52648cbaf6cf6807595616ea576b09f95a48ab2aa)
[92mINFO [0m:      Received successfully
[92mINFO [0m:      Start `flwr-clientapp` process
[pipeline] conectando ao banco: postgresql://mosaicfl:senhaForte@localhost:5432/mo...
[pipeline] conexão OK
[pipeline] executando query (max_seq_len=128 — pode levar alguns minutos)...
[pipeline] query concluída em 7.1s — 1,518,538 linhas
[pipeline] filtrado para hospital_id='BPSP' — 1,518,538 linhas
[pipeline] 28,599 atendimentos únicos encontrados
[pipeline] usando vocabulário pré-compartilhado — 38 tokens
[pipeline] construindo tensores para 28,599 sequências...
[pipeline] tensores: 2,859/28,599 (10%)
[pipeline] tensores: 5,718/28,599 (20%)
[pipeline] tensores: 8,577/28,599 (30%)
[pipeline] tensores: 11,436/28,599 (40%)
[pipeline] tensores: 14,295/28,599 (50%)
[pipeline] tensores: 17,154/28,599 (60%)
[pipeline] tensores: 20,013/28,599 (70%)
[pipeline] tensores: 22,872/28,599 (80%)
[pipeline] tensores: 25,731/28,599 (90%)
[pipeline] tensores: 28,590/28,599 (100%)
[pipeline] tensores prontos em 3.6s
[pipeline] concluído em 11.0s total — 28,599 pacientes | dist={0: 15892, 1: 318, 2: 120, 3: 9448, 4: 2821} | demográficos: age_mean=0.51 sex_M=13664/28599
[92mINFO [0m:      
[92mINFO [0m:      
[92mINFO [0m:      [RUN 10968871761967593261, ROUND 90]
[92mINFO [0m:      Sending: evaluate message (ID: 4624f345d440a0505c3160f3b9241275e3d72068fa327dc71e266b75044f5db2)
[92mINFO [0m:      Sent successfully
[92mINFO [0m:      
[92mINFO [0m:      [RUN 10968871761967593261, ROUND 91]
[92mINFO [0m:      Receiving: train message (ID: f3e6b709743d1f78d553b93db74d6ca7382df331ac704e24676b50c8182439f3)
[92mINFO [0m:      Received successfully
[92mINFO [0m:      Start `flwr-clientapp` process
[pipeline] conectando ao banco: postgresql://mosaicfl:senhaForte@localhost:5432/mo...
[pipeline] conexão OK
[pipeline] executando query (max_seq_len=128 — pode levar alguns minutos)...
[pipeline] query concluída em 7.2s — 1,518,538 linhas
[pipeline] filtrado para hospital_id='BPSP' — 1,518,538 linhas
[pipeline] 28,599 atendimentos únicos encontrados
[pipeline] usando vocabulário pré-compartilhado — 38 tokens
[pipeline] construindo tensores para 28,599 sequências...
[pipeline] tensores: 2,859/28,599 (10%)
[pipeline] tensores: 5,718/28,599 (20%)
[pipeline] tensores: 8,577/28,599 (30%)
[pipeline] tensores: 11,436/28,599 (40%)
[pipeline] tensores: 14,295/28,599 (50%)
[pipeline] tensores: 17,154/28,599 (60%)
[pipeline] tensores: 20,013/28,599 (70%)
[pipeline] tensores: 22,872/28,599 (80%)
[pipeline] tensores: 25,731/28,599 (90%)
[pipeline] tensores: 28,590/28,599 (100%)
[pipeline] tensores prontos em 3.6s
[pipeline] concluído em 11.2s total — 28,599 pacientes | dist={0: 15892, 1: 318, 2: 120, 3: 9448, 4: 2821} | demográficos: age_mean=0.51 sex_M=13664/28599
[92mINFO [0m:      
[92mINFO [0m:      
[92mINFO [0m:      [RUN 10968871761967593261, ROUND 91]
[92mINFO [0m:      Sending: train message (ID: 0fa07009c1488410d284fb0e7a1e958825f26a224a0484648f8d39f487dee3c9)
[92mINFO [0m:      Sent successfully
[92mINFO [0m:      
[92mINFO [0m:      [RUN 10968871761967593261, ROUND 91]
[92mINFO [0m:      Receiving: evaluate message (ID: 836402c462efaf51d2c2fba71b8e4695e2571c7b0e70a74bcb395bec0b9dff31)
[92mINFO [0m:      Received successfully
[92mINFO [0m:      Start `flwr-clientapp` process
[pipeline] conectando ao banco: postgresql://mosaicfl:senhaForte@localhost:5432/mo...
[pipeline] conexão OK
[pipeline] executando query (max_seq_len=128 — pode levar alguns minutos)...
[pipeline] query concluída em 7.2s — 1,518,538 linhas
[pipeline] filtrado para hospital_id='BPSP' — 1,518,538 linhas
[pipeline] 28,599 atendimentos únicos encontrados
[pipeline] usando vocabulário pré-compartilhado — 38 tokens
[pipeline] construindo tensores para 28,599 sequências...
[pipeline] tensores: 2,859/28,599 (10%)
[pipeline] tensores: 5,718/28,599 (20%)
[pipeline] tensores: 8,577/28,599 (30%)
[pipeline] tensores: 11,436/28,599 (40%)
[pipeline] tensores: 14,295/28,599 (50%)
[pipeline] tensores: 17,154/28,599 (60%)
[pipeline] tensores: 20,013/28,599 (70%)
[pipeline] tensores: 22,872/28,599 (80%)
[pipeline] tensores: 25,731/28,599 (90%)
[pipeline] tensores: 28,590/28,599 (100%)
[pipeline] tensores prontos em 3.6s
[pipeline] concluído em 11.2s total — 28,599 pacientes | dist={0: 15892, 1: 318, 2: 120, 3: 9448, 4: 2821} | demográficos: age_mean=0.51 sex_M=13664/28599
[92mINFO [0m:      
[92mINFO [0m:      
[92mINFO [0m:      [RUN 10968871761967593261, ROUND 91]
[92mINFO [0m:      Sending: evaluate message (ID: 34c1263c74436f978a777412d22d3f5429a0dc790360ab3776a0ca288c9c7fa8)
[92mINFO [0m:      Sent successfully
[92mINFO [0m:      
[92mINFO [0m:      [RUN 10968871761967593261, ROUND 92]
[92mINFO [0m:      Receiving: train message (ID: 34b77ca23364f5c3d057bf6858219e36d5a8cf6583c03a36ee57e07129484693)
[92mINFO [0m:      Received successfully
[92mINFO [0m:      Start `flwr-clientapp` process
[pipeline] conectando ao banco: postgresql://mosaicfl:senhaForte@localhost:5432/mo...
[pipeline] conexão OK
[pipeline] executando query (max_seq_len=128 — pode levar alguns minutos)...
[pipeline] query concluída em 7.2s — 1,518,538 linhas
[pipeline] filtrado para hospital_id='BPSP' — 1,518,538 linhas
[pipeline] 28,599 atendimentos únicos encontrados
[pipeline] usando vocabulário pré-compartilhado — 38 tokens
[pipeline] construindo tensores para 28,599 sequências...
[pipeline] tensores: 2,859/28,599 (10%)
[pipeline] tensores: 5,718/28,599 (20%)
[pipeline] tensores: 8,577/28,599 (30%)
[pipeline] tensores: 11,436/28,599 (40%)
[pipeline] tensores: 14,295/28,599 (50%)
[pipeline] tensores: 17,154/28,599 (60%)
[pipeline] tensores: 20,013/28,599 (70%)
[pipeline] tensores: 22,872/28,599 (80%)
[pipeline] tensores: 25,731/28,599 (90%)
[pipeline] tensores: 28,590/28,599 (100%)
[pipeline] tensores prontos em 3.6s
[pipeline] concluído em 11.1s total — 28,599 pacientes | dist={0: 15892, 1: 318, 2: 120, 3: 9448, 4: 2821} | demográficos: age_mean=0.51 sex_M=13664/28599
[92mINFO [0m:      
[92mINFO [0m:      [RUN 10968871761967593261, ROUND 92]
[92mINFO [0m:      Sending: train message (ID: 23f34f38ff862f2564821a993f493ca7d9a211e0d255b7442cd101f5c8b66b65)
[92mINFO [0m:      
[92mINFO [0m:      Sent successfully
[92mINFO [0m:      
[92mINFO [0m:      [RUN 10968871761967593261, ROUND 92]
[92mINFO [0m:      Receiving: evaluate message (ID: 0fbf87b120a20dce26ec305d786d67798277fa4a65b8f6282e1164f82334b50e)
[92mINFO [0m:      Received successfully
[92mINFO [0m:      Start `flwr-clientapp` process
[pipeline] conectando ao banco: postgresql://mosaicfl:senhaForte@localhost:5432/mo...
[pipeline] conexão OK
[pipeline] executando query (max_seq_len=128 — pode levar alguns minutos)...
[pipeline] query concluída em 7.1s — 1,518,538 linhas
[pipeline] filtrado para hospital_id='BPSP' — 1,518,538 linhas
[pipeline] 28,599 atendimentos únicos encontrados
[pipeline] usando vocabulário pré-compartilhado — 38 tokens
[pipeline] construindo tensores para 28,599 sequências...
[pipeline] tensores: 2,859/28,599 (10%)
[pipeline] tensores: 5,718/28,599 (20%)
[pipeline] tensores: 8,577/28,599 (30%)
[pipeline] tensores: 11,436/28,599 (40%)
[pipeline] tensores: 14,295/28,599 (50%)
[pipeline] tensores: 17,154/28,599 (60%)
[pipeline] tensores: 20,013/28,599 (70%)
[pipeline] tensores: 22,872/28,599 (80%)
[pipeline] tensores: 25,731/28,599 (90%)
[pipeline] tensores: 28,590/28,599 (100%)
[pipeline] tensores prontos em 3.6s
[pipeline] concluído em 11.0s total — 28,599 pacientes | dist={0: 15892, 1: 318, 2: 120, 3: 9448, 4: 2821} | demográficos: age_mean=0.51 sex_M=13664/28599
[92mINFO [0m:      
[92mINFO [0m:      
[92mINFO [0m:      [RUN 10968871761967593261, ROUND 92]
[92mINFO [0m:      Sending: evaluate message (ID: bd918b6912398e7ee0c8d4f84e9cfcd5bba65b007e1cc78aba9c072efdd5d449)
[92mINFO [0m:      Sent successfully
[92mINFO [0m:      
[92mINFO [0m:      [RUN 10968871761967593261, ROUND 93]
[92mINFO [0m:      Receiving: train message (ID: f71dd364e7b918d78d96a28e368de6e1af87560303b846c950b41751b6633593)
[92mINFO [0m:      Received successfully
[92mINFO [0m:      Start `flwr-clientapp` process
[pipeline] conectando ao banco: postgresql://mosaicfl:senhaForte@localhost:5432/mo...
[pipeline] conexão OK
[pipeline] executando query (max_seq_len=128 — pode levar alguns minutos)...
[pipeline] query concluída em 7.2s — 1,518,538 linhas
[pipeline] filtrado para hospital_id='BPSP' — 1,518,538 linhas
[pipeline] 28,599 atendimentos únicos encontrados
[pipeline] usando vocabulário pré-compartilhado — 38 tokens
[pipeline] construindo tensores para 28,599 sequências...
[pipeline] tensores: 2,859/28,599 (10%)
[pipeline] tensores: 5,718/28,599 (20%)
[pipeline] tensores: 8,577/28,599 (30%)
[pipeline] tensores: 11,436/28,599 (40%)
[pipeline] tensores: 14,295/28,599 (50%)
[pipeline] tensores: 17,154/28,599 (60%)
[pipeline] tensores: 20,013/28,599 (70%)
[pipeline] tensores: 22,872/28,599 (80%)
[pipeline] tensores: 25,731/28,599 (90%)
[pipeline] tensores: 28,590/28,599 (100%)
[pipeline] tensores prontos em 3.6s
[pipeline] concluído em 11.1s total — 28,599 pacientes | dist={0: 15892, 1: 318, 2: 120, 3: 9448, 4: 2821} | demográficos: age_mean=0.51 sex_M=13664/28599
[92mINFO [0m:      
[92mINFO [0m:      
[92mINFO [0m:      [RUN 10968871761967593261, ROUND 93]
[92mINFO [0m:      Sending: train message (ID: a63950630115fd00574d8dd8491dd7040fc32b9c480ad0e5281785c96a8285ec)
[92mINFO [0m:      Sent successfully
[92mINFO [0m:      
[92mINFO [0m:      [RUN 10968871761967593261, ROUND 93]
[92mINFO [0m:      Receiving: evaluate message (ID: 9236709ef5793be32116794aae572b9919f0ddb5a479f6a0fd49ddfc74610ca3)
[92mINFO [0m:      Received successfully
[92mINFO [0m:      Start `flwr-clientapp` process
[pipeline] conectando ao banco: postgresql://mosaicfl:senhaForte@localhost:5432/mo...
[pipeline] conexão OK
[pipeline] executando query (max_seq_len=128 — pode levar alguns minutos)...
[pipeline] query concluída em 7.2s — 1,518,538 linhas
[pipeline] filtrado para hospital_id='BPSP' — 1,518,538 linhas
[pipeline] 28,599 atendimentos únicos encontrados
[pipeline] usando vocabulário pré-compartilhado — 38 tokens
[pipeline] construindo tensores para 28,599 sequências...
[pipeline] tensores: 2,859/28,599 (10%)
[pipeline] tensores: 5,718/28,599 (20%)
[pipeline] tensores: 8,577/28,599 (30%)
[pipeline] tensores: 11,436/28,599 (40%)
[pipeline] tensores: 14,295/28,599 (50%)
[pipeline] tensores: 17,154/28,599 (60%)
[pipeline] tensores: 20,013/28,599 (70%)
[pipeline] tensores: 22,872/28,599 (80%)
[pipeline] tensores: 25,731/28,599 (90%)
[pipeline] tensores: 28,590/28,599 (100%)
[pipeline] tensores prontos em 3.6s
[pipeline] concluído em 11.1s total — 28,599 pacientes | dist={0: 15892, 1: 318, 2: 120, 3: 9448, 4: 2821} | demográficos: age_mean=0.51 sex_M=13664/28599
[92mINFO [0m:      
[92mINFO [0m:      
[92mINFO [0m:      [RUN 10968871761967593261, ROUND 93]
[92mINFO [0m:      Sending: evaluate message (ID: c00da786aa69a589de7a42347a1fb3a55520a83bf4052d07e649f090216cf59f)
[92mINFO [0m:      Sent successfully
[92mINFO [0m:      
[92mINFO [0m:      [RUN 10968871761967593261, ROUND 94]
[92mINFO [0m:      Receiving: train message (ID: 8e2949ed1b2ea3604d377cbd501d7685801e011e835622f2eaa0fd08bbb9d23f)
[92mINFO [0m:      Received successfully
[92mINFO [0m:      Start `flwr-clientapp` process
[pipeline] conectando ao banco: postgresql://mosaicfl:senhaForte@localhost:5432/mo...
[pipeline] conexão OK
[pipeline] executando query (max_seq_len=128 — pode levar alguns minutos)...
[pipeline] query concluída em 7.1s — 1,518,538 linhas
[pipeline] filtrado para hospital_id='BPSP' — 1,518,538 linhas
[pipeline] 28,599 atendimentos únicos encontrados
[pipeline] usando vocabulário pré-compartilhado — 38 tokens
[pipeline] construindo tensores para 28,599 sequências...
[pipeline] tensores: 2,859/28,599 (10%)
[pipeline] tensores: 5,718/28,599 (20%)
[pipeline] tensores: 8,577/28,599 (30%)
[pipeline] tensores: 11,436/28,599 (40%)
[pipeline] tensores: 14,295/28,599 (50%)
[pipeline] tensores: 17,154/28,599 (60%)
[pipeline] tensores: 20,013/28,599 (70%)
[pipeline] tensores: 22,872/28,599 (80%)
[pipeline] tensores: 25,731/28,599 (90%)
[pipeline] tensores: 28,590/28,599 (100%)
[pipeline] tensores prontos em 3.5s
[pipeline] concluído em 11.0s total — 28,599 pacientes | dist={0: 15892, 1: 318, 2: 120, 3: 9448, 4: 2821} | demográficos: age_mean=0.51 sex_M=13664/28599
[92mINFO [0m:      
[92mINFO [0m:      
[92mINFO [0m:      [RUN 10968871761967593261, ROUND 94]
[92mINFO [0m:      Sending: train message (ID: 7a2c90b709dbcde2e05d2a1c992e79bf32ada0522622642d998f3cfaef92ea59)
[92mINFO [0m:      Sent successfully
[92mINFO [0m:      
[92mINFO [0m:      [RUN 10968871761967593261, ROUND 94]
[92mINFO [0m:      Receiving: evaluate message (ID: 80514c228a3512c80f420738f69e81a98a381a31ea1404de4cfdd650602e2ee4)
[92mINFO [0m:      Received successfully
[92mINFO [0m:      Start `flwr-clientapp` process
[pipeline] conectando ao banco: postgresql://mosaicfl:senhaForte@localhost:5432/mo...
[pipeline] conexão OK
[pipeline] executando query (max_seq_len=128 — pode levar alguns minutos)...
[pipeline] query concluída em 7.2s — 1,518,538 linhas
[pipeline] filtrado para hospital_id='BPSP' — 1,518,538 linhas
[pipeline] 28,599 atendimentos únicos encontrados
[pipeline] usando vocabulário pré-compartilhado — 38 tokens
[pipeline] construindo tensores para 28,599 sequências...
[pipeline] tensores: 2,859/28,599 (10%)
[pipeline] tensores: 5,718/28,599 (20%)
[pipeline] tensores: 8,577/28,599 (30%)
[pipeline] tensores: 11,436/28,599 (40%)
[pipeline] tensores: 14,295/28,599 (50%)
[pipeline] tensores: 17,154/28,599 (60%)
[pipeline] tensores: 20,013/28,599 (70%)
[pipeline] tensores: 22,872/28,599 (80%)
[pipeline] tensores: 25,731/28,599 (90%)
[pipeline] tensores: 28,590/28,599 (100%)
[pipeline] tensores prontos em 3.6s
[pipeline] concluído em 11.2s total — 28,599 pacientes | dist={0: 15892, 1: 318, 2: 120, 3: 9448, 4: 2821} | demográficos: age_mean=0.51 sex_M=13664/28599
[92mINFO [0m:      
[92mINFO [0m:      [RUN 10968871761967593261, ROUND 94]
[92mINFO [0m:      Sending: evaluate message (ID: 02a89fbe8f81364105159e0505cf9ef3223afcf054daf032c75c4b1d33e2e6e7)
[92mINFO [0m:      Sent successfully
[92mINFO [0m:      
[92mINFO [0m:      
[92mINFO [0m:      [RUN 10968871761967593261, ROUND 95]
[92mINFO [0m:      Receiving: train message (ID: e8181fe4e624a74318f3d84aa92e95fb06e9be398376c655a2926fb16b3a18a6)
[92mINFO [0m:      Received successfully
[92mINFO [0m:      Start `flwr-clientapp` process
[pipeline] conectando ao banco: postgresql://mosaicfl:senhaForte@localhost:5432/mo...
[pipeline] conexão OK
[pipeline] executando query (max_seq_len=128 — pode levar alguns minutos)...
[pipeline] query concluída em 7.2s — 1,518,538 linhas
[pipeline] filtrado para hospital_id='BPSP' — 1,518,538 linhas
[pipeline] 28,599 atendimentos únicos encontrados
[pipeline] usando vocabulário pré-compartilhado — 38 tokens
[pipeline] construindo tensores para 28,599 sequências...
[pipeline] tensores: 2,859/28,599 (10%)
[pipeline] tensores: 5,718/28,599 (20%)
[pipeline] tensores: 8,577/28,599 (30%)
[pipeline] tensores: 11,436/28,599 (40%)
[pipeline] tensores: 14,295/28,599 (50%)
[pipeline] tensores: 17,154/28,599 (60%)
[pipeline] tensores: 20,013/28,599 (70%)
[pipeline] tensores: 22,872/28,599 (80%)
[pipeline] tensores: 25,731/28,599 (90%)
[pipeline] tensores: 28,590/28,599 (100%)
[pipeline] tensores prontos em 3.7s
[pipeline] concluído em 11.2s total — 28,599 pacientes | dist={0: 15892, 1: 318, 2: 120, 3: 9448, 4: 2821} | demográficos: age_mean=0.51 sex_M=13664/28599
[92mINFO [0m:      
[92mINFO [0m:      
[92mINFO [0m:      [RUN 10968871761967593261, ROUND 95]
[92mINFO [0m:      Sending: train message (ID: 8fba43ee34bfc003ddb634bee34bb76e1f33d4442053b813d3253dc9da6b2b46)
[92mINFO [0m:      Sent successfully
[92mINFO [0m:      
[92mINFO [0m:      [RUN 10968871761967593261, ROUND 95]
[92mINFO [0m:      Receiving: evaluate message (ID: c437d682829e2dd39b2ffecff2bc7c94c5ac066103d83f3d6a0f8d7df1dac608)
[92mINFO [0m:      Received successfully
[92mINFO [0m:      Start `flwr-clientapp` process
[pipeline] conectando ao banco: postgresql://mosaicfl:senhaForte@localhost:5432/mo...
[pipeline] conexão OK
[pipeline] executando query (max_seq_len=128 — pode levar alguns minutos)...
[pipeline] query concluída em 7.1s — 1,518,538 linhas
[pipeline] filtrado para hospital_id='BPSP' — 1,518,538 linhas
[pipeline] 28,599 atendimentos únicos encontrados
[pipeline] usando vocabulário pré-compartilhado — 38 tokens
[pipeline] construindo tensores para 28,599 sequências...
[pipeline] tensores: 2,859/28,599 (10%)
[pipeline] tensores: 5,718/28,599 (20%)
[pipeline] tensores: 8,577/28,599 (30%)
[pipeline] tensores: 11,436/28,599 (40%)
[pipeline] tensores: 14,295/28,599 (50%)
[pipeline] tensores: 17,154/28,599 (60%)
[pipeline] tensores: 20,013/28,599 (70%)
[pipeline] tensores: 22,872/28,599 (80%)
[pipeline] tensores: 25,731/28,599 (90%)
[pipeline] tensores: 28,590/28,599 (100%)
[pipeline] tensores prontos em 3.6s
[pipeline] concluído em 11.1s total — 28,599 pacientes | dist={0: 15892, 1: 318, 2: 120, 3: 9448, 4: 2821} | demográficos: age_mean=0.51 sex_M=13664/28599
[92mINFO [0m:      
[92mINFO [0m:      [RUN 10968871761967593261, ROUND 95]
[92mINFO [0m:      Sending: evaluate message (ID: 10a66be5250fb1f5da448563fa841d07b82f9a8067abd03207729c4ce9612b2f)
[92mINFO [0m:      Sent successfully
[92mINFO [0m:      
[92mINFO [0m:      
[92mINFO [0m:      [RUN 10968871761967593261, ROUND 96]
[92mINFO [0m:      Receiving: train message (ID: cd61c8401d46acf57e8c245a8870fa3e2d79ff733ebf688e98ff028d3b8b9cdb)
[92mINFO [0m:      Received successfully
[92mINFO [0m:      Start `flwr-clientapp` process
[pipeline] conectando ao banco: postgresql://mosaicfl:senhaForte@localhost:5432/mo...
[pipeline] conexão OK
[pipeline] executando query (max_seq_len=128 — pode levar alguns minutos)...
[pipeline] query concluída em 7.2s — 1,518,538 linhas
[pipeline] filtrado para hospital_id='BPSP' — 1,518,538 linhas
[pipeline] 28,599 atendimentos únicos encontrados
[pipeline] usando vocabulário pré-compartilhado — 38 tokens
[pipeline] construindo tensores para 28,599 sequências...
[pipeline] tensores: 2,859/28,599 (10%)
[pipeline] tensores: 5,718/28,599 (20%)
[pipeline] tensores: 8,577/28,599 (30%)
[pipeline] tensores: 11,436/28,599 (40%)
[pipeline] tensores: 14,295/28,599 (50%)
[pipeline] tensores: 17,154/28,599 (60%)
[pipeline] tensores: 20,013/28,599 (70%)
[pipeline] tensores: 22,872/28,599 (80%)
[pipeline] tensores: 25,731/28,599 (90%)
[pipeline] tensores: 28,590/28,599 (100%)
[pipeline] tensores prontos em 3.6s
[pipeline] concluído em 11.2s total — 28,599 pacientes | dist={0: 15892, 1: 318, 2: 120, 3: 9448, 4: 2821} | demográficos: age_mean=0.51 sex_M=13664/28599
[92mINFO [0m:      
[92mINFO [0m:      
[92mINFO [0m:      [RUN 10968871761967593261, ROUND 96]
[92mINFO [0m:      Sending: train message (ID: 203691e0cc99e9ccf0e3bb581e1bb359c0f874610dff3a1663d8aa6a6e11cf3f)
[92mINFO [0m:      Sent successfully
[92mINFO [0m:      
[92mINFO [0m:      [RUN 10968871761967593261, ROUND 96]
[92mINFO [0m:      Receiving: evaluate message (ID: b03a1a4aefafca718b37e13dcda4106819b45b0301a64bae500b827e8b3ed547)
[92mINFO [0m:      Start `flwr-clientapp` process
[92mINFO [0m:      Received successfully
[pipeline] conectando ao banco: postgresql://mosaicfl:senhaForte@localhost:5432/mo...
[pipeline] conexão OK
[pipeline] executando query (max_seq_len=128 — pode levar alguns minutos)...
[pipeline] query concluída em 7.1s — 1,518,538 linhas
[pipeline] filtrado para hospital_id='BPSP' — 1,518,538 linhas
[pipeline] 28,599 atendimentos únicos encontrados
[pipeline] usando vocabulário pré-compartilhado — 38 tokens
[pipeline] construindo tensores para 28,599 sequências...
[pipeline] tensores: 2,859/28,599 (10%)
[pipeline] tensores: 5,718/28,599 (20%)
[pipeline] tensores: 8,577/28,599 (30%)
[pipeline] tensores: 11,436/28,599 (40%)
[pipeline] tensores: 14,295/28,599 (50%)
[pipeline] tensores: 17,154/28,599 (60%)
[pipeline] tensores: 20,013/28,599 (70%)
[pipeline] tensores: 22,872/28,599 (80%)
[pipeline] tensores: 25,731/28,599 (90%)
[pipeline] tensores: 28,590/28,599 (100%)
[pipeline] tensores prontos em 3.6s
[pipeline] concluído em 11.0s total — 28,599 pacientes | dist={0: 15892, 1: 318, 2: 120, 3: 9448, 4: 2821} | demográficos: age_mean=0.51 sex_M=13664/28599
[92mINFO [0m:      
[92mINFO [0m:      
[92mINFO [0m:      [RUN 10968871761967593261, ROUND 96]
[92mINFO [0m:      Sending: evaluate message (ID: 30dc89e14bd40da485bf402d8331eac89d5e6e0ef5b1044f32a79331668279fe)
[92mINFO [0m:      Sent successfully
[92mINFO [0m:      
[92mINFO [0m:      [RUN 10968871761967593261, ROUND 97]
[92mINFO [0m:      Receiving: train message (ID: dcd22002f19353f110ed8dd2180c3f7d06b499c0cbf2ed534df67451d5d5fafb)
[92mINFO [0m:      Received successfully
[92mINFO [0m:      Start `flwr-clientapp` process
[pipeline] conectando ao banco: postgresql://mosaicfl:senhaForte@localhost:5432/mo...
[pipeline] conexão OK
[pipeline] executando query (max_seq_len=128 — pode levar alguns minutos)...
[pipeline] query concluída em 7.3s — 1,518,538 linhas
[pipeline] filtrado para hospital_id='BPSP' — 1,518,538 linhas
[pipeline] 28,599 atendimentos únicos encontrados
[pipeline] usando vocabulário pré-compartilhado — 38 tokens
[pipeline] construindo tensores para 28,599 sequências...
[pipeline] tensores: 2,859/28,599 (10%)
[pipeline] tensores: 5,718/28,599 (20%)
[pipeline] tensores: 8,577/28,599 (30%)
[pipeline] tensores: 11,436/28,599 (40%)
[pipeline] tensores: 14,295/28,599 (50%)
[pipeline] tensores: 17,154/28,599 (60%)
[pipeline] tensores: 20,013/28,599 (70%)
[pipeline] tensores: 22,872/28,599 (80%)
[pipeline] tensores: 25,731/28,599 (90%)
[pipeline] tensores: 28,590/28,599 (100%)
[pipeline] tensores prontos em 3.7s
[pipeline] concluído em 11.4s total — 28,599 pacientes | dist={0: 15892, 1: 318, 2: 120, 3: 9448, 4: 2821} | demográficos: age_mean=0.51 sex_M=13664/28599
[92mINFO [0m:      
[92mINFO [0m:      [RUN 10968871761967593261, ROUND 97]
[92mINFO [0m:      Sending: train message (ID: 52de37a71b46f30973efe7f8d0ce2c26ebd31b0395a31181a5457fb3f6e5d64a)
[92mINFO [0m:      
[92mINFO [0m:      Sent successfully
[92mINFO [0m:      
[92mINFO [0m:      [RUN 10968871761967593261, ROUND 97]
[92mINFO [0m:      Receiving: evaluate message (ID: d9e7ef6d17a3b90bb966b1d163781855314148b28da352db28e369f88898d041)
[92mINFO [0m:      Received successfully
[92mINFO [0m:      Start `flwr-clientapp` process
[pipeline] conectando ao banco: postgresql://mosaicfl:senhaForte@localhost:5432/mo...
[pipeline] conexão OK
[pipeline] executando query (max_seq_len=128 — pode levar alguns minutos)...
[pipeline] query concluída em 7.1s — 1,518,538 linhas
[pipeline] filtrado para hospital_id='BPSP' — 1,518,538 linhas
[pipeline] 28,599 atendimentos únicos encontrados
[pipeline] usando vocabulário pré-compartilhado — 38 tokens
[pipeline] construindo tensores para 28,599 sequências...
[pipeline] tensores: 2,859/28,599 (10%)
[pipeline] tensores: 5,718/28,599 (20%)
[pipeline] tensores: 8,577/28,599 (30%)
[pipeline] tensores: 11,436/28,599 (40%)
[pipeline] tensores: 14,295/28,599 (50%)
[pipeline] tensores: 17,154/28,599 (60%)
[pipeline] tensores: 20,013/28,599 (70%)
[pipeline] tensores: 22,872/28,599 (80%)
[pipeline] tensores: 25,731/28,599 (90%)
[pipeline] tensores: 28,590/28,599 (100%)
[pipeline] tensores prontos em 3.5s
[pipeline] concluído em 11.0s total — 28,599 pacientes | dist={0: 15892, 1: 318, 2: 120, 3: 9448, 4: 2821} | demográficos: age_mean=0.51 sex_M=13664/28599
[92mINFO [0m:      
[92mINFO [0m:      [RUN 10968871761967593261, ROUND 97]
[92mINFO [0m:      Sending: evaluate message (ID: 6833aa5b2c1d82d5c602534f82bb9e8ccc1107910cab0002bd1ddc878629aa27)
[92mINFO [0m:      Sent successfully
[92mINFO [0m:      
[92mINFO [0m:      
[92mINFO [0m:      [RUN 10968871761967593261, ROUND 98]
[92mINFO [0m:      Receiving: train message (ID: 6eda7771799207a8e46d4a61f3229d60a88900827c5da6f0db28c86489476139)
[92mINFO [0m:      Received successfully
[92mINFO [0m:      Start `flwr-clientapp` process
[pipeline] conectando ao banco: postgresql://mosaicfl:senhaForte@localhost:5432/mo...
[pipeline] conexão OK
[pipeline] executando query (max_seq_len=128 — pode levar alguns minutos)...
[pipeline] query concluída em 7.1s — 1,518,538 linhas
[pipeline] filtrado para hospital_id='BPSP' — 1,518,538 linhas
[pipeline] 28,599 atendimentos únicos encontrados
[pipeline] usando vocabulário pré-compartilhado — 38 tokens
[pipeline] construindo tensores para 28,599 sequências...
[pipeline] tensores: 2,859/28,599 (10%)
[pipeline] tensores: 5,718/28,599 (20%)
[pipeline] tensores: 8,577/28,599 (30%)
[pipeline] tensores: 11,436/28,599 (40%)
[pipeline] tensores: 14,295/28,599 (50%)
[pipeline] tensores: 17,154/28,599 (60%)
[pipeline] tensores: 20,013/28,599 (70%)
[pipeline] tensores: 22,872/28,599 (80%)
[pipeline] tensores: 25,731/28,599 (90%)
[pipeline] tensores: 28,590/28,599 (100%)
[pipeline] tensores prontos em 3.6s
[pipeline] concluído em 11.1s total — 28,599 pacientes | dist={0: 15892, 1: 318, 2: 120, 3: 9448, 4: 2821} | demográficos: age_mean=0.51 sex_M=13664/28599
[92mINFO [0m:      
[92mINFO [0m:      
[92mINFO [0m:      [RUN 10968871761967593261, ROUND 98]
[92mINFO [0m:      Sending: train message (ID: 664fadf5fc0d901d5d70074326b56bd8d4b3295eeec6e4ffb286c0c07a832675)
[92mINFO [0m:      Sent successfully
[92mINFO [0m:      
[92mINFO [0m:      [RUN 10968871761967593261, ROUND 98]
[92mINFO [0m:      Receiving: evaluate message (ID: 4397fb1e23c820fcc9cf451de059025a792a542d930eb6ce03b902bf50d4670f)
[92mINFO [0m:      Received successfully
[92mINFO [0m:      Start `flwr-clientapp` process
[pipeline] conectando ao banco: postgresql://mosaicfl:senhaForte@localhost:5432/mo...
[pipeline] conexão OK
[pipeline] executando query (max_seq_len=128 — pode levar alguns minutos)...
[pipeline] query concluída em 7.3s — 1,518,538 linhas
[pipeline] filtrado para hospital_id='BPSP' — 1,518,538 linhas
[pipeline] 28,599 atendimentos únicos encontrados
[pipeline] usando vocabulário pré-compartilhado — 38 tokens
[pipeline] construindo tensores para 28,599 sequências...
[pipeline] tensores: 2,859/28,599 (10%)
[pipeline] tensores: 5,718/28,599 (20%)
[pipeline] tensores: 8,577/28,599 (30%)
[pipeline] tensores: 11,436/28,599 (40%)
[pipeline] tensores: 14,295/28,599 (50%)
[pipeline] tensores: 17,154/28,599 (60%)
[pipeline] tensores: 20,013/28,599 (70%)
[pipeline] tensores: 22,872/28,599 (80%)
[pipeline] tensores: 25,731/28,599 (90%)
[pipeline] tensores: 28,590/28,599 (100%)
[pipeline] tensores prontos em 3.6s
[pipeline] concluído em 11.2s total — 28,599 pacientes | dist={0: 15892, 1: 318, 2: 120, 3: 9448, 4: 2821} | demográficos: age_mean=0.51 sex_M=13664/28599
[92mINFO [0m:      
[92mINFO [0m:      
[92mINFO [0m:      [RUN 10968871761967593261, ROUND 98]
[92mINFO [0m:      Sending: evaluate message (ID: fc902f2ab4d028e6c0732a8c2bf8a38ee8cb883cf8b4758dbad47349c8364b58)
[92mINFO [0m:      Sent successfully
[92mINFO [0m:      
[92mINFO [0m:      [RUN 10968871761967593261, ROUND 99]
[92mINFO [0m:      Receiving: train message (ID: f2be186905648ca149c70ff89319433c02d6f4bc0cf92eafb86031ec15dcbfd8)
[92mINFO [0m:      Received successfully
[92mINFO [0m:      Start `flwr-clientapp` process
[pipeline] conectando ao banco: postgresql://mosaicfl:senhaForte@localhost:5432/mo...
[pipeline] conexão OK
[pipeline] executando query (max_seq_len=128 — pode levar alguns minutos)...
[pipeline] query concluída em 7.1s — 1,518,538 linhas
[pipeline] filtrado para hospital_id='BPSP' — 1,518,538 linhas
[pipeline] 28,599 atendimentos únicos encontrados
[pipeline] usando vocabulário pré-compartilhado — 38 tokens
[pipeline] construindo tensores para 28,599 sequências...
[pipeline] tensores: 2,859/28,599 (10%)
[pipeline] tensores: 5,718/28,599 (20%)
[pipeline] tensores: 8,577/28,599 (30%)
[pipeline] tensores: 11,436/28,599 (40%)
[pipeline] tensores: 14,295/28,599 (50%)
[pipeline] tensores: 17,154/28,599 (60%)
[pipeline] tensores: 20,013/28,599 (70%)
[pipeline] tensores: 22,872/28,599 (80%)
[pipeline] tensores: 25,731/28,599 (90%)
[pipeline] tensores: 28,590/28,599 (100%)
[pipeline] tensores prontos em 3.6s
[pipeline] concluído em 11.0s total — 28,599 pacientes | dist={0: 15892, 1: 318, 2: 120, 3: 9448, 4: 2821} | demográficos: age_mean=0.51 sex_M=13664/28599
[92mINFO [0m:      
[92mINFO [0m:      
[92mINFO [0m:      [RUN 10968871761967593261, ROUND 99]
[92mINFO [0m:      Sending: train message (ID: 050ad1d6abe6f0fb53178a7d987950f8e58409d244beadf84b55d283412cae23)
[92mINFO [0m:      Sent successfully
[92mINFO [0m:      
[92mINFO [0m:      [RUN 10968871761967593261, ROUND 99]
[92mINFO [0m:      Receiving: evaluate message (ID: 4132cd3d72ea7d5b02d4dc29a1809464c78f0508cf7632a48ae56b75506397cf)
[92mINFO [0m:      Received successfully
[92mINFO [0m:      Start `flwr-clientapp` process
[pipeline] conectando ao banco: postgresql://mosaicfl:senhaForte@localhost:5432/mo...
[pipeline] conexão OK
[pipeline] executando query (max_seq_len=128 — pode levar alguns minutos)...
[pipeline] query concluída em 7.1s — 1,518,538 linhas
[pipeline] filtrado para hospital_id='BPSP' — 1,518,538 linhas
[pipeline] 28,599 atendimentos únicos encontrados
[pipeline] usando vocabulário pré-compartilhado — 38 tokens
[pipeline] construindo tensores para 28,599 sequências...
[pipeline] tensores: 2,859/28,599 (10%)
[pipeline] tensores: 5,718/28,599 (20%)
[pipeline] tensores: 8,577/28,599 (30%)
[pipeline] tensores: 11,436/28,599 (40%)
[pipeline] tensores: 14,295/28,599 (50%)
[pipeline] tensores: 17,154/28,599 (60%)
[pipeline] tensores: 20,013/28,599 (70%)
[pipeline] tensores: 22,872/28,599 (80%)
[pipeline] tensores: 25,731/28,599 (90%)
[pipeline] tensores: 28,590/28,599 (100%)
[pipeline] tensores prontos em 3.6s
[pipeline] concluído em 11.0s total — 28,599 pacientes | dist={0: 15892, 1: 318, 2: 120, 3: 9448, 4: 2821} | demográficos: age_mean=0.51 sex_M=13664/28599
[92mINFO [0m:      
[92mINFO [0m:      
[92mINFO [0m:      [RUN 10968871761967593261, ROUND 99]
[92mINFO [0m:      Sending: evaluate message (ID: c7de48a2f399a7d1cb80774905db68d1bfb798d94d61e7e344c9396c324d7886)
[92mINFO [0m:      Sent successfully
[92mINFO [0m:      
[92mINFO [0m:      [RUN 10968871761967593261, ROUND 100]
[92mINFO [0m:      Receiving: train message (ID: 4a960720cf0e88e233831a5ca7c7dfceb2b13337c18f673179bec65c19edc2ee)
[92mINFO [0m:      Received successfully
[92mINFO [0m:      Start `flwr-clientapp` process
[pipeline] conectando ao banco: postgresql://mosaicfl:senhaForte@localhost:5432/mo...
[pipeline] conexão OK
[pipeline] executando query (max_seq_len=128 — pode levar alguns minutos)...
[pipeline] query concluída em 7.1s — 1,518,538 linhas
[pipeline] filtrado para hospital_id='BPSP' — 1,518,538 linhas
[pipeline] 28,599 atendimentos únicos encontrados
[pipeline] usando vocabulário pré-compartilhado — 38 tokens
[pipeline] construindo tensores para 28,599 sequências...
[pipeline] tensores: 2,859/28,599 (10%)
[pipeline] tensores: 5,718/28,599 (20%)
[pipeline] tensores: 8,577/28,599 (30%)
[pipeline] tensores: 11,436/28,599 (40%)
[pipeline] tensores: 14,295/28,599 (50%)
[pipeline] tensores: 17,154/28,599 (60%)
[pipeline] tensores: 20,013/28,599 (70%)
[pipeline] tensores: 22,872/28,599 (80%)
[pipeline] tensores: 25,731/28,599 (90%)
[pipeline] tensores: 28,590/28,599 (100%)
[pipeline] tensores prontos em 3.6s
[pipeline] concluído em 11.0s total — 28,599 pacientes | dist={0: 15892, 1: 318, 2: 120, 3: 9448, 4: 2821} | demográficos: age_mean=0.51 sex_M=13664/28599
[92mINFO [0m:      
[92mINFO [0m:      
[92mINFO [0m:      [RUN 10968871761967593261, ROUND 100]
[92mINFO [0m:      Sending: train message (ID: 222a3b572773b61c2bace0f2e6fe255f5c06d5af78f133ff3410b37692894505)
[92mINFO [0m:      Sent successfully
[92mINFO [0m:      
[92mINFO [0m:      [RUN 10968871761967593261, ROUND 100]
[92mINFO [0m:      Receiving: evaluate message (ID: a77eb7e51b7f7dbd2047d41c0f6ebddc52ff8c06f3bff9c77a82df5bea5e3cf6)
[92mINFO [0m:      Received successfully
[92mINFO [0m:      Start `flwr-clientapp` process
[pipeline] conectando ao banco: postgresql://mosaicfl:senhaForte@localhost:5432/mo...
[pipeline] conexão OK
[pipeline] executando query (max_seq_len=128 — pode levar alguns minutos)...
[pipeline] query concluída em 7.1s — 1,518,538 linhas
[pipeline] filtrado para hospital_id='BPSP' — 1,518,538 linhas
[pipeline] 28,599 atendimentos únicos encontrados
[pipeline] usando vocabulário pré-compartilhado — 38 tokens
[pipeline] construindo tensores para 28,599 sequências...
[pipeline] tensores: 2,859/28,599 (10%)
[pipeline] tensores: 5,718/28,599 (20%)
[pipeline] tensores: 8,577/28,599 (30%)
[pipeline] tensores: 11,436/28,599 (40%)
[pipeline] tensores: 14,295/28,599 (50%)
[pipeline] tensores: 17,154/28,599 (60%)
[pipeline] tensores: 20,013/28,599 (70%)
[pipeline] tensores: 22,872/28,599 (80%)
[pipeline] tensores: 25,731/28,599 (90%)
[pipeline] tensores: 28,590/28,599 (100%)
[pipeline] tensores prontos em 3.7s
[pipeline] concluído em 11.2s total — 28,599 pacientes | dist={0: 15892, 1: 318, 2: 120, 3: 9448, 4: 2821} | demográficos: age_mean=0.51 sex_M=13664/28599
[92mINFO [0m:      
[92mINFO [0m:      
[92mINFO [0m:      [RUN 10968871761967593261, ROUND 100]
[92mINFO [0m:      Sending: evaluate message (ID: 34a31e8219ebcf473479f7e846af2542225ff5526d6e2748ca864606c3c76bf0)
[92mINFO [0m:      Sent successfully
[92mINFO [0m:      
[92mINFO [0m:      [RUN 10968871761967593261, ROUND 101]
[92mINFO [0m:      Receiving: train message (ID: dcfe39ecee42341771dea85ab80d78e1d570a375efeca32a906855d0d31bd9f0)
[92mINFO [0m:      Received successfully
[92mINFO [0m:      Start `flwr-clientapp` process
[pipeline] conectando ao banco: postgresql://mosaicfl:senhaForte@localhost:5432/mo...
[pipeline] conexão OK
[pipeline] executando query (max_seq_len=128 — pode levar alguns minutos)...
[pipeline] query concluída em 7.3s — 1,518,538 linhas
[pipeline] filtrado para hospital_id='BPSP' — 1,518,538 linhas
[pipeline] 28,599 atendimentos únicos encontrados
[pipeline] usando vocabulário pré-compartilhado — 38 tokens
[pipeline] construindo tensores para 28,599 sequências...
[pipeline] tensores: 2,859/28,599 (10%)
[pipeline] tensores: 5,718/28,599 (20%)
[pipeline] tensores: 8,577/28,599 (30%)
[pipeline] tensores: 11,436/28,599 (40%)
[pipeline] tensores: 14,295/28,599 (50%)
[pipeline] tensores: 17,154/28,599 (60%)
[pipeline] tensores: 20,013/28,599 (70%)
[pipeline] tensores: 22,872/28,599 (80%)
[pipeline] tensores: 25,731/28,599 (90%)
[pipeline] tensores: 28,590/28,599 (100%)
[pipeline] tensores prontos em 3.6s
[pipeline] concluído em 11.2s total — 28,599 pacientes | dist={0: 15892, 1: 318, 2: 120, 3: 9448, 4: 2821} | demográficos: age_mean=0.51 sex_M=13664/28599
[92mINFO [0m:      
[92mINFO [0m:      
[92mINFO [0m:      [RUN 10968871761967593261, ROUND 101]
[92mINFO [0m:      Sending: train message (ID: 8d81aa51e8e894a236cbd9e2fa7f05b621545c108ae5eef8dc832df2b9d8da76)
[92mINFO [0m:      Sent successfully
[92mINFO [0m:      
[92mINFO [0m:      [RUN 10968871761967593261, ROUND 101]
[92mINFO [0m:      Receiving: evaluate message (ID: 806e68944c95880da3b111874b252263bc84914b1387dd9142b5b122abf106ca)
[92mINFO [0m:      Received successfully
[92mINFO [0m:      Start `flwr-clientapp` process
[pipeline] conectando ao banco: postgresql://mosaicfl:senhaForte@localhost:5432/mo...
[pipeline] conexão OK
[pipeline] executando query (max_seq_len=128 — pode levar alguns minutos)...
[pipeline] query concluída em 7.2s — 1,518,538 linhas
[pipeline] filtrado para hospital_id='BPSP' — 1,518,538 linhas
[pipeline] 28,599 atendimentos únicos encontrados
[pipeline] usando vocabulário pré-compartilhado — 38 tokens
[pipeline] construindo tensores para 28,599 sequências...
[pipeline] tensores: 2,859/28,599 (10%)
[pipeline] tensores: 5,718/28,599 (20%)
[pipeline] tensores: 8,577/28,599 (30%)
[pipeline] tensores: 11,436/28,599 (40%)
[pipeline] tensores: 14,295/28,599 (50%)
[pipeline] tensores: 17,154/28,599 (60%)
[pipeline] tensores: 20,013/28,599 (70%)
[pipeline] tensores: 22,872/28,599 (80%)
[pipeline] tensores: 25,731/28,599 (90%)
[pipeline] tensores: 28,590/28,599 (100%)
[pipeline] tensores prontos em 3.7s
[pipeline] concluído em 11.2s total — 28,599 pacientes | dist={0: 15892, 1: 318, 2: 120, 3: 9448, 4: 2821} | demográficos: age_mean=0.51 sex_M=13664/28599
[92mINFO [0m:      
[92mINFO [0m:      
[92mINFO [0m:      [RUN 10968871761967593261, ROUND 101]
[92mINFO [0m:      Sending: evaluate message (ID: 1b16d518ecbfb1cc88997a1509bd79d687d91a3a3e79856c63662bb731ccd8e4)
[92mINFO [0m:      Sent successfully
[92mINFO [0m:      
[92mINFO [0m:      [RUN 10968871761967593261, ROUND 102]
[92mINFO [0m:      Receiving: train message (ID: 8865498a67f668af8c010e45d6a97a4ec5cec292137448fdb186713c6286aefd)
[92mINFO [0m:      Received successfully
[92mINFO [0m:      Start `flwr-clientapp` process
[pipeline] conectando ao banco: postgresql://mosaicfl:senhaForte@localhost:5432/mo...
[pipeline] conexão OK
[pipeline] executando query (max_seq_len=128 — pode levar alguns minutos)...
[pipeline] query concluída em 7.1s — 1,518,538 linhas
[pipeline] filtrado para hospital_id='BPSP' — 1,518,538 linhas
[pipeline] 28,599 atendimentos únicos encontrados
[pipeline] usando vocabulário pré-compartilhado — 38 tokens
[pipeline] construindo tensores para 28,599 sequências...
[pipeline] tensores: 2,859/28,599 (10%)
[pipeline] tensores: 5,718/28,599 (20%)
[pipeline] tensores: 8,577/28,599 (30%)
[pipeline] tensores: 11,436/28,599 (40%)
[pipeline] tensores: 14,295/28,599 (50%)
[pipeline] tensores: 17,154/28,599 (60%)
[pipeline] tensores: 20,013/28,599 (70%)
[pipeline] tensores: 22,872/28,599 (80%)
[pipeline] tensores: 25,731/28,599 (90%)
[pipeline] tensores: 28,590/28,599 (100%)
[pipeline] tensores prontos em 3.6s
[pipeline] concluído em 11.1s total — 28,599 pacientes | dist={0: 15892, 1: 318, 2: 120, 3: 9448, 4: 2821} | demográficos: age_mean=0.51 sex_M=13664/28599
[92mINFO [0m:      
[92mINFO [0m:      
[92mINFO [0m:      [RUN 10968871761967593261, ROUND 102]
[92mINFO [0m:      Sending: train message (ID: 7adb6769fbc11934461930e00ebe45f52d421f9e3aad3acc392e940def71377b)
[92mINFO [0m:      Sent successfully
[92mINFO [0m:      
[92mINFO [0m:      [RUN 10968871761967593261, ROUND 102]
[92mINFO [0m:      Receiving: evaluate message (ID: bc4dcea66abebe61a914b239cb319cf7dc8961a0571f40dafe945f47760800ed)
[92mINFO [0m:      Received successfully
[92mINFO [0m:      Start `flwr-clientapp` process
[pipeline] conectando ao banco: postgresql://mosaicfl:senhaForte@localhost:5432/mo...
[pipeline] conexão OK
[pipeline] executando query (max_seq_len=128 — pode levar alguns minutos)...
[pipeline] query concluída em 7.1s — 1,518,538 linhas
[pipeline] filtrado para hospital_id='BPSP' — 1,518,538 linhas
[pipeline] 28,599 atendimentos únicos encontrados
[pipeline] usando vocabulário pré-compartilhado — 38 tokens
[pipeline] construindo tensores para 28,599 sequências...
[pipeline] tensores: 2,859/28,599 (10%)
[pipeline] tensores: 5,718/28,599 (20%)
[pipeline] tensores: 8,577/28,599 (30%)
[pipeline] tensores: 11,436/28,599 (40%)
[pipeline] tensores: 14,295/28,599 (50%)
[pipeline] tensores: 17,154/28,599 (60%)
[pipeline] tensores: 20,013/28,599 (70%)
[pipeline] tensores: 22,872/28,599 (80%)
[pipeline] tensores: 25,731/28,599 (90%)
[pipeline] tensores: 28,590/28,599 (100%)
[pipeline] tensores prontos em 3.6s
[pipeline] concluído em 11.0s total — 28,599 pacientes | dist={0: 15892, 1: 318, 2: 120, 3: 9448, 4: 2821} | demográficos: age_mean=0.51 sex_M=13664/28599
[92mINFO [0m:      
[92mINFO [0m:      
[92mINFO [0m:      [RUN 10968871761967593261, ROUND 102]
[92mINFO [0m:      Sending: evaluate message (ID: 8af49d63c4eb3d1648d0f892dd3aeee6afc75ede00d02bd0577c7ea2c620730b)
[92mINFO [0m:      Sent successfully
[92mINFO [0m:      
[92mINFO [0m:      [RUN 10968871761967593261, ROUND 103]
[92mINFO [0m:      Receiving: train message (ID: ed2f5d4795272272044daf097823b7331e2b40bc32c16fdda4d3f60288c7dd36)
[92mINFO [0m:      Received successfully
[92mINFO [0m:      Start `flwr-clientapp` process
[pipeline] conectando ao banco: postgresql://mosaicfl:senhaForte@localhost:5432/mo...
[pipeline] conexão OK
[pipeline] executando query (max_seq_len=128 — pode levar alguns minutos)...
[pipeline] query concluída em 7.1s — 1,518,538 linhas
[pipeline] filtrado para hospital_id='BPSP' — 1,518,538 linhas
[pipeline] 28,599 atendimentos únicos encontrados
[pipeline] usando vocabulário pré-compartilhado — 38 tokens
[pipeline] construindo tensores para 28,599 sequências...
[pipeline] tensores: 2,859/28,599 (10%)
[pipeline] tensores: 5,718/28,599 (20%)
[pipeline] tensores: 8,577/28,599 (30%)
[pipeline] tensores: 11,436/28,599 (40%)
[pipeline] tensores: 14,295/28,599 (50%)
[pipeline] tensores: 17,154/28,599 (60%)
[pipeline] tensores: 20,013/28,599 (70%)
[pipeline] tensores: 22,872/28,599 (80%)
[pipeline] tensores: 25,731/28,599 (90%)
[pipeline] tensores: 28,590/28,599 (100%)
[pipeline] tensores prontos em 3.6s
[pipeline] concluído em 11.0s total — 28,599 pacientes | dist={0: 15892, 1: 318, 2: 120, 3: 9448, 4: 2821} | demográficos: age_mean=0.51 sex_M=13664/28599
[92mINFO [0m:      
[92mINFO [0m:      
[92mINFO [0m:      [RUN 10968871761967593261, ROUND 103]
[92mINFO [0m:      Sending: train message (ID: f9e93a8b588ee7d8c7b9766d8feeb559437b7df8fc17143d7ca246b6ec43f814)
[92mINFO [0m:      Sent successfully
[92mINFO [0m:      
[92mINFO [0m:      [RUN 10968871761967593261, ROUND 103]
[92mINFO [0m:      Receiving: evaluate message (ID: 52bc8a9312891f381c0c811cd51b236dc344a6058f67d3998b9a8bdeeb81db47)
[92mINFO [0m:      Received successfully
[92mINFO [0m:      Start `flwr-clientapp` process
[pipeline] conectando ao banco: postgresql://mosaicfl:senhaForte@localhost:5432/mo...
[pipeline] conexão OK
[pipeline] executando query (max_seq_len=128 — pode levar alguns minutos)...
[pipeline] query concluída em 7.2s — 1,518,538 linhas
[pipeline] filtrado para hospital_id='BPSP' — 1,518,538 linhas
[pipeline] 28,599 atendimentos únicos encontrados
[pipeline] usando vocabulário pré-compartilhado — 38 tokens
[pipeline] construindo tensores para 28,599 sequências...
[pipeline] tensores: 2,859/28,599 (10%)
[pipeline] tensores: 5,718/28,599 (20%)
[pipeline] tensores: 8,577/28,599 (30%)
[pipeline] tensores: 11,436/28,599 (40%)
[pipeline] tensores: 14,295/28,599 (50%)
[pipeline] tensores: 17,154/28,599 (60%)
[pipeline] tensores: 20,013/28,599 (70%)
[pipeline] tensores: 22,872/28,599 (80%)
[pipeline] tensores: 25,731/28,599 (90%)
[pipeline] tensores: 28,590/28,599 (100%)
[pipeline] tensores prontos em 3.7s
[pipeline] concluído em 11.3s total — 28,599 pacientes | dist={0: 15892, 1: 318, 2: 120, 3: 9448, 4: 2821} | demográficos: age_mean=0.51 sex_M=13664/28599
[92mINFO [0m:      
[92mINFO [0m:      
[92mINFO [0m:      [RUN 10968871761967593261, ROUND 103]
[92mINFO [0m:      Sending: evaluate message (ID: 9774bffb76396002a29eacdc00ba174def18fd18a0302213803c33d332fa1dc4)
[92mINFO [0m:      Sent successfully
[92mINFO [0m:      
[92mINFO [0m:      [RUN 10968871761967593261, ROUND 104]
[92mINFO [0m:      Receiving: train message (ID: 3269eb6a5a3101f6711071e97a53d04f901152395cbf02017ced2873810afb54)
[92mINFO [0m:      Received successfully
[92mINFO [0m:      Start `flwr-clientapp` process
[pipeline] conectando ao banco: postgresql://mosaicfl:senhaForte@localhost:5432/mo...
[pipeline] conexão OK
[pipeline] executando query (max_seq_len=128 — pode levar alguns minutos)...
[pipeline] query concluída em 7.2s — 1,518,538 linhas
[pipeline] filtrado para hospital_id='BPSP' — 1,518,538 linhas
[pipeline] 28,599 atendimentos únicos encontrados
[pipeline] usando vocabulário pré-compartilhado — 38 tokens
[pipeline] construindo tensores para 28,599 sequências...
[pipeline] tensores: 2,859/28,599 (10%)
[pipeline] tensores: 5,718/28,599 (20%)
[pipeline] tensores: 8,577/28,599 (30%)
[pipeline] tensores: 11,436/28,599 (40%)
[pipeline] tensores: 14,295/28,599 (50%)
[pipeline] tensores: 17,154/28,599 (60%)
[pipeline] tensores: 20,013/28,599 (70%)
[pipeline] tensores: 22,872/28,599 (80%)
[pipeline] tensores: 25,731/28,599 (90%)
[pipeline] tensores: 28,590/28,599 (100%)
[pipeline] tensores prontos em 3.5s
[pipeline] concluído em 11.1s total — 28,599 pacientes | dist={0: 15892, 1: 318, 2: 120, 3: 9448, 4: 2821} | demográficos: age_mean=0.51 sex_M=13664/28599
[92mINFO [0m:      
[92mINFO [0m:      
[92mINFO [0m:      [RUN 10968871761967593261, ROUND 104]
[92mINFO [0m:      Sending: train message (ID: 8c7043cdfb5df50c17cadc01b57998972b414370f0250512f94a2b3491498a0d)
[92mINFO [0m:      Sent successfully
[92mINFO [0m:      
[92mINFO [0m:      [RUN 10968871761967593261, ROUND 104]
[92mINFO [0m:      Receiving: evaluate message (ID: 1788bfd5ba8627c9d238d669b9360af91a95b019afec1731b7406e243e954d37)
[92mINFO [0m:      Received successfully
[92mINFO [0m:      Start `flwr-clientapp` process
[pipeline] conectando ao banco: postgresql://mosaicfl:senhaForte@localhost:5432/mo...
[pipeline] conexão OK
[pipeline] executando query (max_seq_len=128 — pode levar alguns minutos)...
[pipeline] query concluída em 7.2s — 1,518,538 linhas
[pipeline] filtrado para hospital_id='BPSP' — 1,518,538 linhas
[pipeline] 28,599 atendimentos únicos encontrados
[pipeline] usando vocabulário pré-compartilhado — 38 tokens
[pipeline] construindo tensores para 28,599 sequências...
[pipeline] tensores: 2,859/28,599 (10%)
[pipeline] tensores: 5,718/28,599 (20%)
[pipeline] tensores: 8,577/28,599 (30%)
[pipeline] tensores: 11,436/28,599 (40%)
[pipeline] tensores: 14,295/28,599 (50%)
[pipeline] tensores: 17,154/28,599 (60%)
[pipeline] tensores: 20,013/28,599 (70%)
[pipeline] tensores: 22,872/28,599 (80%)
[pipeline] tensores: 25,731/28,599 (90%)
[pipeline] tensores: 28,590/28,599 (100%)
[pipeline] tensores prontos em 3.6s
[pipeline] concluído em 11.1s total — 28,599 pacientes | dist={0: 15892, 1: 318, 2: 120, 3: 9448, 4: 2821} | demográficos: age_mean=0.51 sex_M=13664/28599
[92mINFO [0m:      
[92mINFO [0m:      
[92mINFO [0m:      [RUN 10968871761967593261, ROUND 104]
[92mINFO [0m:      Sending: evaluate message (ID: 7b4697a8870347448031f361a76b4cf82bccbe0c8792af180ba0997f41911c2f)
[92mINFO [0m:      Sent successfully
[92mINFO [0m:      
[92mINFO [0m:      [RUN 10968871761967593261, ROUND 105]
[92mINFO [0m:      Receiving: train message (ID: c1ae5fb69b83e9addc89083e1bdd9f2d94bdcae7b684fb85d563dba547c72e69)
[92mINFO [0m:      Received successfully
[92mINFO [0m:      Start `flwr-clientapp` process
[pipeline] conectando ao banco: postgresql://mosaicfl:senhaForte@localhost:5432/mo...
[pipeline] conexão OK
[pipeline] executando query (max_seq_len=128 — pode levar alguns minutos)...
[pipeline] query concluída em 7.1s — 1,518,538 linhas
[pipeline] filtrado para hospital_id='BPSP' — 1,518,538 linhas
[pipeline] 28,599 atendimentos únicos encontrados
[pipeline] usando vocabulário pré-compartilhado — 38 tokens
[pipeline] construindo tensores para 28,599 sequências...
[pipeline] tensores: 2,859/28,599 (10%)
[pipeline] tensores: 5,718/28,599 (20%)
[pipeline] tensores: 8,577/28,599 (30%)
[pipeline] tensores: 11,436/28,599 (40%)
[pipeline] tensores: 14,295/28,599 (50%)
[pipeline] tensores: 17,154/28,599 (60%)
[pipeline] tensores: 20,013/28,599 (70%)
[pipeline] tensores: 22,872/28,599 (80%)
[pipeline] tensores: 25,731/28,599 (90%)
[pipeline] tensores: 28,590/28,599 (100%)
[pipeline] tensores prontos em 3.6s
[pipeline] concluído em 11.1s total — 28,599 pacientes | dist={0: 15892, 1: 318, 2: 120, 3: 9448, 4: 2821} | demográficos: age_mean=0.51 sex_M=13664/28599
[92mINFO [0m:      
[92mINFO [0m:      
[92mINFO [0m:      [RUN 10968871761967593261, ROUND 105]
[92mINFO [0m:      Sending: train message (ID: 4841dc8756954f39a0a9f829a932709b55b442e474f114322a417595b0a9f2bd)
[92mINFO [0m:      Sent successfully
[92mINFO [0m:      
[92mINFO [0m:      [RUN 10968871761967593261, ROUND 105]
[92mINFO [0m:      Receiving: evaluate message (ID: bb805c7aaf842e695576e33b02d5a13097ea4d8fbd04d9005f1498ee23a62eca)
[92mINFO [0m:      Received successfully
[92mINFO [0m:      Start `flwr-clientapp` process
[pipeline] conectando ao banco: postgresql://mosaicfl:senhaForte@localhost:5432/mo...
[pipeline] conexão OK
[pipeline] executando query (max_seq_len=128 — pode levar alguns minutos)...
[pipeline] query concluída em 7.1s — 1,518,538 linhas
[pipeline] filtrado para hospital_id='BPSP' — 1,518,538 linhas
[pipeline] 28,599 atendimentos únicos encontrados
[pipeline] usando vocabulário pré-compartilhado — 38 tokens
[pipeline] construindo tensores para 28,599 sequências...
[pipeline] tensores: 2,859/28,599 (10%)
[pipeline] tensores: 5,718/28,599 (20%)
[pipeline] tensores: 8,577/28,599 (30%)
[pipeline] tensores: 11,436/28,599 (40%)
[pipeline] tensores: 14,295/28,599 (50%)
[pipeline] tensores: 17,154/28,599 (60%)
[pipeline] tensores: 20,013/28,599 (70%)
[pipeline] tensores: 22,872/28,599 (80%)
[pipeline] tensores: 25,731/28,599 (90%)
[pipeline] tensores: 28,590/28,599 (100%)
[pipeline] tensores prontos em 3.6s
[pipeline] concluído em 11.1s total — 28,599 pacientes | dist={0: 15892, 1: 318, 2: 120, 3: 9448, 4: 2821} | demográficos: age_mean=0.51 sex_M=13664/28599
[92mINFO [0m:      
[92mINFO [0m:      [RUN 10968871761967593261, ROUND 105]
[92mINFO [0m:      Sending: evaluate message (ID: 7df945ce3d5012c8f07de28b05514fb5f2daf2679eeb3189e33d4df2e151f366)
[92mINFO [0m:      
[92mINFO [0m:      Sent successfully
[92mINFO [0m:      
[92mINFO [0m:      [RUN 10968871761967593261, ROUND 106]
[92mINFO [0m:      Receiving: train message (ID: 9ffd031891c62b1c064be91b6d2a752225774695189ebea38d595ef78b27aad6)
[92mINFO [0m:      Received successfully
[92mINFO [0m:      Start `flwr-clientapp` process
[pipeline] conectando ao banco: postgresql://mosaicfl:senhaForte@localhost:5432/mo...
[pipeline] conexão OK
[pipeline] executando query (max_seq_len=128 — pode levar alguns minutos)...
[pipeline] query concluída em 7.1s — 1,518,538 linhas
[pipeline] filtrado para hospital_id='BPSP' — 1,518,538 linhas
[pipeline] 28,599 atendimentos únicos encontrados
[pipeline] usando vocabulário pré-compartilhado — 38 tokens
[pipeline] construindo tensores para 28,599 sequências...
[pipeline] tensores: 2,859/28,599 (10%)
[pipeline] tensores: 5,718/28,599 (20%)
[pipeline] tensores: 8,577/28,599 (30%)
[pipeline] tensores: 11,436/28,599 (40%)
[pipeline] tensores: 14,295/28,599 (50%)
[pipeline] tensores: 17,154/28,599 (60%)
[pipeline] tensores: 20,013/28,599 (70%)
[pipeline] tensores: 22,872/28,599 (80%)
[pipeline] tensores: 25,731/28,599 (90%)
[pipeline] tensores: 28,590/28,599 (100%)
[pipeline] tensores prontos em 3.6s
[pipeline] concluído em 11.0s total — 28,599 pacientes | dist={0: 15892, 1: 318, 2: 120, 3: 9448, 4: 2821} | demográficos: age_mean=0.51 sex_M=13664/28599
[92mINFO [0m:      
[92mINFO [0m:      
[92mINFO [0m:      [RUN 10968871761967593261, ROUND 106]
[92mINFO [0m:      Sending: train message (ID: 1997d39d2ba79677ee22afd92407664dc99b46fcd62e0ef5c029bce978dacb25)
[92mINFO [0m:      Sent successfully
[92mINFO [0m:      
[92mINFO [0m:      [RUN 10968871761967593261, ROUND 106]
[92mINFO [0m:      Receiving: evaluate message (ID: d4a620289ea016bdcd2ce170bb93ef362f2259b1061452ba6529111d8dd38ffe)
[92mINFO [0m:      Received successfully
[92mINFO [0m:      Start `flwr-clientapp` process
[pipeline] conectando ao banco: postgresql://mosaicfl:senhaForte@localhost:5432/mo...
[pipeline] conexão OK
[pipeline] executando query (max_seq_len=128 — pode levar alguns minutos)...
[pipeline] query concluída em 7.1s — 1,518,538 linhas
[pipeline] filtrado para hospital_id='BPSP' — 1,518,538 linhas
[pipeline] 28,599 atendimentos únicos encontrados
[pipeline] usando vocabulário pré-compartilhado — 38 tokens
[pipeline] construindo tensores para 28,599 sequências...
[pipeline] tensores: 2,859/28,599 (10%)
[pipeline] tensores: 5,718/28,599 (20%)
[pipeline] tensores: 8,577/28,599 (30%)
[pipeline] tensores: 11,436/28,599 (40%)
[pipeline] tensores: 14,295/28,599 (50%)
[pipeline] tensores: 17,154/28,599 (60%)
[pipeline] tensores: 20,013/28,599 (70%)
[pipeline] tensores: 22,872/28,599 (80%)
[pipeline] tensores: 25,731/28,599 (90%)
[pipeline] tensores: 28,590/28,599 (100%)
[pipeline] tensores prontos em 3.6s
[pipeline] concluído em 11.0s total — 28,599 pacientes | dist={0: 15892, 1: 318, 2: 120, 3: 9448, 4: 2821} | demográficos: age_mean=0.51 sex_M=13664/28599
[92mINFO [0m:      
[92mINFO [0m:      
[92mINFO [0m:      [RUN 10968871761967593261, ROUND 106]
[92mINFO [0m:      Sending: evaluate message (ID: d224219483b93a4cac06611269723a84791cedeb99144b919a83dd6f63dafd31)
[92mINFO [0m:      Sent successfully
[92mINFO [0m:      
[92mINFO [0m:      [RUN 10968871761967593261, ROUND 107]
[92mINFO [0m:      Receiving: train message (ID: f4d64fea728fbe1b47c5129b4a4d8fba8b1fb887056d2e55c013be286946f483)
[92mINFO [0m:      Received successfully
[92mINFO [0m:      Start `flwr-clientapp` process
[pipeline] conectando ao banco: postgresql://mosaicfl:senhaForte@localhost:5432/mo...
[pipeline] conexão OK
[pipeline] executando query (max_seq_len=128 — pode levar alguns minutos)...
[pipeline] query concluída em 7.1s — 1,518,538 linhas
[pipeline] filtrado para hospital_id='BPSP' — 1,518,538 linhas
[pipeline] 28,599 atendimentos únicos encontrados
[pipeline] usando vocabulário pré-compartilhado — 38 tokens
[pipeline] construindo tensores para 28,599 sequências...
[pipeline] tensores: 2,859/28,599 (10%)
[pipeline] tensores: 5,718/28,599 (20%)
[pipeline] tensores: 8,577/28,599 (30%)
[pipeline] tensores: 11,436/28,599 (40%)
[pipeline] tensores: 14,295/28,599 (50%)
[pipeline] tensores: 17,154/28,599 (60%)
[pipeline] tensores: 20,013/28,599 (70%)
[pipeline] tensores: 22,872/28,599 (80%)
[pipeline] tensores: 25,731/28,599 (90%)
[pipeline] tensores: 28,590/28,599 (100%)
[pipeline] tensores prontos em 3.6s
[pipeline] concluído em 11.1s total — 28,599 pacientes | dist={0: 15892, 1: 318, 2: 120, 3: 9448, 4: 2821} | demográficos: age_mean=0.51 sex_M=13664/28599
[92mINFO [0m:      
[92mINFO [0m:      [RUN 10968871761967593261, ROUND 107]
[92mINFO [0m:      Sending: train message (ID: 694e18725d92c3a8511628d9c7f9384d23504628ebef76f0cfa27915b7c13771)
[92mINFO [0m:      
[92mINFO [0m:      Sent successfully
[92mINFO [0m:      
[92mINFO [0m:      [RUN 10968871761967593261, ROUND 107]
[92mINFO [0m:      Receiving: evaluate message (ID: d3937c3408bb9861745f8e4fce09a4bf69f9a16183a27f4939e307fc0f05e49f)
[92mINFO [0m:      Received successfully
[92mINFO [0m:      Start `flwr-clientapp` process
[pipeline] conectando ao banco: postgresql://mosaicfl:senhaForte@localhost:5432/mo...
[pipeline] conexão OK
[pipeline] executando query (max_seq_len=128 — pode levar alguns minutos)...
[pipeline] query concluída em 7.2s — 1,518,538 linhas
[pipeline] filtrado para hospital_id='BPSP' — 1,518,538 linhas
[pipeline] 28,599 atendimentos únicos encontrados
[pipeline] usando vocabulário pré-compartilhado — 38 tokens
[pipeline] construindo tensores para 28,599 sequências...
[pipeline] tensores: 2,859/28,599 (10%)
[pipeline] tensores: 5,718/28,599 (20%)
[pipeline] tensores: 8,577/28,599 (30%)
[pipeline] tensores: 11,436/28,599 (40%)
[pipeline] tensores: 14,295/28,599 (50%)
[pipeline] tensores: 17,154/28,599 (60%)
[pipeline] tensores: 20,013/28,599 (70%)
[pipeline] tensores: 22,872/28,599 (80%)
[pipeline] tensores: 25,731/28,599 (90%)
[pipeline] tensores: 28,590/28,599 (100%)
[pipeline] tensores prontos em 3.7s
[pipeline] concluído em 11.2s total — 28,599 pacientes | dist={0: 15892, 1: 318, 2: 120, 3: 9448, 4: 2821} | demográficos: age_mean=0.51 sex_M=13664/28599
[92mINFO [0m:      
[92mINFO [0m:      
[92mINFO [0m:      [RUN 10968871761967593261, ROUND 107]
[92mINFO [0m:      Sending: evaluate message (ID: b2a5349c50b5b80c83c3910e27dd45d82d2bac35efff580a0c3fdf3a496f8bb2)
[92mINFO [0m:      Sent successfully
[92mINFO [0m:      
[92mINFO [0m:      [RUN 10968871761967593261, ROUND 108]
[92mINFO [0m:      Receiving: train message (ID: b516d74d49ebebc67d48bc83ba6fcbe114fa648df7eb05956a178c82e84439fe)
[92mINFO [0m:      Received successfully
[92mINFO [0m:      Start `flwr-clientapp` process
[pipeline] conectando ao banco: postgresql://mosaicfl:senhaForte@localhost:5432/mo...
[pipeline] conexão OK
[pipeline] executando query (max_seq_len=128 — pode levar alguns minutos)...
[pipeline] query concluída em 7.1s — 1,518,538 linhas
[pipeline] filtrado para hospital_id='BPSP' — 1,518,538 linhas
[pipeline] 28,599 atendimentos únicos encontrados
[pipeline] usando vocabulário pré-compartilhado — 38 tokens
[pipeline] construindo tensores para 28,599 sequências...
[pipeline] tensores: 2,859/28,599 (10%)
[pipeline] tensores: 5,718/28,599 (20%)
[pipeline] tensores: 8,577/28,599 (30%)
[pipeline] tensores: 11,436/28,599 (40%)
[pipeline] tensores: 14,295/28,599 (50%)
[pipeline] tensores: 17,154/28,599 (60%)
[pipeline] tensores: 20,013/28,599 (70%)
[pipeline] tensores: 22,872/28,599 (80%)
[pipeline] tensores: 25,731/28,599 (90%)
[pipeline] tensores: 28,590/28,599 (100%)
[pipeline] tensores prontos em 3.5s
[pipeline] concluído em 10.9s total — 28,599 pacientes | dist={0: 15892, 1: 318, 2: 120, 3: 9448, 4: 2821} | demográficos: age_mean=0.51 sex_M=13664/28599
[92mINFO [0m:      
[92mINFO [0m:      [RUN 10968871761967593261, ROUND 108]
[92mINFO [0m:      Sending: train message (ID: 010a7c36c55118dbe3284497a60f0dbfa2be066804f6ed6b3b171c5bffd9548b)
[92mINFO [0m:      
[92mINFO [0m:      Sent successfully
[92mINFO [0m:      
[92mINFO [0m:      [RUN 10968871761967593261, ROUND 108]
[92mINFO [0m:      Receiving: evaluate message (ID: c777e99575e8057afc8fc729c08f31ba8f4a2de7c5e5c57821e051ebf3c13d4c)
[92mINFO [0m:      Received successfully
[92mINFO [0m:      Start `flwr-clientapp` process
[pipeline] conectando ao banco: postgresql://mosaicfl:senhaForte@localhost:5432/mo...
[pipeline] conexão OK
[pipeline] executando query (max_seq_len=128 — pode levar alguns minutos)...
[pipeline] query concluída em 7.1s — 1,518,538 linhas
[pipeline] filtrado para hospital_id='BPSP' — 1,518,538 linhas
[pipeline] 28,599 atendimentos únicos encontrados
[pipeline] usando vocabulário pré-compartilhado — 38 tokens
[pipeline] construindo tensores para 28,599 sequências...
[pipeline] tensores: 2,859/28,599 (10%)
[pipeline] tensores: 5,718/28,599 (20%)
[pipeline] tensores: 8,577/28,599 (30%)
[pipeline] tensores: 11,436/28,599 (40%)
[pipeline] tensores: 14,295/28,599 (50%)
[pipeline] tensores: 17,154/28,599 (60%)
[pipeline] tensores: 20,013/28,599 (70%)
[pipeline] tensores: 22,872/28,599 (80%)
[pipeline] tensores: 25,731/28,599 (90%)
[pipeline] tensores: 28,590/28,599 (100%)
[pipeline] tensores prontos em 3.6s
[pipeline] concluído em 11.0s total — 28,599 pacientes | dist={0: 15892, 1: 318, 2: 120, 3: 9448, 4: 2821} | demográficos: age_mean=0.51 sex_M=13664/28599
[92mINFO [0m:      
[92mINFO [0m:      
[92mINFO [0m:      [RUN 10968871761967593261, ROUND 108]
[92mINFO [0m:      Sending: evaluate message (ID: 88e431e02bd070d26ef927c7f45dd5dcc304e02748d899fd297c198742a61cb6)
[92mINFO [0m:      Sent successfully
[92mINFO [0m:      
[92mINFO [0m:      [RUN 10968871761967593261, ROUND 109]
[92mINFO [0m:      Receiving: train message (ID: 500dfce0db015346be9ffc4e330241778f72624cee8586c5a414a495ab7003ba)
[92mINFO [0m:      Received successfully
[92mINFO [0m:      Start `flwr-clientapp` process
[pipeline] conectando ao banco: postgresql://mosaicfl:senhaForte@localhost:5432/mo...
[pipeline] conexão OK
[pipeline] executando query (max_seq_len=128 — pode levar alguns minutos)...
[pipeline] query concluída em 7.1s — 1,518,538 linhas
[pipeline] filtrado para hospital_id='BPSP' — 1,518,538 linhas
[pipeline] 28,599 atendimentos únicos encontrados
[pipeline] usando vocabulário pré-compartilhado — 38 tokens
[pipeline] construindo tensores para 28,599 sequências...
[pipeline] tensores: 2,859/28,599 (10%)
[pipeline] tensores: 5,718/28,599 (20%)
[pipeline] tensores: 8,577/28,599 (30%)
[pipeline] tensores: 11,436/28,599 (40%)
[pipeline] tensores: 14,295/28,599 (50%)
[pipeline] tensores: 17,154/28,599 (60%)
[pipeline] tensores: 20,013/28,599 (70%)
[pipeline] tensores: 22,872/28,599 (80%)
[pipeline] tensores: 25,731/28,599 (90%)
[pipeline] tensores: 28,590/28,599 (100%)
[pipeline] tensores prontos em 3.6s
[pipeline] concluído em 11.0s total — 28,599 pacientes | dist={0: 15892, 1: 318, 2: 120, 3: 9448, 4: 2821} | demográficos: age_mean=0.51 sex_M=13664/28599
[92mINFO [0m:      
[92mINFO [0m:      
[92mINFO [0m:      [RUN 10968871761967593261, ROUND 109]
[92mINFO [0m:      Sending: train message (ID: 6b07a7feb5be10aacd301ff4acda8ed3c70707604c781a7f15865c283c9da419)
[92mINFO [0m:      Sent successfully
[92mINFO [0m:      
[92mINFO [0m:      [RUN 10968871761967593261, ROUND 109]
[92mINFO [0m:      Receiving: evaluate message (ID: eba13424b6d616667c0e9c98a0adb4b8603389c9225fa8721c76cd65b948a2f1)
[92mINFO [0m:      Received successfully
[92mINFO [0m:      Start `flwr-clientapp` process
[pipeline] conectando ao banco: postgresql://mosaicfl:senhaForte@localhost:5432/mo...
[pipeline] conexão OK
[pipeline] executando query (max_seq_len=128 — pode levar alguns minutos)...
[pipeline] query concluída em 7.1s — 1,518,538 linhas
[pipeline] filtrado para hospital_id='BPSP' — 1,518,538 linhas
[pipeline] 28,599 atendimentos únicos encontrados
[pipeline] usando vocabulário pré-compartilhado — 38 tokens
[pipeline] construindo tensores para 28,599 sequências...
[pipeline] tensores: 2,859/28,599 (10%)
[pipeline] tensores: 5,718/28,599 (20%)
[pipeline] tensores: 8,577/28,599 (30%)
[pipeline] tensores: 11,436/28,599 (40%)
[pipeline] tensores: 14,295/28,599 (50%)
[pipeline] tensores: 17,154/28,599 (60%)
[pipeline] tensores: 20,013/28,599 (70%)
[pipeline] tensores: 22,872/28,599 (80%)
[pipeline] tensores: 25,731/28,599 (90%)
[pipeline] tensores: 28,590/28,599 (100%)
[pipeline] tensores prontos em 3.6s
[pipeline] concluído em 11.2s total — 28,599 pacientes | dist={0: 15892, 1: 318, 2: 120, 3: 9448, 4: 2821} | demográficos: age_mean=0.51 sex_M=13664/28599
[92mINFO [0m:      
[92mINFO [0m:      
[92mINFO [0m:      [RUN 10968871761967593261, ROUND 109]
[92mINFO [0m:      Sending: evaluate message (ID: aee6d988156677a375b41ddca7a4ac366ff1a35063c2a607d2c971e010b200c8)
[92mINFO [0m:      Sent successfully
[92mINFO [0m:      
[92mINFO [0m:      [RUN 10968871761967593261, ROUND 110]
[92mINFO [0m:      Receiving: train message (ID: bc55536934ff41cefa2670a9fa8b6399a580db0dab45637ceab701d7db47818c)
[92mINFO [0m:      Received successfully
[92mINFO [0m:      Start `flwr-clientapp` process
[pipeline] conectando ao banco: postgresql://mosaicfl:senhaForte@localhost:5432/mo...
[pipeline] conexão OK
[pipeline] executando query (max_seq_len=128 — pode levar alguns minutos)...
[pipeline] query concluída em 7.1s — 1,518,538 linhas
[pipeline] filtrado para hospital_id='BPSP' — 1,518,538 linhas
[pipeline] 28,599 atendimentos únicos encontrados
[pipeline] usando vocabulário pré-compartilhado — 38 tokens
[pipeline] construindo tensores para 28,599 sequências...
[pipeline] tensores: 2,859/28,599 (10%)
[pipeline] tensores: 5,718/28,599 (20%)
[pipeline] tensores: 8,577/28,599 (30%)
[pipeline] tensores: 11,436/28,599 (40%)
[pipeline] tensores: 14,295/28,599 (50%)
[pipeline] tensores: 17,154/28,599 (60%)
[pipeline] tensores: 20,013/28,599 (70%)
[pipeline] tensores: 22,872/28,599 (80%)
[pipeline] tensores: 25,731/28,599 (90%)
[pipeline] tensores: 28,590/28,599 (100%)
[pipeline] tensores prontos em 3.6s
[pipeline] concluído em 11.0s total — 28,599 pacientes | dist={0: 15892, 1: 318, 2: 120, 3: 9448, 4: 2821} | demográficos: age_mean=0.51 sex_M=13664/28599
[92mINFO [0m:      
[92mINFO [0m:      
[92mINFO [0m:      [RUN 10968871761967593261, ROUND 110]
[92mINFO [0m:      Sending: train message (ID: 85c50aff2299f407fbb73829258b23a9b2b69100c0db2e74fac78be19868a6a4)
[92mINFO [0m:      Sent successfully
[92mINFO [0m:      
[92mINFO [0m:      [RUN 10968871761967593261, ROUND 110]
[92mINFO [0m:      Receiving: evaluate message (ID: 11f8d3ce1b15ca49b8e92591214e16526509a63eb73401316503dafcf74a4c82)
[92mINFO [0m:      Received successfully
[92mINFO [0m:      Start `flwr-clientapp` process
[pipeline] conectando ao banco: postgresql://mosaicfl:senhaForte@localhost:5432/mo...
[pipeline] conexão OK
[pipeline] executando query (max_seq_len=128 — pode levar alguns minutos)...
[pipeline] query concluída em 7.1s — 1,518,538 linhas
[pipeline] filtrado para hospital_id='BPSP' — 1,518,538 linhas
[pipeline] 28,599 atendimentos únicos encontrados
[pipeline] usando vocabulário pré-compartilhado — 38 tokens
[pipeline] construindo tensores para 28,599 sequências...
[pipeline] tensores: 2,859/28,599 (10%)
[pipeline] tensores: 5,718/28,599 (20%)
[pipeline] tensores: 8,577/28,599 (30%)
[pipeline] tensores: 11,436/28,599 (40%)
[pipeline] tensores: 14,295/28,599 (50%)
[pipeline] tensores: 17,154/28,599 (60%)
[pipeline] tensores: 20,013/28,599 (70%)
[pipeline] tensores: 22,872/28,599 (80%)
[pipeline] tensores: 25,731/28,599 (90%)
[pipeline] tensores: 28,590/28,599 (100%)
[pipeline] tensores prontos em 3.5s
[pipeline] concluído em 11.0s total — 28,599 pacientes | dist={0: 15892, 1: 318, 2: 120, 3: 9448, 4: 2821} | demográficos: age_mean=0.51 sex_M=13664/28599
[92mINFO [0m:      
[92mINFO [0m:      
[92mINFO [0m:      [RUN 10968871761967593261, ROUND 110]
[92mINFO [0m:      Sending: evaluate message (ID: f05279725a77feba77c03cb9e20425d70572ca290b7e11c06d5fabed5c34f12c)
[92mINFO [0m:      Sent successfully
