[92mINFO [0m:      Starting Flower SuperNode
[92mINFO [0m:      Flower Deployment Runtime: Starting ClientAppIo API on 0.0.0.0:9094
[92mINFO [0m:      SuperNode ID: 18348008196318989220
[92mINFO [0m:      Starting Flower SuperExec
[92mINFO [0m:      
[92mINFO [0m:      [RUN 3963248972974576500, ROUND 1]
[92mINFO [0m:      Receiving: train message (ID: 7618b497b38e371319ddad990a03b0895238d60cbb5adc3ae6c1d8685a11744a)
[92mINFO [0m:      Received successfully
[92mINFO [0m:      Start `flwr-clientapp` process
[pipeline] conectando ao banco: postgresql://mosaicfl:senhaForte@localhost:5432/mo...
[pipeline] conexão OK
[pipeline] executando query (max_seq_len=128 — pode levar alguns minutos)...
[pipeline] query concluída em 7.1s — 1,518,538 linhas
[pipeline] filtrado para hospital_id='BPSP' — 1,518,538 linhas
[pipeline] 28,599 atendimentos únicos encontrados
[pipeline] usando vocabulário pré-compartilhado — 38 tokens
[pipeline] construindo tensores para 28,599 sequências...
[pipeline] tensores: 2,859/28,599 (10%)
[pipeline] tensores: 5,718/28,599 (20%)
[pipeline] tensores: 8,577/28,599 (30%)
[pipeline] tensores: 11,436/28,599 (40%)
[pipeline] tensores: 14,295/28,599 (50%)
[pipeline] tensores: 17,154/28,599 (60%)
[pipeline] tensores: 20,013/28,599 (70%)
[pipeline] tensores: 22,872/28,599 (80%)
[pipeline] tensores: 25,731/28,599 (90%)
[pipeline] tensores: 28,590/28,599 (100%)
[pipeline] tensores prontos em 3.6s
[pipeline] concluído em 11.1s total — 28,599 pacientes | dist={0: 15892, 1: 318, 2: 120, 3: 9448, 4: 2821} | demográficos: age_mean=0.51 sex_M=13664/28599
[92mINFO [0m:      
[92mINFO [0m:      [RUN 3963248972974576500, ROUND 1]
[92mINFO [0m:      Sending: train message (ID: dfb11390a37808d0397e05daf46bceea9c7e0057ec43ffda9d75e738be108562)
[92mINFO [0m:      
[92mINFO [0m:      Sent successfully
[92mINFO [0m:      
[92mINFO [0m:      [RUN 3963248972974576500, ROUND 1]
[92mINFO [0m:      Receiving: evaluate message (ID: 0ce33eeb2a8d9e0933a38f8404af464636dfa471e235bfe73d365ce5a26fac77)
[92mINFO [0m:      Received successfully
[92mINFO [0m:      Start `flwr-clientapp` process
[pipeline] conectando ao banco: postgresql://mosaicfl:senhaForte@localhost:5432/mo...
[pipeline] conexão OK
[pipeline] executando query (max_seq_len=128 — pode levar alguns minutos)...
[pipeline] query concluída em 7.2s — 1,518,538 linhas
[pipeline] filtrado para hospital_id='BPSP' — 1,518,538 linhas
[pipeline] 28,599 atendimentos únicos encontrados
[pipeline] usando vocabulário pré-compartilhado — 38 tokens
[pipeline] construindo tensores para 28,599 sequências...
[pipeline] tensores: 2,859/28,599 (10%)
[pipeline] tensores: 5,718/28,599 (20%)
[pipeline] tensores: 8,577/28,599 (30%)
[pipeline] tensores: 11,436/28,599 (40%)
[pipeline] tensores: 14,295/28,599 (50%)
[pipeline] tensores: 17,154/28,599 (60%)
[pipeline] tensores: 20,013/28,599 (70%)
[pipeline] tensores: 22,872/28,599 (80%)
[pipeline] tensores: 25,731/28,599 (90%)
[pipeline] tensores: 28,590/28,599 (100%)
[pipeline] tensores prontos em 3.6s
[pipeline] concluído em 11.1s total — 28,599 pacientes | dist={0: 15892, 1: 318, 2: 120, 3: 9448, 4: 2821} | demográficos: age_mean=0.51 sex_M=13664/28599
[92mINFO [0m:      
[92mINFO [0m:      
[92mINFO [0m:      [RUN 3963248972974576500, ROUND 1]
[92mINFO [0m:      Sending: evaluate message (ID: d41ff95e2ace33030e74e1d0b02e0c5cf955d334d7c3933ed08729e9f33a73b3)
[92mINFO [0m:      Sent successfully
[92mINFO [0m:      
[92mINFO [0m:      [RUN 3963248972974576500, ROUND 2]
[92mINFO [0m:      Receiving: train message (ID: b16d78e3b2829f9c63c7a8f54bb8bab22366c2d00cf6765dd18efe8ebb2872a6)
[92mINFO [0m:      Received successfully
[92mINFO [0m:      Start `flwr-clientapp` process
[pipeline] conectando ao banco: postgresql://mosaicfl:senhaForte@localhost:5432/mo...
[pipeline] conexão OK
[pipeline] executando query (max_seq_len=128 — pode levar alguns minutos)...
[pipeline] query concluída em 7.2s — 1,518,538 linhas
[pipeline] filtrado para hospital_id='BPSP' — 1,518,538 linhas
[pipeline] 28,599 atendimentos únicos encontrados
[pipeline] usando vocabulário pré-compartilhado — 38 tokens
[pipeline] construindo tensores para 28,599 sequências...
[pipeline] tensores: 2,859/28,599 (10%)
[pipeline] tensores: 5,718/28,599 (20%)
[pipeline] tensores: 8,577/28,599 (30%)
[pipeline] tensores: 11,436/28,599 (40%)
[pipeline] tensores: 14,295/28,599 (50%)
[pipeline] tensores: 17,154/28,599 (60%)
[pipeline] tensores: 20,013/28,599 (70%)
[pipeline] tensores: 22,872/28,599 (80%)
[pipeline] tensores: 25,731/28,599 (90%)
[pipeline] tensores: 28,590/28,599 (100%)
[pipeline] tensores prontos em 3.6s
[pipeline] concluído em 11.2s total — 28,599 pacientes | dist={0: 15892, 1: 318, 2: 120, 3: 9448, 4: 2821} | demográficos: age_mean=0.51 sex_M=13664/28599
[92mINFO [0m:      
[92mINFO [0m:      
[92mINFO [0m:      [RUN 3963248972974576500, ROUND 2]
[92mINFO [0m:      Sending: train message (ID: 650f7e645722350c38090980d09b372655b4ca64b6d728972f51efd87813e82c)
[92mINFO [0m:      Sent successfully
[92mINFO [0m:      
[92mINFO [0m:      [RUN 3963248972974576500, ROUND 2]
[92mINFO [0m:      Receiving: evaluate message (ID: 579140c3f94cba660195b3a60112bad18e4568bbdf71cd5d946280f1c041366c)
[92mINFO [0m:      Received successfully
[92mINFO [0m:      Start `flwr-clientapp` process
[pipeline] conectando ao banco: postgresql://mosaicfl:senhaForte@localhost:5432/mo...
[pipeline] conexão OK
[pipeline] executando query (max_seq_len=128 — pode levar alguns minutos)...
[pipeline] query concluída em 7.2s — 1,518,538 linhas
[pipeline] filtrado para hospital_id='BPSP' — 1,518,538 linhas
[pipeline] 28,599 atendimentos únicos encontrados
[pipeline] usando vocabulário pré-compartilhado — 38 tokens
[pipeline] construindo tensores para 28,599 sequências...
[pipeline] tensores: 2,859/28,599 (10%)
[pipeline] tensores: 5,718/28,599 (20%)
[pipeline] tensores: 8,577/28,599 (30%)
[pipeline] tensores: 11,436/28,599 (40%)
[pipeline] tensores: 14,295/28,599 (50%)
[pipeline] tensores: 17,154/28,599 (60%)
[pipeline] tensores: 20,013/28,599 (70%)
[pipeline] tensores: 22,872/28,599 (80%)
[pipeline] tensores: 25,731/28,599 (90%)
[pipeline] tensores: 28,590/28,599 (100%)
[pipeline] tensores prontos em 3.6s
[pipeline] concluído em 11.2s total — 28,599 pacientes | dist={0: 15892, 1: 318, 2: 120, 3: 9448, 4: 2821} | demográficos: age_mean=0.51 sex_M=13664/28599
[92mINFO [0m:      
[92mINFO [0m:      [RUN 3963248972974576500, ROUND 2]
[92mINFO [0m:      Sending: evaluate message (ID: a531ade64b7448ed6a27c578c7009cd4b2adc208c591c65d157104a07be9951c)
[92mINFO [0m:      Sent successfully
[92mINFO [0m:      
[92mINFO [0m:      
[92mINFO [0m:      [RUN 3963248972974576500, ROUND 3]
[92mINFO [0m:      Receiving: train message (ID: c964573a38e42e8d676594dbe19809c8f1074e70e35001cea74b792e8669cd79)
[92mINFO [0m:      Received successfully
[92mINFO [0m:      Start `flwr-clientapp` process
[pipeline] conectando ao banco: postgresql://mosaicfl:senhaForte@localhost:5432/mo...
[pipeline] conexão OK
[pipeline] executando query (max_seq_len=128 — pode levar alguns minutos)...
[pipeline] query concluída em 7.1s — 1,518,538 linhas
[pipeline] filtrado para hospital_id='BPSP' — 1,518,538 linhas
[pipeline] 28,599 atendimentos únicos encontrados
[pipeline] usando vocabulário pré-compartilhado — 38 tokens
[pipeline] construindo tensores para 28,599 sequências...
[pipeline] tensores: 2,859/28,599 (10%)
[pipeline] tensores: 5,718/28,599 (20%)
[pipeline] tensores: 8,577/28,599 (30%)
[pipeline] tensores: 11,436/28,599 (40%)
[pipeline] tensores: 14,295/28,599 (50%)
[pipeline] tensores: 17,154/28,599 (60%)
[pipeline] tensores: 20,013/28,599 (70%)
[pipeline] tensores: 22,872/28,599 (80%)
[pipeline] tensores: 25,731/28,599 (90%)
[pipeline] tensores: 28,590/28,599 (100%)
[pipeline] tensores prontos em 3.6s
[pipeline] concluído em 11.1s total — 28,599 pacientes | dist={0: 15892, 1: 318, 2: 120, 3: 9448, 4: 2821} | demográficos: age_mean=0.51 sex_M=13664/28599
[92mINFO [0m:      
[92mINFO [0m:      
[92mINFO [0m:      [RUN 3963248972974576500, ROUND 3]
[92mINFO [0m:      Sending: train message (ID: 9fb5445bbdb04bb4af7eafdaa0a14beabd7934ff666266868855b1d43e977055)
[92mINFO [0m:      Sent successfully
[92mINFO [0m:      
[92mINFO [0m:      [RUN 3963248972974576500, ROUND 3]
[92mINFO [0m:      Receiving: evaluate message (ID: 034d2e89830a9b7ff90a2a31db85d06cc4a25357059920b5e07408ba8a871d38)
[92mINFO [0m:      Received successfully
[92mINFO [0m:      Start `flwr-clientapp` process
[pipeline] conectando ao banco: postgresql://mosaicfl:senhaForte@localhost:5432/mo...
[pipeline] conexão OK
[pipeline] executando query (max_seq_len=128 — pode levar alguns minutos)...
[pipeline] query concluída em 7.3s — 1,518,538 linhas
[pipeline] filtrado para hospital_id='BPSP' — 1,518,538 linhas
[pipeline] 28,599 atendimentos únicos encontrados
[pipeline] usando vocabulário pré-compartilhado — 38 tokens
[pipeline] construindo tensores para 28,599 sequências...
[pipeline] tensores: 2,859/28,599 (10%)
[pipeline] tensores: 5,718/28,599 (20%)
[pipeline] tensores: 8,577/28,599 (30%)
[pipeline] tensores: 11,436/28,599 (40%)
[pipeline] tensores: 14,295/28,599 (50%)
[pipeline] tensores: 17,154/28,599 (60%)
[pipeline] tensores: 20,013/28,599 (70%)
[pipeline] tensores: 22,872/28,599 (80%)
[pipeline] tensores: 25,731/28,599 (90%)
[pipeline] tensores: 28,590/28,599 (100%)
[pipeline] tensores prontos em 3.7s
[pipeline] concluído em 11.3s total — 28,599 pacientes | dist={0: 15892, 1: 318, 2: 120, 3: 9448, 4: 2821} | demográficos: age_mean=0.51 sex_M=13664/28599
[92mINFO [0m:      
[92mINFO [0m:      
[92mINFO [0m:      [RUN 3963248972974576500, ROUND 3]
[92mINFO [0m:      Sending: evaluate message (ID: 8421bf78b27768e52acc17faef21c71c3dbab78e47fc39e2b4f86ea6ccd79422)
[92mINFO [0m:      Sent successfully
[92mINFO [0m:      
[92mINFO [0m:      [RUN 3963248972974576500, ROUND 4]
[92mINFO [0m:      Receiving: train message (ID: 5a37a94ebcdcbc2828d799382538beceaf03c7bb79a9e61643744f95e002ce1a)
[92mINFO [0m:      Received successfully
[92mINFO [0m:      Start `flwr-clientapp` process
[pipeline] conectando ao banco: postgresql://mosaicfl:senhaForte@localhost:5432/mo...
[pipeline] conexão OK
[pipeline] executando query (max_seq_len=128 — pode levar alguns minutos)...
[pipeline] query concluída em 7.3s — 1,518,538 linhas
[pipeline] filtrado para hospital_id='BPSP' — 1,518,538 linhas
[pipeline] 28,599 atendimentos únicos encontrados
[pipeline] usando vocabulário pré-compartilhado — 38 tokens
[pipeline] construindo tensores para 28,599 sequências...
[pipeline] tensores: 2,859/28,599 (10%)
[pipeline] tensores: 5,718/28,599 (20%)
[pipeline] tensores: 8,577/28,599 (30%)
[pipeline] tensores: 11,436/28,599 (40%)
[pipeline] tensores: 14,295/28,599 (50%)
[pipeline] tensores: 17,154/28,599 (60%)
[pipeline] tensores: 20,013/28,599 (70%)
[pipeline] tensores: 22,872/28,599 (80%)
[pipeline] tensores: 25,731/28,599 (90%)
[pipeline] tensores: 28,590/28,599 (100%)
[pipeline] tensores prontos em 3.7s
[pipeline] concluído em 11.4s total — 28,599 pacientes | dist={0: 15892, 1: 318, 2: 120, 3: 9448, 4: 2821} | demográficos: age_mean=0.51 sex_M=13664/28599
[92mINFO [0m:      
[92mINFO [0m:      
[92mINFO [0m:      [RUN 3963248972974576500, ROUND 4]
[92mINFO [0m:      Sending: train message (ID: a9431c7de47a859c61af0a4947c4aa07a92042fcfdf7915c9c1074c1d8ac1705)
[92mINFO [0m:      Sent successfully
[92mINFO [0m:      
[92mINFO [0m:      [RUN 3963248972974576500, ROUND 4]
[92mINFO [0m:      Receiving: evaluate message (ID: dc34bbf8aa7517d3538de9700a19eeb72ba56c9ea8ddb8f7e43520a739d2864c)
[92mINFO [0m:      Received successfully
[92mINFO [0m:      Start `flwr-clientapp` process
[pipeline] conectando ao banco: postgresql://mosaicfl:senhaForte@localhost:5432/mo...
[pipeline] conexão OK
[pipeline] executando query (max_seq_len=128 — pode levar alguns minutos)...
[pipeline] query concluída em 7.2s — 1,518,538 linhas
[pipeline] filtrado para hospital_id='BPSP' — 1,518,538 linhas
[pipeline] 28,599 atendimentos únicos encontrados
[pipeline] usando vocabulário pré-compartilhado — 38 tokens
[pipeline] construindo tensores para 28,599 sequências...
[pipeline] tensores: 2,859/28,599 (10%)
[pipeline] tensores: 5,718/28,599 (20%)
[pipeline] tensores: 8,577/28,599 (30%)
[pipeline] tensores: 11,436/28,599 (40%)
[pipeline] tensores: 14,295/28,599 (50%)
[pipeline] tensores: 17,154/28,599 (60%)
[pipeline] tensores: 20,013/28,599 (70%)
[pipeline] tensores: 22,872/28,599 (80%)
[pipeline] tensores: 25,731/28,599 (90%)
[pipeline] tensores: 28,590/28,599 (100%)
[pipeline] tensores prontos em 3.7s
[pipeline] concluído em 11.2s total — 28,599 pacientes | dist={0: 15892, 1: 318, 2: 120, 3: 9448, 4: 2821} | demográficos: age_mean=0.51 sex_M=13664/28599
[92mINFO [0m:      
[92mINFO [0m:      
[92mINFO [0m:      [RUN 3963248972974576500, ROUND 4]
[92mINFO [0m:      Sending: evaluate message (ID: 0436ac097e1b2f73c513bae52a6f2b9b8ff824256ea4b49ab41906b48725d544)
[92mINFO [0m:      Sent successfully
[92mINFO [0m:      
[92mINFO [0m:      [RUN 3963248972974576500, ROUND 5]
[92mINFO [0m:      Receiving: train message (ID: f9f6f1b643f6d5025e4c701b7903c0570a3cf9d1d0a999595645a7287e75d4ed)
[92mINFO [0m:      Received successfully
[92mINFO [0m:      Start `flwr-clientapp` process
[pipeline] conectando ao banco: postgresql://mosaicfl:senhaForte@localhost:5432/mo...
[pipeline] conexão OK
[pipeline] executando query (max_seq_len=128 — pode levar alguns minutos)...
[pipeline] query concluída em 7.2s — 1,518,538 linhas
[pipeline] filtrado para hospital_id='BPSP' — 1,518,538 linhas
[pipeline] 28,599 atendimentos únicos encontrados
[pipeline] usando vocabulário pré-compartilhado — 38 tokens
[pipeline] construindo tensores para 28,599 sequências...
[pipeline] tensores: 2,859/28,599 (10%)
[pipeline] tensores: 5,718/28,599 (20%)
[pipeline] tensores: 8,577/28,599 (30%)
[pipeline] tensores: 11,436/28,599 (40%)
[pipeline] tensores: 14,295/28,599 (50%)
[pipeline] tensores: 17,154/28,599 (60%)
[pipeline] tensores: 20,013/28,599 (70%)
[pipeline] tensores: 22,872/28,599 (80%)
[pipeline] tensores: 25,731/28,599 (90%)
[pipeline] tensores: 28,590/28,599 (100%)
[pipeline] tensores prontos em 3.7s
[pipeline] concluído em 11.2s total — 28,599 pacientes | dist={0: 15892, 1: 318, 2: 120, 3: 9448, 4: 2821} | demográficos: age_mean=0.51 sex_M=13664/28599
[92mINFO [0m:      
[92mINFO [0m:      
[92mINFO [0m:      [RUN 3963248972974576500, ROUND 5]
[92mINFO [0m:      Sending: train message (ID: 8f032afbfb82f6004bb5ed4056f3ee6803fecf36e9c9c34c862057ba60048cd9)
[92mINFO [0m:      Sent successfully
[92mINFO [0m:      
[92mINFO [0m:      [RUN 3963248972974576500, ROUND 5]
[92mINFO [0m:      Receiving: evaluate message (ID: e0c30f0b55602e2488652157183915c3c9885db000f4bf4f322ebbb28c2607f8)
[92mINFO [0m:      Received successfully
[92mINFO [0m:      Start `flwr-clientapp` process
[pipeline] conectando ao banco: postgresql://mosaicfl:senhaForte@localhost:5432/mo...
[pipeline] conexão OK
[pipeline] executando query (max_seq_len=128 — pode levar alguns minutos)...
[pipeline] query concluída em 7.4s — 1,518,538 linhas
[pipeline] filtrado para hospital_id='BPSP' — 1,518,538 linhas
[pipeline] 28,599 atendimentos únicos encontrados
[pipeline] usando vocabulário pré-compartilhado — 38 tokens
[pipeline] construindo tensores para 28,599 sequências...
[pipeline] tensores: 2,859/28,599 (10%)
[pipeline] tensores: 5,718/28,599 (20%)
[pipeline] tensores: 8,577/28,599 (30%)
[pipeline] tensores: 11,436/28,599 (40%)
[pipeline] tensores: 14,295/28,599 (50%)
[pipeline] tensores: 17,154/28,599 (60%)
[pipeline] tensores: 20,013/28,599 (70%)
[pipeline] tensores: 22,872/28,599 (80%)
[pipeline] tensores: 25,731/28,599 (90%)
[pipeline] tensores: 28,590/28,599 (100%)
[pipeline] tensores prontos em 3.7s
[pipeline] concluído em 11.5s total — 28,599 pacientes | dist={0: 15892, 1: 318, 2: 120, 3: 9448, 4: 2821} | demográficos: age_mean=0.51 sex_M=13664/28599
[92mINFO [0m:      
[92mINFO [0m:      
[92mINFO [0m:      [RUN 3963248972974576500, ROUND 5]
[92mINFO [0m:      Sending: evaluate message (ID: cb0187582be35706c3997fe51faa7e1f90314198108482ba1e390413a9639c59)
[92mINFO [0m:      Sent successfully
[92mINFO [0m:      
[92mINFO [0m:      [RUN 3963248972974576500, ROUND 6]
[92mINFO [0m:      Receiving: train message (ID: 6653acdd92eb36b06a5a412e4ef6cfab45819269e37b56759cf5b8672b5e5e23)
[92mINFO [0m:      Received successfully
[92mINFO [0m:      Start `flwr-clientapp` process
[pipeline] conectando ao banco: postgresql://mosaicfl:senhaForte@localhost:5432/mo...
[pipeline] conexão OK
[pipeline] executando query (max_seq_len=128 — pode levar alguns minutos)...
[pipeline] query concluída em 7.2s — 1,518,538 linhas
[pipeline] filtrado para hospital_id='BPSP' — 1,518,538 linhas
[pipeline] 28,599 atendimentos únicos encontrados
[pipeline] usando vocabulário pré-compartilhado — 38 tokens
[pipeline] construindo tensores para 28,599 sequências...
[pipeline] tensores: 2,859/28,599 (10%)
[pipeline] tensores: 5,718/28,599 (20%)
[pipeline] tensores: 8,577/28,599 (30%)
[pipeline] tensores: 11,436/28,599 (40%)
[pipeline] tensores: 14,295/28,599 (50%)
[pipeline] tensores: 17,154/28,599 (60%)
[pipeline] tensores: 20,013/28,599 (70%)
[pipeline] tensores: 22,872/28,599 (80%)
[pipeline] tensores: 25,731/28,599 (90%)
[pipeline] tensores: 28,590/28,599 (100%)
[pipeline] tensores prontos em 3.6s
[pipeline] concluído em 11.1s total — 28,599 pacientes | dist={0: 15892, 1: 318, 2: 120, 3: 9448, 4: 2821} | demográficos: age_mean=0.51 sex_M=13664/28599
[92mINFO [0m:      
[92mINFO [0m:      
[92mINFO [0m:      [RUN 3963248972974576500, ROUND 6]
[92mINFO [0m:      Sending: train message (ID: 2e46e716ac9b4a97664018a7f9f8c3d3a84b0f39bf3d29e81ee4c328936b2de9)
[92mINFO [0m:      Sent successfully
[92mINFO [0m:      
[92mINFO [0m:      [RUN 3963248972974576500, ROUND 6]
[92mINFO [0m:      Receiving: evaluate message (ID: ea66e99eb0445cf8dc70b52ad07fafd369e605c2e05b83bdd77be2b4c5999634)
[92mINFO [0m:      Received successfully
[92mINFO [0m:      Start `flwr-clientapp` process
[pipeline] conectando ao banco: postgresql://mosaicfl:senhaForte@localhost:5432/mo...
[pipeline] conexão OK
[pipeline] executando query (max_seq_len=128 — pode levar alguns minutos)...
[pipeline] query concluída em 7.3s — 1,518,538 linhas
[pipeline] filtrado para hospital_id='BPSP' — 1,518,538 linhas
[pipeline] 28,599 atendimentos únicos encontrados
[pipeline] usando vocabulário pré-compartilhado — 38 tokens
[pipeline] construindo tensores para 28,599 sequências...
[pipeline] tensores: 2,859/28,599 (10%)
[pipeline] tensores: 5,718/28,599 (20%)
[pipeline] tensores: 8,577/28,599 (30%)
[pipeline] tensores: 11,436/28,599 (40%)
[pipeline] tensores: 14,295/28,599 (50%)
[pipeline] tensores: 17,154/28,599 (60%)
[pipeline] tensores: 20,013/28,599 (70%)
[pipeline] tensores: 22,872/28,599 (80%)
[pipeline] tensores: 25,731/28,599 (90%)
[pipeline] tensores: 28,590/28,599 (100%)
[pipeline] tensores prontos em 3.6s
[pipeline] concluído em 11.3s total — 28,599 pacientes | dist={0: 15892, 1: 318, 2: 120, 3: 9448, 4: 2821} | demográficos: age_mean=0.51 sex_M=13664/28599
[92mINFO [0m:      
[92mINFO [0m:      
[92mINFO [0m:      [RUN 3963248972974576500, ROUND 6]
[92mINFO [0m:      Sending: evaluate message (ID: d62b5fbf6b7ab143c3fd070eb839f62a70fd894f2483f02ae7c93a893b2c5d10)
[92mINFO [0m:      Sent successfully
[92mINFO [0m:      
[92mINFO [0m:      [RUN 3963248972974576500, ROUND 7]
[92mINFO [0m:      Receiving: train message (ID: 4593b7662efb51e2a347b1c6c778946743cc178e1d6719700c86be7c98c49112)
[92mINFO [0m:      Received successfully
[92mINFO [0m:      Start `flwr-clientapp` process
[pipeline] conectando ao banco: postgresql://mosaicfl:senhaForte@localhost:5432/mo...
[pipeline] conexão OK
[pipeline] executando query (max_seq_len=128 — pode levar alguns minutos)...
[pipeline] query concluída em 7.1s — 1,518,538 linhas
[pipeline] filtrado para hospital_id='BPSP' — 1,518,538 linhas
[pipeline] 28,599 atendimentos únicos encontrados
[pipeline] usando vocabulário pré-compartilhado — 38 tokens
[pipeline] construindo tensores para 28,599 sequências...
[pipeline] tensores: 2,859/28,599 (10%)
[pipeline] tensores: 5,718/28,599 (20%)
[pipeline] tensores: 8,577/28,599 (30%)
[pipeline] tensores: 11,436/28,599 (40%)
[pipeline] tensores: 14,295/28,599 (50%)
[pipeline] tensores: 17,154/28,599 (60%)
[pipeline] tensores: 20,013/28,599 (70%)
[pipeline] tensores: 22,872/28,599 (80%)
[pipeline] tensores: 25,731/28,599 (90%)
[pipeline] tensores: 28,590/28,599 (100%)
[pipeline] tensores prontos em 3.7s
[pipeline] concluído em 11.1s total — 28,599 pacientes | dist={0: 15892, 1: 318, 2: 120, 3: 9448, 4: 2821} | demográficos: age_mean=0.51 sex_M=13664/28599
[92mINFO [0m:      
[92mINFO [0m:      [RUN 3963248972974576500, ROUND 7]
[92mINFO [0m:      Sending: train message (ID: 3498ca71373b80f26fbc950251bc4f986ca5ac371369cb9d0142f50bbe0ff010)
[92mINFO [0m:      
[92mINFO [0m:      Sent successfully
[92mINFO [0m:      
[92mINFO [0m:      [RUN 3963248972974576500, ROUND 7]
[92mINFO [0m:      Receiving: evaluate message (ID: a53e4603c4fc133708e5666811d26225a5f5e850e188c0012dc25e83d8e26b16)
[92mINFO [0m:      Received successfully
[92mINFO [0m:      Start `flwr-clientapp` process
[pipeline] conectando ao banco: postgresql://mosaicfl:senhaForte@localhost:5432/mo...
[pipeline] conexão OK
[pipeline] executando query (max_seq_len=128 — pode levar alguns minutos)...
[pipeline] query concluída em 7.1s — 1,518,538 linhas
[pipeline] filtrado para hospital_id='BPSP' — 1,518,538 linhas
[pipeline] 28,599 atendimentos únicos encontrados
[pipeline] usando vocabulário pré-compartilhado — 38 tokens
[pipeline] construindo tensores para 28,599 sequências...
[pipeline] tensores: 2,859/28,599 (10%)
[pipeline] tensores: 5,718/28,599 (20%)
[pipeline] tensores: 8,577/28,599 (30%)
[pipeline] tensores: 11,436/28,599 (40%)
[pipeline] tensores: 14,295/28,599 (50%)
[pipeline] tensores: 17,154/28,599 (60%)
[pipeline] tensores: 20,013/28,599 (70%)
[pipeline] tensores: 22,872/28,599 (80%)
[pipeline] tensores: 25,731/28,599 (90%)
[pipeline] tensores: 28,590/28,599 (100%)
[pipeline] tensores prontos em 3.5s
[pipeline] concluído em 11.0s total — 28,599 pacientes | dist={0: 15892, 1: 318, 2: 120, 3: 9448, 4: 2821} | demográficos: age_mean=0.51 sex_M=13664/28599
[92mINFO [0m:      
[92mINFO [0m:      
[92mINFO [0m:      [RUN 3963248972974576500, ROUND 7]
[92mINFO [0m:      Sending: evaluate message (ID: 56b553b95b5ba28cdee934caac3120dbd0d9bb2ff2200ef23ea19662fd8644c7)
[92mINFO [0m:      Sent successfully
[92mINFO [0m:      
[92mINFO [0m:      [RUN 3963248972974576500, ROUND 8]
[92mINFO [0m:      Receiving: train message (ID: 5dda224eb476d8652d56fd30ef1d0cdcf962bbc4c264be12ff9fdb92e0cf3394)
[92mINFO [0m:      Received successfully
[92mINFO [0m:      Start `flwr-clientapp` process
[pipeline] conectando ao banco: postgresql://mosaicfl:senhaForte@localhost:5432/mo...
[pipeline] conexão OK
[pipeline] executando query (max_seq_len=128 — pode levar alguns minutos)...
[pipeline] query concluída em 7.1s — 1,518,538 linhas
[pipeline] filtrado para hospital_id='BPSP' — 1,518,538 linhas
[pipeline] 28,599 atendimentos únicos encontrados
[pipeline] usando vocabulário pré-compartilhado — 38 tokens
[pipeline] construindo tensores para 28,599 sequências...
[pipeline] tensores: 2,859/28,599 (10%)
[pipeline] tensores: 5,718/28,599 (20%)
[pipeline] tensores: 8,577/28,599 (30%)
[pipeline] tensores: 11,436/28,599 (40%)
[pipeline] tensores: 14,295/28,599 (50%)
[pipeline] tensores: 17,154/28,599 (60%)
[pipeline] tensores: 20,013/28,599 (70%)
[pipeline] tensores: 22,872/28,599 (80%)
[pipeline] tensores: 25,731/28,599 (90%)
[pipeline] tensores: 28,590/28,599 (100%)
[pipeline] tensores prontos em 3.6s
[pipeline] concluído em 11.1s total — 28,599 pacientes | dist={0: 15892, 1: 318, 2: 120, 3: 9448, 4: 2821} | demográficos: age_mean=0.51 sex_M=13664/28599
[92mINFO [0m:      
[92mINFO [0m:      
[92mINFO [0m:      [RUN 3963248972974576500, ROUND 8]
[92mINFO [0m:      Sending: train message (ID: c480a13c29ad3a75b19f8116e3e3eea37650fc411f2430ce9cd4679e74dc7bbf)
[92mINFO [0m:      Sent successfully
[92mINFO [0m:      
[92mINFO [0m:      [RUN 3963248972974576500, ROUND 8]
[92mINFO [0m:      Receiving: evaluate message (ID: 88450a87ce64bce0212b12cc3cdffa2bd6c7a60e4d72acc1f5ad05bbea760363)
[92mINFO [0m:      Received successfully
[92mINFO [0m:      Start `flwr-clientapp` process
[pipeline] conectando ao banco: postgresql://mosaicfl:senhaForte@localhost:5432/mo...
[pipeline] conexão OK
[pipeline] executando query (max_seq_len=128 — pode levar alguns minutos)...
[pipeline] query concluída em 7.3s — 1,518,538 linhas
[pipeline] filtrado para hospital_id='BPSP' — 1,518,538 linhas
[pipeline] 28,599 atendimentos únicos encontrados
[pipeline] usando vocabulário pré-compartilhado — 38 tokens
[pipeline] construindo tensores para 28,599 sequências...
[pipeline] tensores: 2,859/28,599 (10%)
[pipeline] tensores: 5,718/28,599 (20%)
[pipeline] tensores: 8,577/28,599 (30%)
[pipeline] tensores: 11,436/28,599 (40%)
[pipeline] tensores: 14,295/28,599 (50%)
[pipeline] tensores: 17,154/28,599 (60%)
[pipeline] tensores: 20,013/28,599 (70%)
[pipeline] tensores: 22,872/28,599 (80%)
[pipeline] tensores: 25,731/28,599 (90%)
[pipeline] tensores: 28,590/28,599 (100%)
[pipeline] tensores prontos em 3.6s
[pipeline] concluído em 11.3s total — 28,599 pacientes | dist={0: 15892, 1: 318, 2: 120, 3: 9448, 4: 2821} | demográficos: age_mean=0.51 sex_M=13664/28599
[92mINFO [0m:      
[92mINFO [0m:      [RUN 3963248972974576500, ROUND 8]
[92mINFO [0m:      Sending: evaluate message (ID: 125c378b0bcff4e150ab6630ea535b6453f8f6478fc8b7a38cf07896cf61cdaf)
[92mINFO [0m:      
[92mINFO [0m:      Sent successfully
[92mINFO [0m:      
[92mINFO [0m:      [RUN 3963248972974576500, ROUND 9]
[92mINFO [0m:      Receiving: train message (ID: 561f7449d34ca4951543269d2bbfde77ea2472ece8405f82c4713fcf4b6d5ec9)
[92mINFO [0m:      Received successfully
[92mINFO [0m:      Start `flwr-clientapp` process
[pipeline] conectando ao banco: postgresql://mosaicfl:senhaForte@localhost:5432/mo...
[pipeline] conexão OK
[pipeline] executando query (max_seq_len=128 — pode levar alguns minutos)...
[pipeline] query concluída em 7.1s — 1,518,538 linhas
[pipeline] filtrado para hospital_id='BPSP' — 1,518,538 linhas
[pipeline] 28,599 atendimentos únicos encontrados
[pipeline] usando vocabulário pré-compartilhado — 38 tokens
[pipeline] construindo tensores para 28,599 sequências...
[pipeline] tensores: 2,859/28,599 (10%)
[pipeline] tensores: 5,718/28,599 (20%)
[pipeline] tensores: 8,577/28,599 (30%)
[pipeline] tensores: 11,436/28,599 (40%)
[pipeline] tensores: 14,295/28,599 (50%)
[pipeline] tensores: 17,154/28,599 (60%)
[pipeline] tensores: 20,013/28,599 (70%)
[pipeline] tensores: 22,872/28,599 (80%)
[pipeline] tensores: 25,731/28,599 (90%)
[pipeline] tensores: 28,590/28,599 (100%)
[pipeline] tensores prontos em 3.5s
[pipeline] concluído em 10.9s total — 28,599 pacientes | dist={0: 15892, 1: 318, 2: 120, 3: 9448, 4: 2821} | demográficos: age_mean=0.51 sex_M=13664/28599
[92mINFO [0m:      
[92mINFO [0m:      [RUN 3963248972974576500, ROUND 9]
[92mINFO [0m:      Sending: train message (ID: 96fa419527076e213132de3637ec042eb9d90ea6633e290b3466a5bcea2a1d2b)
[92mINFO [0m:      
[92mINFO [0m:      Sent successfully
[92mINFO [0m:      
[92mINFO [0m:      [RUN 3963248972974576500, ROUND 9]
[92mINFO [0m:      Receiving: evaluate message (ID: 5684cf85f703758e54935f2341388f024979e29dccdab117ca38fb5958f19808)
[92mINFO [0m:      Received successfully
[92mINFO [0m:      Start `flwr-clientapp` process
[pipeline] conectando ao banco: postgresql://mosaicfl:senhaForte@localhost:5432/mo...
[pipeline] conexão OK
[pipeline] executando query (max_seq_len=128 — pode levar alguns minutos)...
[pipeline] query concluída em 7.1s — 1,518,538 linhas
[pipeline] filtrado para hospital_id='BPSP' — 1,518,538 linhas
[pipeline] 28,599 atendimentos únicos encontrados
[pipeline] usando vocabulário pré-compartilhado — 38 tokens
[pipeline] construindo tensores para 28,599 sequências...
[pipeline] tensores: 2,859/28,599 (10%)
[pipeline] tensores: 5,718/28,599 (20%)
[pipeline] tensores: 8,577/28,599 (30%)
[pipeline] tensores: 11,436/28,599 (40%)
[pipeline] tensores: 14,295/28,599 (50%)
[pipeline] tensores: 17,154/28,599 (60%)
[pipeline] tensores: 20,013/28,599 (70%)
[pipeline] tensores: 22,872/28,599 (80%)
[pipeline] tensores: 25,731/28,599 (90%)
[pipeline] tensores: 28,590/28,599 (100%)
[pipeline] tensores prontos em 3.6s
[pipeline] concluído em 11.1s total — 28,599 pacientes | dist={0: 15892, 1: 318, 2: 120, 3: 9448, 4: 2821} | demográficos: age_mean=0.51 sex_M=13664/28599
[92mINFO [0m:      
[92mINFO [0m:      
[92mINFO [0m:      [RUN 3963248972974576500, ROUND 9]
[92mINFO [0m:      Sending: evaluate message (ID: b178855391997fdaeddeb58b257bc4c1d8a2e46a3f11355b0e2d183c2320b061)
[92mINFO [0m:      Sent successfully
[92mINFO [0m:      
[92mINFO [0m:      [RUN 3963248972974576500, ROUND 10]
[92mINFO [0m:      Receiving: train message (ID: 261266282ce16ab5a8858cad91541288a1151d2aa8ce367cf6a3fd2ed8bd1fc7)
[92mINFO [0m:      Received successfully
[92mINFO [0m:      Start `flwr-clientapp` process
[pipeline] conectando ao banco: postgresql://mosaicfl:senhaForte@localhost:5432/mo...
[pipeline] conexão OK
[pipeline] executando query (max_seq_len=128 — pode levar alguns minutos)...
[pipeline] query concluída em 7.2s — 1,518,538 linhas
[pipeline] filtrado para hospital_id='BPSP' — 1,518,538 linhas
[pipeline] 28,599 atendimentos únicos encontrados
[pipeline] usando vocabulário pré-compartilhado — 38 tokens
[pipeline] construindo tensores para 28,599 sequências...
[pipeline] tensores: 2,859/28,599 (10%)
[pipeline] tensores: 5,718/28,599 (20%)
[pipeline] tensores: 8,577/28,599 (30%)
[pipeline] tensores: 11,436/28,599 (40%)
[pipeline] tensores: 14,295/28,599 (50%)
[pipeline] tensores: 17,154/28,599 (60%)
[pipeline] tensores: 20,013/28,599 (70%)
[pipeline] tensores: 22,872/28,599 (80%)
[pipeline] tensores: 25,731/28,599 (90%)
[pipeline] tensores: 28,590/28,599 (100%)
[pipeline] tensores prontos em 3.6s
[pipeline] concluído em 11.2s total — 28,599 pacientes | dist={0: 15892, 1: 318, 2: 120, 3: 9448, 4: 2821} | demográficos: age_mean=0.51 sex_M=13664/28599
[92mINFO [0m:      
[92mINFO [0m:      [RUN 3963248972974576500, ROUND 10]
[92mINFO [0m:      Sending: train message (ID: 9ec9b8924f81f9b8aeabc22c76b4d4162eed166f48fe8a04de7ad9834ce63086)
[92mINFO [0m:      
[92mINFO [0m:      Sent successfully
[92mINFO [0m:      
[92mINFO [0m:      [RUN 3963248972974576500, ROUND 10]
[92mINFO [0m:      Receiving: evaluate message (ID: 561b7a365bd2866d063eea44eadfe22d073542ec540f43b4a9f87cdb733953ef)
[92mINFO [0m:      Received successfully
[92mINFO [0m:      Start `flwr-clientapp` process
[pipeline] conectando ao banco: postgresql://mosaicfl:senhaForte@localhost:5432/mo...
[pipeline] conexão OK
[pipeline] executando query (max_seq_len=128 — pode levar alguns minutos)...
[pipeline] query concluída em 7.1s — 1,518,538 linhas
[pipeline] filtrado para hospital_id='BPSP' — 1,518,538 linhas
[pipeline] 28,599 atendimentos únicos encontrados
[pipeline] usando vocabulário pré-compartilhado — 38 tokens
[pipeline] construindo tensores para 28,599 sequências...
[pipeline] tensores: 2,859/28,599 (10%)
[pipeline] tensores: 5,718/28,599 (20%)
[pipeline] tensores: 8,577/28,599 (30%)
[pipeline] tensores: 11,436/28,599 (40%)
[pipeline] tensores: 14,295/28,599 (50%)
[pipeline] tensores: 17,154/28,599 (60%)
[pipeline] tensores: 20,013/28,599 (70%)
[pipeline] tensores: 22,872/28,599 (80%)
[pipeline] tensores: 25,731/28,599 (90%)
[pipeline] tensores: 28,590/28,599 (100%)
[pipeline] tensores prontos em 3.5s
[pipeline] concluído em 11.0s total — 28,599 pacientes | dist={0: 15892, 1: 318, 2: 120, 3: 9448, 4: 2821} | demográficos: age_mean=0.51 sex_M=13664/28599
[92mINFO [0m:      
[92mINFO [0m:      
[92mINFO [0m:      [RUN 3963248972974576500, ROUND 10]
[92mINFO [0m:      Sending: evaluate message (ID: ebb2230b92022dbefba45a20931f03e0891ad75fc41c1d2ab8b7ac370dabb44b)
[92mINFO [0m:      Sent successfully
[92mINFO [0m:      
[92mINFO [0m:      [RUN 3963248972974576500, ROUND 11]
[92mINFO [0m:      Receiving: train message (ID: 0fa62c014133f1f047d4a76dcbdd3e77cad3cc17e04b2654b8424047a431e705)
[92mINFO [0m:      Start `flwr-clientapp` process
[92mINFO [0m:      Received successfully
[pipeline] conectando ao banco: postgresql://mosaicfl:senhaForte@localhost:5432/mo...
[pipeline] conexão OK
[pipeline] executando query (max_seq_len=128 — pode levar alguns minutos)...
[pipeline] query concluída em 7.2s — 1,518,538 linhas
[pipeline] filtrado para hospital_id='BPSP' — 1,518,538 linhas
[pipeline] 28,599 atendimentos únicos encontrados
[pipeline] usando vocabulário pré-compartilhado — 38 tokens
[pipeline] construindo tensores para 28,599 sequências...
[pipeline] tensores: 2,859/28,599 (10%)
[pipeline] tensores: 5,718/28,599 (20%)
[pipeline] tensores: 8,577/28,599 (30%)
[pipeline] tensores: 11,436/28,599 (40%)
[pipeline] tensores: 14,295/28,599 (50%)
[pipeline] tensores: 17,154/28,599 (60%)
[pipeline] tensores: 20,013/28,599 (70%)
[pipeline] tensores: 22,872/28,599 (80%)
[pipeline] tensores: 25,731/28,599 (90%)
[pipeline] tensores: 28,590/28,599 (100%)
[pipeline] tensores prontos em 3.7s
[pipeline] concluído em 11.2s total — 28,599 pacientes | dist={0: 15892, 1: 318, 2: 120, 3: 9448, 4: 2821} | demográficos: age_mean=0.51 sex_M=13664/28599
[92mINFO [0m:      
[92mINFO [0m:      
[92mINFO [0m:      [RUN 3963248972974576500, ROUND 11]
[92mINFO [0m:      Sending: train message (ID: 8486154c2e9ebd69bb33c40a18c067bf378b3c8cb29b01a51aac57711b31a11b)
[92mINFO [0m:      Sent successfully
[92mINFO [0m:      
[92mINFO [0m:      [RUN 3963248972974576500, ROUND 11]
[92mINFO [0m:      Receiving: evaluate message (ID: b56c78e7359342994b9927191ff855eefff52af63b35f4d98cfa53542268d310)
[92mINFO [0m:      Received successfully
[92mINFO [0m:      Start `flwr-clientapp` process
[pipeline] conectando ao banco: postgresql://mosaicfl:senhaForte@localhost:5432/mo...
[pipeline] conexão OK
[pipeline] executando query (max_seq_len=128 — pode levar alguns minutos)...
[pipeline] query concluída em 7.2s — 1,518,538 linhas
[pipeline] filtrado para hospital_id='BPSP' — 1,518,538 linhas
[pipeline] 28,599 atendimentos únicos encontrados
[pipeline] usando vocabulário pré-compartilhado — 38 tokens
[pipeline] construindo tensores para 28,599 sequências...
[pipeline] tensores: 2,859/28,599 (10%)
[pipeline] tensores: 5,718/28,599 (20%)
[pipeline] tensores: 8,577/28,599 (30%)
[pipeline] tensores: 11,436/28,599 (40%)
[pipeline] tensores: 14,295/28,599 (50%)
[pipeline] tensores: 17,154/28,599 (60%)
[pipeline] tensores: 20,013/28,599 (70%)
[pipeline] tensores: 22,872/28,599 (80%)
[pipeline] tensores: 25,731/28,599 (90%)
[pipeline] tensores: 28,590/28,599 (100%)
[pipeline] tensores prontos em 3.6s
[pipeline] concluído em 11.1s total — 28,599 pacientes | dist={0: 15892, 1: 318, 2: 120, 3: 9448, 4: 2821} | demográficos: age_mean=0.51 sex_M=13664/28599
[92mINFO [0m:      
[92mINFO [0m:      
[92mINFO [0m:      [RUN 3963248972974576500, ROUND 11]
[92mINFO [0m:      Sending: evaluate message (ID: 6b248f38b3c176b637bcce095535397b21373e01c4e300cbcdd2a43f18eea166)
[92mINFO [0m:      Sent successfully
[92mINFO [0m:      
[92mINFO [0m:      [RUN 3963248972974576500, ROUND 12]
[92mINFO [0m:      Receiving: train message (ID: 8b115d8184a442c7322cb1b728abd1e851749bc16b5b7117c953093927ffd265)
[92mINFO [0m:      Received successfully
[92mINFO [0m:      Start `flwr-clientapp` process
[pipeline] conectando ao banco: postgresql://mosaicfl:senhaForte@localhost:5432/mo...
[pipeline] conexão OK
[pipeline] executando query (max_seq_len=128 — pode levar alguns minutos)...
[pipeline] query concluída em 7.1s — 1,518,538 linhas
[pipeline] filtrado para hospital_id='BPSP' — 1,518,538 linhas
[pipeline] 28,599 atendimentos únicos encontrados
[pipeline] usando vocabulário pré-compartilhado — 38 tokens
[pipeline] construindo tensores para 28,599 sequências...
[pipeline] tensores: 2,859/28,599 (10%)
[pipeline] tensores: 5,718/28,599 (20%)
[pipeline] tensores: 8,577/28,599 (30%)
[pipeline] tensores: 11,436/28,599 (40%)
[pipeline] tensores: 14,295/28,599 (50%)
[pipeline] tensores: 17,154/28,599 (60%)
[pipeline] tensores: 20,013/28,599 (70%)
[pipeline] tensores: 22,872/28,599 (80%)
[pipeline] tensores: 25,731/28,599 (90%)
[pipeline] tensores: 28,590/28,599 (100%)
[pipeline] tensores prontos em 3.5s
[pipeline] concluído em 11.0s total — 28,599 pacientes | dist={0: 15892, 1: 318, 2: 120, 3: 9448, 4: 2821} | demográficos: age_mean=0.51 sex_M=13664/28599
[92mINFO [0m:      
[92mINFO [0m:      
[92mINFO [0m:      [RUN 3963248972974576500, ROUND 12]
[92mINFO [0m:      Sending: train message (ID: d9ea14f1c79867f1bf7a4d066dd82bbf472d4c4b73ca95b81a5223efa20b2c46)
[92mINFO [0m:      Sent successfully
[92mINFO [0m:      
[92mINFO [0m:      [RUN 3963248972974576500, ROUND 12]
[92mINFO [0m:      Receiving: evaluate message (ID: 3fc6ba6c4a162c9aea174145ee7cca184209e0b4fb316c5ad41089ac002a8ebc)
[92mINFO [0m:      Received successfully
[92mINFO [0m:      Start `flwr-clientapp` process
[pipeline] conectando ao banco: postgresql://mosaicfl:senhaForte@localhost:5432/mo...
[pipeline] conexão OK
[pipeline] executando query (max_seq_len=128 — pode levar alguns minutos)...
[pipeline] query concluída em 7.1s — 1,518,538 linhas
[pipeline] filtrado para hospital_id='BPSP' — 1,518,538 linhas
[pipeline] 28,599 atendimentos únicos encontrados
[pipeline] usando vocabulário pré-compartilhado — 38 tokens
[pipeline] construindo tensores para 28,599 sequências...
[pipeline] tensores: 2,859/28,599 (10%)
[pipeline] tensores: 5,718/28,599 (20%)
[pipeline] tensores: 8,577/28,599 (30%)
[pipeline] tensores: 11,436/28,599 (40%)
[pipeline] tensores: 14,295/28,599 (50%)
[pipeline] tensores: 17,154/28,599 (60%)
[pipeline] tensores: 20,013/28,599 (70%)
[pipeline] tensores: 22,872/28,599 (80%)
[pipeline] tensores: 25,731/28,599 (90%)
[pipeline] tensores: 28,590/28,599 (100%)
[pipeline] tensores prontos em 3.6s
[pipeline] concluído em 11.1s total — 28,599 pacientes | dist={0: 15892, 1: 318, 2: 120, 3: 9448, 4: 2821} | demográficos: age_mean=0.51 sex_M=13664/28599
[92mINFO [0m:      
[92mINFO [0m:      
[92mINFO [0m:      [RUN 3963248972974576500, ROUND 12]
[92mINFO [0m:      Sending: evaluate message (ID: 886626fb79a85a402ecb62e7edf4ed9bd825203489b738fd26428dcbe05533f3)
[92mINFO [0m:      Sent successfully
[92mINFO [0m:      
[92mINFO [0m:      [RUN 3963248972974576500, ROUND 13]
[92mINFO [0m:      Receiving: train message (ID: feaf416582249c9f3dd72c05635c67c85d8276e88c66f4b660dc61b9543638db)
[92mINFO [0m:      Received successfully
[92mINFO [0m:      Start `flwr-clientapp` process
[pipeline] conectando ao banco: postgresql://mosaicfl:senhaForte@localhost:5432/mo...
[pipeline] conexão OK
[pipeline] executando query (max_seq_len=128 — pode levar alguns minutos)...
[pipeline] query concluída em 7.2s — 1,518,538 linhas
[pipeline] filtrado para hospital_id='BPSP' — 1,518,538 linhas
[pipeline] 28,599 atendimentos únicos encontrados
[pipeline] usando vocabulário pré-compartilhado — 38 tokens
[pipeline] construindo tensores para 28,599 sequências...
[pipeline] tensores: 2,859/28,599 (10%)
[pipeline] tensores: 5,718/28,599 (20%)
[pipeline] tensores: 8,577/28,599 (30%)
[pipeline] tensores: 11,436/28,599 (40%)
[pipeline] tensores: 14,295/28,599 (50%)
[pipeline] tensores: 17,154/28,599 (60%)
[pipeline] tensores: 20,013/28,599 (70%)
[pipeline] tensores: 22,872/28,599 (80%)
[pipeline] tensores: 25,731/28,599 (90%)
[pipeline] tensores: 28,590/28,599 (100%)
[pipeline] tensores prontos em 3.7s
[pipeline] concluído em 11.3s total — 28,599 pacientes | dist={0: 15892, 1: 318, 2: 120, 3: 9448, 4: 2821} | demográficos: age_mean=0.51 sex_M=13664/28599
[92mINFO [0m:      
[92mINFO [0m:      
[92mINFO [0m:      [RUN 3963248972974576500, ROUND 13]
[92mINFO [0m:      Sending: train message (ID: 325856b616485b7c9bba97d62a4ad574ddb2e3fe5565d87fee1c574a89af5967)
[92mINFO [0m:      Sent successfully
[92mINFO [0m:      
[92mINFO [0m:      [RUN 3963248972974576500, ROUND 13]
[92mINFO [0m:      Receiving: evaluate message (ID: c9d7586db8c4f022d6cd82d97a20e4e84ed86e3f03763545705239b58eb31b28)
[92mINFO [0m:      Received successfully
[92mINFO [0m:      Start `flwr-clientapp` process
[pipeline] conectando ao banco: postgresql://mosaicfl:senhaForte@localhost:5432/mo...
[pipeline] conexão OK
[pipeline] executando query (max_seq_len=128 — pode levar alguns minutos)...
[pipeline] query concluída em 7.1s — 1,518,538 linhas
[pipeline] filtrado para hospital_id='BPSP' — 1,518,538 linhas
[pipeline] 28,599 atendimentos únicos encontrados
[pipeline] usando vocabulário pré-compartilhado — 38 tokens
[pipeline] construindo tensores para 28,599 sequências...
[pipeline] tensores: 2,859/28,599 (10%)
[pipeline] tensores: 5,718/28,599 (20%)
[pipeline] tensores: 8,577/28,599 (30%)
[pipeline] tensores: 11,436/28,599 (40%)
[pipeline] tensores: 14,295/28,599 (50%)
[pipeline] tensores: 17,154/28,599 (60%)
[pipeline] tensores: 20,013/28,599 (70%)
[pipeline] tensores: 22,872/28,599 (80%)
[pipeline] tensores: 25,731/28,599 (90%)
[pipeline] tensores: 28,590/28,599 (100%)
[pipeline] tensores prontos em 3.6s
[pipeline] concluído em 11.0s total — 28,599 pacientes | dist={0: 15892, 1: 318, 2: 120, 3: 9448, 4: 2821} | demográficos: age_mean=0.51 sex_M=13664/28599
[92mINFO [0m:      
[92mINFO [0m:      [RUN 3963248972974576500, ROUND 13]
[92mINFO [0m:      Sending: evaluate message (ID: b27c6fa10b4c2d9dda49ccf424d2702765343d74c0e4a1b709dda3877d53f7ca)
[92mINFO [0m:      Sent successfully
[92mINFO [0m:      
[92mINFO [0m:      
[92mINFO [0m:      [RUN 3963248972974576500, ROUND 14]
[92mINFO [0m:      Receiving: train message (ID: 05bab08f89630d5669374a753d6a36c43efc835331ffb33400c1933d56c8fd02)
[92mINFO [0m:      Received successfully
[92mINFO [0m:      Start `flwr-clientapp` process
[pipeline] conectando ao banco: postgresql://mosaicfl:senhaForte@localhost:5432/mo...
[pipeline] conexão OK
[pipeline] executando query (max_seq_len=128 — pode levar alguns minutos)...
[pipeline] query concluída em 7.2s — 1,518,538 linhas
[pipeline] filtrado para hospital_id='BPSP' — 1,518,538 linhas
[pipeline] 28,599 atendimentos únicos encontrados
[pipeline] usando vocabulário pré-compartilhado — 38 tokens
[pipeline] construindo tensores para 28,599 sequências...
[pipeline] tensores: 2,859/28,599 (10%)
[pipeline] tensores: 5,718/28,599 (20%)
[pipeline] tensores: 8,577/28,599 (30%)
[pipeline] tensores: 11,436/28,599 (40%)
[pipeline] tensores: 14,295/28,599 (50%)
[pipeline] tensores: 17,154/28,599 (60%)
[pipeline] tensores: 20,013/28,599 (70%)
[pipeline] tensores: 22,872/28,599 (80%)
[pipeline] tensores: 25,731/28,599 (90%)
[pipeline] tensores: 28,590/28,599 (100%)
[pipeline] tensores prontos em 3.7s
[pipeline] concluído em 11.2s total — 28,599 pacientes | dist={0: 15892, 1: 318, 2: 120, 3: 9448, 4: 2821} | demográficos: age_mean=0.51 sex_M=13664/28599
[92mINFO [0m:      
[92mINFO [0m:      
[92mINFO [0m:      [RUN 3963248972974576500, ROUND 14]
[92mINFO [0m:      Sending: train message (ID: c6d7709ad83260cc853a6a97d1de5f3d0fac5653ebb58449f8205d58672482e0)
[92mINFO [0m:      Sent successfully
[92mINFO [0m:      
[92mINFO [0m:      [RUN 3963248972974576500, ROUND 14]
[92mINFO [0m:      Receiving: evaluate message (ID: ba06b9cb2cf47b360fb9efd164a5c1540eaaa0010d4ff7f0cacdc538f03d52c5)
[92mINFO [0m:      Received successfully
[92mINFO [0m:      Start `flwr-clientapp` process
[pipeline] conectando ao banco: postgresql://mosaicfl:senhaForte@localhost:5432/mo...
[pipeline] conexão OK
[pipeline] executando query (max_seq_len=128 — pode levar alguns minutos)...
[pipeline] query concluída em 7.1s — 1,518,538 linhas
[pipeline] filtrado para hospital_id='BPSP' — 1,518,538 linhas
[pipeline] 28,599 atendimentos únicos encontrados
[pipeline] usando vocabulário pré-compartilhado — 38 tokens
[pipeline] construindo tensores para 28,599 sequências...
[pipeline] tensores: 2,859/28,599 (10%)
[pipeline] tensores: 5,718/28,599 (20%)
[pipeline] tensores: 8,577/28,599 (30%)
[pipeline] tensores: 11,436/28,599 (40%)
[pipeline] tensores: 14,295/28,599 (50%)
[pipeline] tensores: 17,154/28,599 (60%)
[pipeline] tensores: 20,013/28,599 (70%)
[pipeline] tensores: 22,872/28,599 (80%)
[pipeline] tensores: 25,731/28,599 (90%)
[pipeline] tensores: 28,590/28,599 (100%)
[pipeline] tensores prontos em 3.6s
[pipeline] concluído em 11.1s total — 28,599 pacientes | dist={0: 15892, 1: 318, 2: 120, 3: 9448, 4: 2821} | demográficos: age_mean=0.51 sex_M=13664/28599
[92mINFO [0m:      
[92mINFO [0m:      
[92mINFO [0m:      [RUN 3963248972974576500, ROUND 14]
[92mINFO [0m:      Sending: evaluate message (ID: 010359d73dba09ac0bb82ef124029b6c669f0b0c02d6b4332c79c825da3cb7e2)
[92mINFO [0m:      Sent successfully
[92mINFO [0m:      
[92mINFO [0m:      [RUN 3963248972974576500, ROUND 15]
[92mINFO [0m:      Receiving: train message (ID: f32fd078ea373f876c12cc9abafbe5038d4de89a682f180a6253d4391a156c10)
[92mINFO [0m:      Received successfully
[92mINFO [0m:      Start `flwr-clientapp` process
[pipeline] conectando ao banco: postgresql://mosaicfl:senhaForte@localhost:5432/mo...
[pipeline] conexão OK
[pipeline] executando query (max_seq_len=128 — pode levar alguns minutos)...
[pipeline] query concluída em 7.2s — 1,518,538 linhas
[pipeline] filtrado para hospital_id='BPSP' — 1,518,538 linhas
[pipeline] 28,599 atendimentos únicos encontrados
[pipeline] usando vocabulário pré-compartilhado — 38 tokens
[pipeline] construindo tensores para 28,599 sequências...
[pipeline] tensores: 2,859/28,599 (10%)
[pipeline] tensores: 5,718/28,599 (20%)
[pipeline] tensores: 8,577/28,599 (30%)
[pipeline] tensores: 11,436/28,599 (40%)
[pipeline] tensores: 14,295/28,599 (50%)
[pipeline] tensores: 17,154/28,599 (60%)
[pipeline] tensores: 20,013/28,599 (70%)
[pipeline] tensores: 22,872/28,599 (80%)
[pipeline] tensores: 25,731/28,599 (90%)
[pipeline] tensores: 28,590/28,599 (100%)
[pipeline] tensores prontos em 3.6s
[pipeline] concluído em 11.1s total — 28,599 pacientes | dist={0: 15892, 1: 318, 2: 120, 3: 9448, 4: 2821} | demográficos: age_mean=0.51 sex_M=13664/28599
[92mINFO [0m:      
[92mINFO [0m:      
[92mINFO [0m:      [RUN 3963248972974576500, ROUND 15]
[92mINFO [0m:      Sending: train message (ID: 2c7ca5ae530fad1aa92daa67d17de2766adf9f8c6b4f4e80949a4dc976407290)
[92mINFO [0m:      Sent successfully
[92mINFO [0m:      
[92mINFO [0m:      [RUN 3963248972974576500, ROUND 15]
[92mINFO [0m:      Receiving: evaluate message (ID: 0a7b7b2a293a16df6cb589edef5dfda46cd6c803ac87596e992d03a08e05690d)
[92mINFO [0m:      Received successfully
[92mINFO [0m:      Start `flwr-clientapp` process
[pipeline] conectando ao banco: postgresql://mosaicfl:senhaForte@localhost:5432/mo...
[pipeline] conexão OK
[pipeline] executando query (max_seq_len=128 — pode levar alguns minutos)...
[pipeline] query concluída em 7.2s — 1,518,538 linhas
[pipeline] filtrado para hospital_id='BPSP' — 1,518,538 linhas
[pipeline] 28,599 atendimentos únicos encontrados
[pipeline] usando vocabulário pré-compartilhado — 38 tokens
[pipeline] construindo tensores para 28,599 sequências...
[pipeline] tensores: 2,859/28,599 (10%)
[pipeline] tensores: 5,718/28,599 (20%)
[pipeline] tensores: 8,577/28,599 (30%)
[pipeline] tensores: 11,436/28,599 (40%)
[pipeline] tensores: 14,295/28,599 (50%)
[pipeline] tensores: 17,154/28,599 (60%)
[pipeline] tensores: 20,013/28,599 (70%)
[pipeline] tensores: 22,872/28,599 (80%)
[pipeline] tensores: 25,731/28,599 (90%)
[pipeline] tensores: 28,590/28,599 (100%)
[pipeline] tensores prontos em 3.6s
[pipeline] concluído em 11.1s total — 28,599 pacientes | dist={0: 15892, 1: 318, 2: 120, 3: 9448, 4: 2821} | demográficos: age_mean=0.51 sex_M=13664/28599
[92mINFO [0m:      
[92mINFO [0m:      [RUN 3963248972974576500, ROUND 15]
[92mINFO [0m:      Sending: evaluate message (ID: e13805ba5eb4b35ee52e753460c3e343ae24518f02423fc9ed6302526a92ca11)
[92mINFO [0m:      Sent successfully
[92mINFO [0m:      
[92mINFO [0m:      
[92mINFO [0m:      [RUN 3963248972974576500, ROUND 16]
[92mINFO [0m:      Receiving: train message (ID: 8c51f760e3bd6bceed59b2a973d6e0d6955809aa84f5453ed34a0889fa596a43)
[92mINFO [0m:      Received successfully
[92mINFO [0m:      Start `flwr-clientapp` process
[pipeline] conectando ao banco: postgresql://mosaicfl:senhaForte@localhost:5432/mo...
[pipeline] conexão OK
[pipeline] executando query (max_seq_len=128 — pode levar alguns minutos)...
[pipeline] query concluída em 7.2s — 1,518,538 linhas
[pipeline] filtrado para hospital_id='BPSP' — 1,518,538 linhas
[pipeline] 28,599 atendimentos únicos encontrados
[pipeline] usando vocabulário pré-compartilhado — 38 tokens
[pipeline] construindo tensores para 28,599 sequências...
[pipeline] tensores: 2,859/28,599 (10%)
[pipeline] tensores: 5,718/28,599 (20%)
[pipeline] tensores: 8,577/28,599 (30%)
[pipeline] tensores: 11,436/28,599 (40%)
[pipeline] tensores: 14,295/28,599 (50%)
[pipeline] tensores: 17,154/28,599 (60%)
[pipeline] tensores: 20,013/28,599 (70%)
[pipeline] tensores: 22,872/28,599 (80%)
[pipeline] tensores: 25,731/28,599 (90%)
[pipeline] tensores: 28,590/28,599 (100%)
[pipeline] tensores prontos em 3.6s
[pipeline] concluído em 11.2s total — 28,599 pacientes | dist={0: 15892, 1: 318, 2: 120, 3: 9448, 4: 2821} | demográficos: age_mean=0.51 sex_M=13664/28599
[92mINFO [0m:      
[92mINFO [0m:      
[92mINFO [0m:      [RUN 3963248972974576500, ROUND 16]
[92mINFO [0m:      Sending: train message (ID: 09d9368ef0f2e143ca8919f616634c8f3f266c997ffc978263e5f7f62e4e7a93)
[92mINFO [0m:      Sent successfully
[92mINFO [0m:      
[92mINFO [0m:      [RUN 3963248972974576500, ROUND 16]
[92mINFO [0m:      Receiving: evaluate message (ID: a1f39700a5d59f3f2350eb03c9ab5054fb286d8371696c5014ee1d9cb98dc4bf)
[92mINFO [0m:      Received successfully
[92mINFO [0m:      Start `flwr-clientapp` process
[pipeline] conectando ao banco: postgresql://mosaicfl:senhaForte@localhost:5432/mo...
[pipeline] conexão OK
[pipeline] executando query (max_seq_len=128 — pode levar alguns minutos)...
[pipeline] query concluída em 7.1s — 1,518,538 linhas
[pipeline] filtrado para hospital_id='BPSP' — 1,518,538 linhas
[pipeline] 28,599 atendimentos únicos encontrados
[pipeline] usando vocabulário pré-compartilhado — 38 tokens
[pipeline] construindo tensores para 28,599 sequências...
[pipeline] tensores: 2,859/28,599 (10%)
[pipeline] tensores: 5,718/28,599 (20%)
[pipeline] tensores: 8,577/28,599 (30%)
[pipeline] tensores: 11,436/28,599 (40%)
[pipeline] tensores: 14,295/28,599 (50%)
[pipeline] tensores: 17,154/28,599 (60%)
[pipeline] tensores: 20,013/28,599 (70%)
[pipeline] tensores: 22,872/28,599 (80%)
[pipeline] tensores: 25,731/28,599 (90%)
[pipeline] tensores: 28,590/28,599 (100%)
[pipeline] tensores prontos em 3.6s
[pipeline] concluído em 11.0s total — 28,599 pacientes | dist={0: 15892, 1: 318, 2: 120, 3: 9448, 4: 2821} | demográficos: age_mean=0.51 sex_M=13664/28599
[92mINFO [0m:      
[92mINFO [0m:      
[92mINFO [0m:      [RUN 3963248972974576500, ROUND 16]
[92mINFO [0m:      Sending: evaluate message (ID: 1361de089f86fb39833c035278e6ef5a1da37ea8e49d2b6ebe8aef3060111b0b)
[92mINFO [0m:      Sent successfully
[92mINFO [0m:      
[92mINFO [0m:      [RUN 3963248972974576500, ROUND 17]
[92mINFO [0m:      Receiving: train message (ID: 7e6dbe564f02ed968ee75d7363f1327d1391eb83a87061b797bc2921d78f21d4)
[92mINFO [0m:      Received successfully
[92mINFO [0m:      Start `flwr-clientapp` process
[pipeline] conectando ao banco: postgresql://mosaicfl:senhaForte@localhost:5432/mo...
[pipeline] conexão OK
[pipeline] executando query (max_seq_len=128 — pode levar alguns minutos)...
[pipeline] query concluída em 7.1s — 1,518,538 linhas
[pipeline] filtrado para hospital_id='BPSP' — 1,518,538 linhas
[pipeline] 28,599 atendimentos únicos encontrados
[pipeline] usando vocabulário pré-compartilhado — 38 tokens
[pipeline] construindo tensores para 28,599 sequências...
[pipeline] tensores: 2,859/28,599 (10%)
[pipeline] tensores: 5,718/28,599 (20%)
[pipeline] tensores: 8,577/28,599 (30%)
[pipeline] tensores: 11,436/28,599 (40%)
[pipeline] tensores: 14,295/28,599 (50%)
[pipeline] tensores: 17,154/28,599 (60%)
[pipeline] tensores: 20,013/28,599 (70%)
[pipeline] tensores: 22,872/28,599 (80%)
[pipeline] tensores: 25,731/28,599 (90%)
[pipeline] tensores: 28,590/28,599 (100%)
[pipeline] tensores prontos em 3.6s
[pipeline] concluído em 11.0s total — 28,599 pacientes | dist={0: 15892, 1: 318, 2: 120, 3: 9448, 4: 2821} | demográficos: age_mean=0.51 sex_M=13664/28599
[92mINFO [0m:      
[92mINFO [0m:      [RUN 3963248972974576500, ROUND 17]
[92mINFO [0m:      Sending: train message (ID: 1aa6a08bb10ec4f3a45840cb5a09893508f78fdf1e6a08e46391305d6066d382)
[92mINFO [0m:      
[92mINFO [0m:      Sent successfully
[92mINFO [0m:      
[92mINFO [0m:      [RUN 3963248972974576500, ROUND 17]
[92mINFO [0m:      Receiving: evaluate message (ID: 9777636dbb3d837099f48a54f5211e1a47f0ffdcae563027d9b5d400c3036612)
[92mINFO [0m:      Received successfully
[92mINFO [0m:      Start `flwr-clientapp` process
[pipeline] conectando ao banco: postgresql://mosaicfl:senhaForte@localhost:5432/mo...
[pipeline] conexão OK
[pipeline] executando query (max_seq_len=128 — pode levar alguns minutos)...
[pipeline] query concluída em 7.3s — 1,518,538 linhas
[pipeline] filtrado para hospital_id='BPSP' — 1,518,538 linhas
[pipeline] 28,599 atendimentos únicos encontrados
[pipeline] usando vocabulário pré-compartilhado — 38 tokens
[pipeline] construindo tensores para 28,599 sequências...
[pipeline] tensores: 2,859/28,599 (10%)
[pipeline] tensores: 5,718/28,599 (20%)
[pipeline] tensores: 8,577/28,599 (30%)
[pipeline] tensores: 11,436/28,599 (40%)
[pipeline] tensores: 14,295/28,599 (50%)
[pipeline] tensores: 17,154/28,599 (60%)
[pipeline] tensores: 20,013/28,599 (70%)
[pipeline] tensores: 22,872/28,599 (80%)
[pipeline] tensores: 25,731/28,599 (90%)
[pipeline] tensores: 28,590/28,599 (100%)
[pipeline] tensores prontos em 3.6s
[pipeline] concluído em 11.3s total — 28,599 pacientes | dist={0: 15892, 1: 318, 2: 120, 3: 9448, 4: 2821} | demográficos: age_mean=0.51 sex_M=13664/28599
[92mINFO [0m:      
[92mINFO [0m:      
[92mINFO [0m:      [RUN 3963248972974576500, ROUND 17]
[92mINFO [0m:      Sending: evaluate message (ID: 7e2637fe98d274d9d4f2e845748ecf9286048f5ff7535a8371dc09afecc9dcdb)
[92mINFO [0m:      Sent successfully
[92mINFO [0m:      
[92mINFO [0m:      [RUN 3963248972974576500, ROUND 18]
[92mINFO [0m:      Receiving: train message (ID: 2c233e9ff8964fb2319b43cd5dd361a89775f9038bb2db9e777c6b3effad593e)
[92mINFO [0m:      Received successfully
[92mINFO [0m:      Start `flwr-clientapp` process
[pipeline] conectando ao banco: postgresql://mosaicfl:senhaForte@localhost:5432/mo...
[pipeline] conexão OK
[pipeline] executando query (max_seq_len=128 — pode levar alguns minutos)...
[pipeline] query concluída em 7.3s — 1,518,538 linhas
[pipeline] filtrado para hospital_id='BPSP' — 1,518,538 linhas
[pipeline] 28,599 atendimentos únicos encontrados
[pipeline] usando vocabulário pré-compartilhado — 38 tokens
[pipeline] construindo tensores para 28,599 sequências...
[pipeline] tensores: 2,859/28,599 (10%)
[pipeline] tensores: 5,718/28,599 (20%)
[pipeline] tensores: 8,577/28,599 (30%)
[pipeline] tensores: 11,436/28,599 (40%)
[pipeline] tensores: 14,295/28,599 (50%)
[pipeline] tensores: 17,154/28,599 (60%)
[pipeline] tensores: 20,013/28,599 (70%)
[pipeline] tensores: 22,872/28,599 (80%)
[pipeline] tensores: 25,731/28,599 (90%)
[pipeline] tensores: 28,590/28,599 (100%)
[pipeline] tensores prontos em 3.7s
[pipeline] concluído em 11.3s total — 28,599 pacientes | dist={0: 15892, 1: 318, 2: 120, 3: 9448, 4: 2821} | demográficos: age_mean=0.51 sex_M=13664/28599
[92mINFO [0m:      
[92mINFO [0m:      
[92mINFO [0m:      [RUN 3963248972974576500, ROUND 18]
[92mINFO [0m:      Sending: train message (ID: 9b6a0b5875d3a1372389108af7cfc2124c5f8f8ff5315002660e12731efe4157)
[92mINFO [0m:      Sent successfully
[92mINFO [0m:      
[92mINFO [0m:      [RUN 3963248972974576500, ROUND 18]
[92mINFO [0m:      Receiving: evaluate message (ID: 6e487d87942c9878a9d55b613723635bc19b99c363d36e1388effb77899c053d)
[92mINFO [0m:      Received successfully
[92mINFO [0m:      Start `flwr-clientapp` process
[pipeline] conectando ao banco: postgresql://mosaicfl:senhaForte@localhost:5432/mo...
[pipeline] conexão OK
[pipeline] executando query (max_seq_len=128 — pode levar alguns minutos)...
[pipeline] query concluída em 7.3s — 1,518,538 linhas
[pipeline] filtrado para hospital_id='BPSP' — 1,518,538 linhas
[pipeline] 28,599 atendimentos únicos encontrados
[pipeline] usando vocabulário pré-compartilhado — 38 tokens
[pipeline] construindo tensores para 28,599 sequências...
[pipeline] tensores: 2,859/28,599 (10%)
[pipeline] tensores: 5,718/28,599 (20%)
[pipeline] tensores: 8,577/28,599 (30%)
[pipeline] tensores: 11,436/28,599 (40%)
[pipeline] tensores: 14,295/28,599 (50%)
[pipeline] tensores: 17,154/28,599 (60%)
[pipeline] tensores: 20,013/28,599 (70%)
[pipeline] tensores: 22,872/28,599 (80%)
[pipeline] tensores: 25,731/28,599 (90%)
[pipeline] tensores: 28,590/28,599 (100%)
[pipeline] tensores prontos em 3.7s
[pipeline] concluído em 11.3s total — 28,599 pacientes | dist={0: 15892, 1: 318, 2: 120, 3: 9448, 4: 2821} | demográficos: age_mean=0.51 sex_M=13664/28599
[92mINFO [0m:      
[92mINFO [0m:      [RUN 3963248972974576500, ROUND 18]
[92mINFO [0m:      Sending: evaluate message (ID: 10a068b062a23c22b56df55f8af0a15032409618d2a71635d31e462a13fe99a3)
[92mINFO [0m:      
[92mINFO [0m:      Sent successfully
[92mINFO [0m:      
[92mINFO [0m:      [RUN 3963248972974576500, ROUND 19]
[92mINFO [0m:      Receiving: train message (ID: f271c1ab20f872bd3f20d80a665f24e32d043a67ab8f7eba777278d09ed08898)
[92mINFO [0m:      Received successfully
[92mINFO [0m:      Start `flwr-clientapp` process
[pipeline] conectando ao banco: postgresql://mosaicfl:senhaForte@localhost:5432/mo...
[pipeline] conexão OK
[pipeline] executando query (max_seq_len=128 — pode levar alguns minutos)...
[pipeline] query concluída em 7.1s — 1,518,538 linhas
[pipeline] filtrado para hospital_id='BPSP' — 1,518,538 linhas
[pipeline] 28,599 atendimentos únicos encontrados
[pipeline] usando vocabulário pré-compartilhado — 38 tokens
[pipeline] construindo tensores para 28,599 sequências...
[pipeline] tensores: 2,859/28,599 (10%)
[pipeline] tensores: 5,718/28,599 (20%)
[pipeline] tensores: 8,577/28,599 (30%)
[pipeline] tensores: 11,436/28,599 (40%)
[pipeline] tensores: 14,295/28,599 (50%)
[pipeline] tensores: 17,154/28,599 (60%)
[pipeline] tensores: 20,013/28,599 (70%)
[pipeline] tensores: 22,872/28,599 (80%)
[pipeline] tensores: 25,731/28,599 (90%)
[pipeline] tensores: 28,590/28,599 (100%)
[pipeline] tensores prontos em 3.6s
[pipeline] concluído em 11.0s total — 28,599 pacientes | dist={0: 15892, 1: 318, 2: 120, 3: 9448, 4: 2821} | demográficos: age_mean=0.51 sex_M=13664/28599
[92mINFO [0m:      
[92mINFO [0m:      
[92mINFO [0m:      [RUN 3963248972974576500, ROUND 19]
[92mINFO [0m:      Sending: train message (ID: b3f2d8412fc34207a7c272ba596057e5e65df59d6d04f60523a3380bebd0c678)
[92mINFO [0m:      Sent successfully
[92mINFO [0m:      
[92mINFO [0m:      [RUN 3963248972974576500, ROUND 19]
[92mINFO [0m:      Receiving: evaluate message (ID: ad33ff06f4c4e925fb8771cbbbb754693f5fdca7cc33a6f21c5e115c77149c9a)
[92mINFO [0m:      Received successfully
[92mINFO [0m:      Start `flwr-clientapp` process
[pipeline] conectando ao banco: postgresql://mosaicfl:senhaForte@localhost:5432/mo...
[pipeline] conexão OK
[pipeline] executando query (max_seq_len=128 — pode levar alguns minutos)...
[pipeline] query concluída em 7.1s — 1,518,538 linhas
[pipeline] filtrado para hospital_id='BPSP' — 1,518,538 linhas
[pipeline] 28,599 atendimentos únicos encontrados
[pipeline] usando vocabulário pré-compartilhado — 38 tokens
[pipeline] construindo tensores para 28,599 sequências...
[pipeline] tensores: 2,859/28,599 (10%)
[pipeline] tensores: 5,718/28,599 (20%)
[pipeline] tensores: 8,577/28,599 (30%)
[pipeline] tensores: 11,436/28,599 (40%)
[pipeline] tensores: 14,295/28,599 (50%)
[pipeline] tensores: 17,154/28,599 (60%)
[pipeline] tensores: 20,013/28,599 (70%)
[pipeline] tensores: 22,872/28,599 (80%)
[pipeline] tensores: 25,731/28,599 (90%)
[pipeline] tensores: 28,590/28,599 (100%)
[pipeline] tensores prontos em 3.7s
[pipeline] concluído em 11.3s total — 28,599 pacientes | dist={0: 15892, 1: 318, 2: 120, 3: 9448, 4: 2821} | demográficos: age_mean=0.51 sex_M=13664/28599
[92mINFO [0m:      
[92mINFO [0m:      [RUN 3963248972974576500, ROUND 19]
[92mINFO [0m:      Sending: evaluate message (ID: 379f3512e084b9426c2d449466b3d1b99b2791d1a29d2daabd1056ea1e323666)
[92mINFO [0m:      
[92mINFO [0m:      Sent successfully
[92mINFO [0m:      
[92mINFO [0m:      [RUN 3963248972974576500, ROUND 20]
[92mINFO [0m:      Receiving: train message (ID: 7b7bd8718f820be7f9a741ea514bf969551e3ab17a91577f198cc2b02fc30b0e)
[92mINFO [0m:      Received successfully
[92mINFO [0m:      Start `flwr-clientapp` process
[pipeline] conectando ao banco: postgresql://mosaicfl:senhaForte@localhost:5432/mo...
[pipeline] conexão OK
[pipeline] executando query (max_seq_len=128 — pode levar alguns minutos)...
[pipeline] query concluída em 7.1s — 1,518,538 linhas
[pipeline] filtrado para hospital_id='BPSP' — 1,518,538 linhas
[pipeline] 28,599 atendimentos únicos encontrados
[pipeline] usando vocabulário pré-compartilhado — 38 tokens
[pipeline] construindo tensores para 28,599 sequências...
[pipeline] tensores: 2,859/28,599 (10%)
[pipeline] tensores: 5,718/28,599 (20%)
[pipeline] tensores: 8,577/28,599 (30%)
[pipeline] tensores: 11,436/28,599 (40%)
[pipeline] tensores: 14,295/28,599 (50%)
[pipeline] tensores: 17,154/28,599 (60%)
[pipeline] tensores: 20,013/28,599 (70%)
[pipeline] tensores: 22,872/28,599 (80%)
[pipeline] tensores: 25,731/28,599 (90%)
[pipeline] tensores: 28,590/28,599 (100%)
[pipeline] tensores prontos em 3.5s
[pipeline] concluído em 11.0s total — 28,599 pacientes | dist={0: 15892, 1: 318, 2: 120, 3: 9448, 4: 2821} | demográficos: age_mean=0.51 sex_M=13664/28599
[92mINFO [0m:      
[92mINFO [0m:      
[92mINFO [0m:      [RUN 3963248972974576500, ROUND 20]
[92mINFO [0m:      Sending: train message (ID: 6a749adf3b2979e680294eeb70fff4309a921e0e761b13c520a28f07897d6f1d)
[92mINFO [0m:      Sent successfully
[92mINFO [0m:      
[92mINFO [0m:      [RUN 3963248972974576500, ROUND 20]
[92mINFO [0m:      Receiving: evaluate message (ID: 08b1e3a7f24509fba9361e10134cad5795ed7af0cab55cff0056b1055a325e97)
[92mINFO [0m:      Received successfully
[92mINFO [0m:      Start `flwr-clientapp` process
[pipeline] conectando ao banco: postgresql://mosaicfl:senhaForte@localhost:5432/mo...
[pipeline] conexão OK
[pipeline] executando query (max_seq_len=128 — pode levar alguns minutos)...
[pipeline] query concluída em 7.2s — 1,518,538 linhas
[pipeline] filtrado para hospital_id='BPSP' — 1,518,538 linhas
[pipeline] 28,599 atendimentos únicos encontrados
[pipeline] usando vocabulário pré-compartilhado — 38 tokens
[pipeline] construindo tensores para 28,599 sequências...
[pipeline] tensores: 2,859/28,599 (10%)
[pipeline] tensores: 5,718/28,599 (20%)
[pipeline] tensores: 8,577/28,599 (30%)
[pipeline] tensores: 11,436/28,599 (40%)
[pipeline] tensores: 14,295/28,599 (50%)
[pipeline] tensores: 17,154/28,599 (60%)
[pipeline] tensores: 20,013/28,599 (70%)
[pipeline] tensores: 22,872/28,599 (80%)
[pipeline] tensores: 25,731/28,599 (90%)
[pipeline] tensores: 28,590/28,599 (100%)
[pipeline] tensores prontos em 3.6s
[pipeline] concluído em 11.2s total — 28,599 pacientes | dist={0: 15892, 1: 318, 2: 120, 3: 9448, 4: 2821} | demográficos: age_mean=0.51 sex_M=13664/28599
[92mINFO [0m:      
[92mINFO [0m:      
[92mINFO [0m:      [RUN 3963248972974576500, ROUND 20]
[92mINFO [0m:      Sending: evaluate message (ID: 3b80e1ad313bd5e1be5e114a1875973ac4153f01657818cfd6f6a941a71533d5)
[92mINFO [0m:      Sent successfully
[92mINFO [0m:      
[92mINFO [0m:      [RUN 3963248972974576500, ROUND 21]
[92mINFO [0m:      Receiving: train message (ID: acccfaf835682f43073cac899627a7fe228030033fda6dc7a54109568999c416)
[92mINFO [0m:      Received successfully
[92mINFO [0m:      Start `flwr-clientapp` process
[pipeline] conectando ao banco: postgresql://mosaicfl:senhaForte@localhost:5432/mo...
[pipeline] conexão OK
[pipeline] executando query (max_seq_len=128 — pode levar alguns minutos)...
[pipeline] query concluída em 7.1s — 1,518,538 linhas
[pipeline] filtrado para hospital_id='BPSP' — 1,518,538 linhas
[pipeline] 28,599 atendimentos únicos encontrados
[pipeline] usando vocabulário pré-compartilhado — 38 tokens
[pipeline] construindo tensores para 28,599 sequências...
[pipeline] tensores: 2,859/28,599 (10%)
[pipeline] tensores: 5,718/28,599 (20%)
[pipeline] tensores: 8,577/28,599 (30%)
[pipeline] tensores: 11,436/28,599 (40%)
[pipeline] tensores: 14,295/28,599 (50%)
[pipeline] tensores: 17,154/28,599 (60%)
[pipeline] tensores: 20,013/28,599 (70%)
[pipeline] tensores: 22,872/28,599 (80%)
[pipeline] tensores: 25,731/28,599 (90%)
[pipeline] tensores: 28,590/28,599 (100%)
[pipeline] tensores prontos em 3.6s
[pipeline] concluído em 11.0s total — 28,599 pacientes | dist={0: 15892, 1: 318, 2: 120, 3: 9448, 4: 2821} | demográficos: age_mean=0.51 sex_M=13664/28599
[92mINFO [0m:      
[92mINFO [0m:      
[92mINFO [0m:      [RUN 3963248972974576500, ROUND 21]
[92mINFO [0m:      Sending: train message (ID: 999d7a1f1b4657be065dce5d31a937cefe63b43af2d8e1b871b163e73a254485)
[92mINFO [0m:      Sent successfully
[92mINFO [0m:      
[92mINFO [0m:      [RUN 3963248972974576500, ROUND 21]
[92mINFO [0m:      Receiving: evaluate message (ID: 53256a9919864d6812c87517d0a95015e893d535aa174414fa18b5bfb00ecc6b)
[92mINFO [0m:      Received successfully
[92mINFO [0m:      Start `flwr-clientapp` process
[pipeline] conectando ao banco: postgresql://mosaicfl:senhaForte@localhost:5432/mo...
[pipeline] conexão OK
[pipeline] executando query (max_seq_len=128 — pode levar alguns minutos)...
[pipeline] query concluída em 7.1s — 1,518,538 linhas
[pipeline] filtrado para hospital_id='BPSP' — 1,518,538 linhas
[pipeline] 28,599 atendimentos únicos encontrados
[pipeline] usando vocabulário pré-compartilhado — 38 tokens
[pipeline] construindo tensores para 28,599 sequências...
[pipeline] tensores: 2,859/28,599 (10%)
[pipeline] tensores: 5,718/28,599 (20%)
[pipeline] tensores: 8,577/28,599 (30%)
[pipeline] tensores: 11,436/28,599 (40%)
[pipeline] tensores: 14,295/28,599 (50%)
[pipeline] tensores: 17,154/28,599 (60%)
[pipeline] tensores: 20,013/28,599 (70%)
[pipeline] tensores: 22,872/28,599 (80%)
[pipeline] tensores: 25,731/28,599 (90%)
[pipeline] tensores: 28,590/28,599 (100%)
[pipeline] tensores prontos em 3.6s
[pipeline] concluído em 11.0s total — 28,599 pacientes | dist={0: 15892, 1: 318, 2: 120, 3: 9448, 4: 2821} | demográficos: age_mean=0.51 sex_M=13664/28599
[92mINFO [0m:      
[92mINFO [0m:      
[92mINFO [0m:      [RUN 3963248972974576500, ROUND 21]
[92mINFO [0m:      Sending: evaluate message (ID: d9bf9dc523b78836b4a3358d7238a38e5041b889f8080f2b3925fbc891f982bd)
[92mINFO [0m:      Sent successfully
[92mINFO [0m:      
[92mINFO [0m:      [RUN 3963248972974576500, ROUND 22]
[92mINFO [0m:      Receiving: train message (ID: c8118d1904cb3ed6a09e8359b0af6baa4b502bd293021c76eb6c4a2372494ca3)
[92mINFO [0m:      Received successfully
[92mINFO [0m:      Start `flwr-clientapp` process
[pipeline] conectando ao banco: postgresql://mosaicfl:senhaForte@localhost:5432/mo...
[pipeline] conexão OK
[pipeline] executando query (max_seq_len=128 — pode levar alguns minutos)...
[pipeline] query concluída em 7.6s — 1,518,538 linhas
[pipeline] filtrado para hospital_id='BPSP' — 1,518,538 linhas
[pipeline] 28,599 atendimentos únicos encontrados
[pipeline] usando vocabulário pré-compartilhado — 38 tokens
[pipeline] construindo tensores para 28,599 sequências...
[pipeline] tensores: 2,859/28,599 (10%)
[pipeline] tensores: 5,718/28,599 (20%)
[pipeline] tensores: 8,577/28,599 (30%)
[pipeline] tensores: 11,436/28,599 (40%)
[pipeline] tensores: 14,295/28,599 (50%)
[pipeline] tensores: 17,154/28,599 (60%)
[pipeline] tensores: 20,013/28,599 (70%)
[pipeline] tensores: 22,872/28,599 (80%)
[pipeline] tensores: 25,731/28,599 (90%)
[pipeline] tensores: 28,590/28,599 (100%)
[pipeline] tensores prontos em 3.6s
[pipeline] concluído em 11.5s total — 28,599 pacientes | dist={0: 15892, 1: 318, 2: 120, 3: 9448, 4: 2821} | demográficos: age_mean=0.51 sex_M=13664/28599
[92mINFO [0m:      
[92mINFO [0m:      
[92mINFO [0m:      [RUN 3963248972974576500, ROUND 22]
[92mINFO [0m:      Sending: train message (ID: 9624256e9022941aad21a9ee2b03ad739dde14d5734e3bb11ae46281f0336498)
[92mINFO [0m:      Sent successfully
[92mINFO [0m:      
[92mINFO [0m:      [RUN 3963248972974576500, ROUND 22]
[92mINFO [0m:      Receiving: evaluate message (ID: 0941a7104a8af1a06bee38ff966ca475bf3389852fd353933c508453fe3271dc)
[92mINFO [0m:      Received successfully
[92mINFO [0m:      Start `flwr-clientapp` process
[pipeline] conectando ao banco: postgresql://mosaicfl:senhaForte@localhost:5432/mo...
[pipeline] conexão OK
[pipeline] executando query (max_seq_len=128 — pode levar alguns minutos)...
[pipeline] query concluída em 7.3s — 1,518,538 linhas
[pipeline] filtrado para hospital_id='BPSP' — 1,518,538 linhas
[pipeline] 28,599 atendimentos únicos encontrados
[pipeline] usando vocabulário pré-compartilhado — 38 tokens
[pipeline] construindo tensores para 28,599 sequências...
[pipeline] tensores: 2,859/28,599 (10%)
[pipeline] tensores: 5,718/28,599 (20%)
[pipeline] tensores: 8,577/28,599 (30%)
[pipeline] tensores: 11,436/28,599 (40%)
[pipeline] tensores: 14,295/28,599 (50%)
[pipeline] tensores: 17,154/28,599 (60%)
[pipeline] tensores: 20,013/28,599 (70%)
[pipeline] tensores: 22,872/28,599 (80%)
[pipeline] tensores: 25,731/28,599 (90%)
[pipeline] tensores: 28,590/28,599 (100%)
[pipeline] tensores prontos em 3.6s
[pipeline] concluído em 11.3s total — 28,599 pacientes | dist={0: 15892, 1: 318, 2: 120, 3: 9448, 4: 2821} | demográficos: age_mean=0.51 sex_M=13664/28599
[92mINFO [0m:      
[92mINFO [0m:      
[92mINFO [0m:      [RUN 3963248972974576500, ROUND 22]
[92mINFO [0m:      Sending: evaluate message (ID: 43f24bbda297e37721432308a501bde4aa8fd245ed7ad5f2ee9d29639058c3e3)
[92mINFO [0m:      Sent successfully
[92mINFO [0m:      
[92mINFO [0m:      [RUN 3963248972974576500, ROUND 23]
[92mINFO [0m:      Receiving: train message (ID: ff140425301b8857dd270e425b2650dbd3e1b98f0fce71f93ba6a2d3643b9e52)
[92mINFO [0m:      Received successfully
[92mINFO [0m:      Start `flwr-clientapp` process
[pipeline] conectando ao banco: postgresql://mosaicfl:senhaForte@localhost:5432/mo...
[pipeline] conexão OK
[pipeline] executando query (max_seq_len=128 — pode levar alguns minutos)...
[pipeline] query concluída em 7.1s — 1,518,538 linhas
[pipeline] filtrado para hospital_id='BPSP' — 1,518,538 linhas
[pipeline] 28,599 atendimentos únicos encontrados
[pipeline] usando vocabulário pré-compartilhado — 38 tokens
[pipeline] construindo tensores para 28,599 sequências...
[pipeline] tensores: 2,859/28,599 (10%)
[pipeline] tensores: 5,718/28,599 (20%)
[pipeline] tensores: 8,577/28,599 (30%)
[pipeline] tensores: 11,436/28,599 (40%)
[pipeline] tensores: 14,295/28,599 (50%)
[pipeline] tensores: 17,154/28,599 (60%)
[pipeline] tensores: 20,013/28,599 (70%)
[pipeline] tensores: 22,872/28,599 (80%)
[pipeline] tensores: 25,731/28,599 (90%)
[pipeline] tensores: 28,590/28,599 (100%)
[pipeline] tensores prontos em 3.6s
[pipeline] concluído em 11.0s total — 28,599 pacientes | dist={0: 15892, 1: 318, 2: 120, 3: 9448, 4: 2821} | demográficos: age_mean=0.51 sex_M=13664/28599
[92mINFO [0m:      
[92mINFO [0m:      
[92mINFO [0m:      [RUN 3963248972974576500, ROUND 23]
[92mINFO [0m:      Sending: train message (ID: 4e2e667d15f44b69ae578f1f75baed058a98c57f77019d7ff33242d503fa7410)
[92mINFO [0m:      Sent successfully
[92mINFO [0m:      
[92mINFO [0m:      [RUN 3963248972974576500, ROUND 23]
[92mINFO [0m:      Receiving: evaluate message (ID: bc9a12b298edd53585b593e96d6b5a6e2d15a6ccb420612eb665aacee0201322)
[92mINFO [0m:      Received successfully
[92mINFO [0m:      Start `flwr-clientapp` process
[pipeline] conectando ao banco: postgresql://mosaicfl:senhaForte@localhost:5432/mo...
[pipeline] conexão OK
[pipeline] executando query (max_seq_len=128 — pode levar alguns minutos)...
[pipeline] query concluída em 7.2s — 1,518,538 linhas
[pipeline] filtrado para hospital_id='BPSP' — 1,518,538 linhas
[pipeline] 28,599 atendimentos únicos encontrados
[pipeline] usando vocabulário pré-compartilhado — 38 tokens
[pipeline] construindo tensores para 28,599 sequências...
[pipeline] tensores: 2,859/28,599 (10%)
[pipeline] tensores: 5,718/28,599 (20%)
[pipeline] tensores: 8,577/28,599 (30%)
[pipeline] tensores: 11,436/28,599 (40%)
[pipeline] tensores: 14,295/28,599 (50%)
[pipeline] tensores: 17,154/28,599 (60%)
[pipeline] tensores: 20,013/28,599 (70%)
[pipeline] tensores: 22,872/28,599 (80%)
[pipeline] tensores: 25,731/28,599 (90%)
[pipeline] tensores: 28,590/28,599 (100%)
[pipeline] tensores prontos em 3.6s
[pipeline] concluído em 11.2s total — 28,599 pacientes | dist={0: 15892, 1: 318, 2: 120, 3: 9448, 4: 2821} | demográficos: age_mean=0.51 sex_M=13664/28599
[92mINFO [0m:      
[92mINFO [0m:      
[92mINFO [0m:      [RUN 3963248972974576500, ROUND 23]
[92mINFO [0m:      Sending: evaluate message (ID: 7190992fa42e844a43f075aac1df1b877d27dc019e299d1bafdd1e0484a01590)
[92mINFO [0m:      Sent successfully
[92mINFO [0m:      
[92mINFO [0m:      [RUN 3963248972974576500, ROUND 24]
[92mINFO [0m:      Receiving: train message (ID: 43cfaa7187d7580fe26ca48a14c671e7c0d53df333c3dcb7e2519322a9120885)
[92mINFO [0m:      Start `flwr-clientapp` process
[92mINFO [0m:      Received successfully
[pipeline] conectando ao banco: postgresql://mosaicfl:senhaForte@localhost:5432/mo...
[pipeline] conexão OK
[pipeline] executando query (max_seq_len=128 — pode levar alguns minutos)...
[pipeline] query concluída em 7.2s — 1,518,538 linhas
[pipeline] filtrado para hospital_id='BPSP' — 1,518,538 linhas
[pipeline] 28,599 atendimentos únicos encontrados
[pipeline] usando vocabulário pré-compartilhado — 38 tokens
[pipeline] construindo tensores para 28,599 sequências...
[pipeline] tensores: 2,859/28,599 (10%)
[pipeline] tensores: 5,718/28,599 (20%)
[pipeline] tensores: 8,577/28,599 (30%)
[pipeline] tensores: 11,436/28,599 (40%)
[pipeline] tensores: 14,295/28,599 (50%)
[pipeline] tensores: 17,154/28,599 (60%)
[pipeline] tensores: 20,013/28,599 (70%)
[pipeline] tensores: 22,872/28,599 (80%)
[pipeline] tensores: 25,731/28,599 (90%)
[pipeline] tensores: 28,590/28,599 (100%)
[pipeline] tensores prontos em 3.5s
[pipeline] concluído em 11.1s total — 28,599 pacientes | dist={0: 15892, 1: 318, 2: 120, 3: 9448, 4: 2821} | demográficos: age_mean=0.51 sex_M=13664/28599
[92mINFO [0m:      
[92mINFO [0m:      
[92mINFO [0m:      [RUN 3963248972974576500, ROUND 24]
[92mINFO [0m:      Sending: train message (ID: 816cb1f7a5c840682b6986efbfaa44f21684f86256ef271fc61179fada2212f8)
[92mINFO [0m:      Sent successfully
[92mINFO [0m:      
[92mINFO [0m:      [RUN 3963248972974576500, ROUND 24]
[92mINFO [0m:      Receiving: evaluate message (ID: 23fca167e41b641b2586d768f0efdb0adc3f372973300d1bd8ff70b1f4a05fc9)
[92mINFO [0m:      Received successfully
[92mINFO [0m:      Start `flwr-clientapp` process
[pipeline] conectando ao banco: postgresql://mosaicfl:senhaForte@localhost:5432/mo...
[pipeline] conexão OK
[pipeline] executando query (max_seq_len=128 — pode levar alguns minutos)...
[pipeline] query concluída em 7.1s — 1,518,538 linhas
[pipeline] filtrado para hospital_id='BPSP' — 1,518,538 linhas
[pipeline] 28,599 atendimentos únicos encontrados
[pipeline] usando vocabulário pré-compartilhado — 38 tokens
[pipeline] construindo tensores para 28,599 sequências...
[pipeline] tensores: 2,859/28,599 (10%)
[pipeline] tensores: 5,718/28,599 (20%)
[pipeline] tensores: 8,577/28,599 (30%)
[pipeline] tensores: 11,436/28,599 (40%)
[pipeline] tensores: 14,295/28,599 (50%)
[pipeline] tensores: 17,154/28,599 (60%)
[pipeline] tensores: 20,013/28,599 (70%)
[pipeline] tensores: 22,872/28,599 (80%)
[pipeline] tensores: 25,731/28,599 (90%)
[pipeline] tensores: 28,590/28,599 (100%)
[pipeline] tensores prontos em 3.6s
[pipeline] concluído em 11.1s total — 28,599 pacientes | dist={0: 15892, 1: 318, 2: 120, 3: 9448, 4: 2821} | demográficos: age_mean=0.51 sex_M=13664/28599
[92mINFO [0m:      
[92mINFO [0m:      
[92mINFO [0m:      [RUN 3963248972974576500, ROUND 24]
[92mINFO [0m:      Sending: evaluate message (ID: 40e7bcfeaecba6b54a1489f7ab8beb5bcde6c098d1604831cc2ce1f1529c454e)
[92mINFO [0m:      Sent successfully
[92mINFO [0m:      
[92mINFO [0m:      [RUN 3963248972974576500, ROUND 25]
[92mINFO [0m:      Receiving: train message (ID: 0af7a29f753d1f6bdff3933e4603a73b011dd2b90524f27419457b299fd2edcf)
[92mINFO [0m:      Received successfully
[92mINFO [0m:      Start `flwr-clientapp` process
[pipeline] conectando ao banco: postgresql://mosaicfl:senhaForte@localhost:5432/mo...
[pipeline] conexão OK
[pipeline] executando query (max_seq_len=128 — pode levar alguns minutos)...
[pipeline] query concluída em 7.1s — 1,518,538 linhas
[pipeline] filtrado para hospital_id='BPSP' — 1,518,538 linhas
[pipeline] 28,599 atendimentos únicos encontrados
[pipeline] usando vocabulário pré-compartilhado — 38 tokens
[pipeline] construindo tensores para 28,599 sequências...
[pipeline] tensores: 2,859/28,599 (10%)
[pipeline] tensores: 5,718/28,599 (20%)
[pipeline] tensores: 8,577/28,599 (30%)
[pipeline] tensores: 11,436/28,599 (40%)
[pipeline] tensores: 14,295/28,599 (50%)
[pipeline] tensores: 17,154/28,599 (60%)
[pipeline] tensores: 20,013/28,599 (70%)
[pipeline] tensores: 22,872/28,599 (80%)
[pipeline] tensores: 25,731/28,599 (90%)
[pipeline] tensores: 28,590/28,599 (100%)
[pipeline] tensores prontos em 3.5s
[pipeline] concluído em 11.0s total — 28,599 pacientes | dist={0: 15892, 1: 318, 2: 120, 3: 9448, 4: 2821} | demográficos: age_mean=0.51 sex_M=13664/28599
[92mINFO [0m:      
[92mINFO [0m:      
[92mINFO [0m:      [RUN 3963248972974576500, ROUND 25]
[92mINFO [0m:      Sending: train message (ID: e28c9af8a13906ec86378e8907281d4ba4573f8d52faed46ae21c647d3b2a61b)
[92mINFO [0m:      Sent successfully
[92mINFO [0m:      
[92mINFO [0m:      [RUN 3963248972974576500, ROUND 25]
[92mINFO [0m:      Receiving: evaluate message (ID: e2844b99ea5d3fef4e595cafe9be2bd54653cc8992ef2a5d75fd68bcb691a004)
[92mINFO [0m:      Received successfully
[92mINFO [0m:      Start `flwr-clientapp` process
[pipeline] conectando ao banco: postgresql://mosaicfl:senhaForte@localhost:5432/mo...
[pipeline] conexão OK
[pipeline] executando query (max_seq_len=128 — pode levar alguns minutos)...
[pipeline] query concluída em 7.2s — 1,518,538 linhas
[pipeline] filtrado para hospital_id='BPSP' — 1,518,538 linhas
[pipeline] 28,599 atendimentos únicos encontrados
[pipeline] usando vocabulário pré-compartilhado — 38 tokens
[pipeline] construindo tensores para 28,599 sequências...
[pipeline] tensores: 2,859/28,599 (10%)
[pipeline] tensores: 5,718/28,599 (20%)
[pipeline] tensores: 8,577/28,599 (30%)
[pipeline] tensores: 11,436/28,599 (40%)
[pipeline] tensores: 14,295/28,599 (50%)
[pipeline] tensores: 17,154/28,599 (60%)
[pipeline] tensores: 20,013/28,599 (70%)
[pipeline] tensores: 22,872/28,599 (80%)
[pipeline] tensores: 25,731/28,599 (90%)
[pipeline] tensores: 28,590/28,599 (100%)
[pipeline] tensores prontos em 3.6s
[pipeline] concluído em 11.1s total — 28,599 pacientes | dist={0: 15892, 1: 318, 2: 120, 3: 9448, 4: 2821} | demográficos: age_mean=0.51 sex_M=13664/28599
[92mINFO [0m:      
[92mINFO [0m:      
[92mINFO [0m:      [RUN 3963248972974576500, ROUND 25]
[92mINFO [0m:      Sending: evaluate message (ID: 048b9ca64146ac9652f1e6cf440c9504d38d654f42f079df12cb2f68f7b6096a)
[92mINFO [0m:      Sent successfully
[92mINFO [0m:      
[92mINFO [0m:      [RUN 3963248972974576500, ROUND 26]
[92mINFO [0m:      Receiving: train message (ID: 7ef2e2288c5dc1c7d05acf901e0d40aefa2cfed03dfca90cb45901b20406a404)
[92mINFO [0m:      Received successfully
[92mINFO [0m:      Start `flwr-clientapp` process
[pipeline] conectando ao banco: postgresql://mosaicfl:senhaForte@localhost:5432/mo...
[pipeline] conexão OK
[pipeline] executando query (max_seq_len=128 — pode levar alguns minutos)...
[pipeline] query concluída em 7.1s — 1,518,538 linhas
[pipeline] filtrado para hospital_id='BPSP' — 1,518,538 linhas
[pipeline] 28,599 atendimentos únicos encontrados
[pipeline] usando vocabulário pré-compartilhado — 38 tokens
[pipeline] construindo tensores para 28,599 sequências...
[pipeline] tensores: 2,859/28,599 (10%)
[pipeline] tensores: 5,718/28,599 (20%)
[pipeline] tensores: 8,577/28,599 (30%)
[pipeline] tensores: 11,436/28,599 (40%)
[pipeline] tensores: 14,295/28,599 (50%)
[pipeline] tensores: 17,154/28,599 (60%)
[pipeline] tensores: 20,013/28,599 (70%)
[pipeline] tensores: 22,872/28,599 (80%)
[pipeline] tensores: 25,731/28,599 (90%)
[pipeline] tensores: 28,590/28,599 (100%)
[pipeline] tensores prontos em 3.6s
[pipeline] concluído em 11.1s total — 28,599 pacientes | dist={0: 15892, 1: 318, 2: 120, 3: 9448, 4: 2821} | demográficos: age_mean=0.51 sex_M=13664/28599
[92mINFO [0m:      
[92mINFO [0m:      
[92mINFO [0m:      [RUN 3963248972974576500, ROUND 26]
[92mINFO [0m:      Sending: train message (ID: 0ec3b0f52b1be1ef741f09b6774f96d36eb75e14e8c831f30bb6d1a263298e20)
[92mINFO [0m:      Sent successfully
[92mINFO [0m:      
[92mINFO [0m:      [RUN 3963248972974576500, ROUND 26]
[92mINFO [0m:      Receiving: evaluate message (ID: 504b62f874d98a15cc0d3a1afdaa6a4a4c8ab7b0da04bebb45d166f7d764f69c)
[92mINFO [0m:      Received successfully
[92mINFO [0m:      Start `flwr-clientapp` process
[pipeline] conectando ao banco: postgresql://mosaicfl:senhaForte@localhost:5432/mo...
[pipeline] conexão OK
[pipeline] executando query (max_seq_len=128 — pode levar alguns minutos)...
[pipeline] query concluída em 7.2s — 1,518,538 linhas
[pipeline] filtrado para hospital_id='BPSP' — 1,518,538 linhas
[pipeline] 28,599 atendimentos únicos encontrados
[pipeline] usando vocabulário pré-compartilhado — 38 tokens
[pipeline] construindo tensores para 28,599 sequências...
[pipeline] tensores: 2,859/28,599 (10%)
[pipeline] tensores: 5,718/28,599 (20%)
[pipeline] tensores: 8,577/28,599 (30%)
[pipeline] tensores: 11,436/28,599 (40%)
[pipeline] tensores: 14,295/28,599 (50%)
[pipeline] tensores: 17,154/28,599 (60%)
[pipeline] tensores: 20,013/28,599 (70%)
[pipeline] tensores: 22,872/28,599 (80%)
[pipeline] tensores: 25,731/28,599 (90%)
[pipeline] tensores: 28,590/28,599 (100%)
[pipeline] tensores prontos em 3.6s
[pipeline] concluído em 11.2s total — 28,599 pacientes | dist={0: 15892, 1: 318, 2: 120, 3: 9448, 4: 2821} | demográficos: age_mean=0.51 sex_M=13664/28599
[92mINFO [0m:      
[92mINFO [0m:      
[92mINFO [0m:      [RUN 3963248972974576500, ROUND 26]
[92mINFO [0m:      Sending: evaluate message (ID: 2ebf131d58aa22956793a188d165e79a12ea6a921e5c4629196aba16b31bd0c5)
[92mINFO [0m:      Sent successfully
[92mINFO [0m:      
[92mINFO [0m:      [RUN 3963248972974576500, ROUND 27]
[92mINFO [0m:      Receiving: train message (ID: c760e068978d3e8b5b17cb229ed9e8c99bcafa8ec9b700dc4381c81a09da6bea)
[92mINFO [0m:      Received successfully
[92mINFO [0m:      Start `flwr-clientapp` process
[pipeline] conectando ao banco: postgresql://mosaicfl:senhaForte@localhost:5432/mo...
[pipeline] conexão OK
[pipeline] executando query (max_seq_len=128 — pode levar alguns minutos)...
[pipeline] query concluída em 7.1s — 1,518,538 linhas
[pipeline] filtrado para hospital_id='BPSP' — 1,518,538 linhas
[pipeline] 28,599 atendimentos únicos encontrados
[pipeline] usando vocabulário pré-compartilhado — 38 tokens
[pipeline] construindo tensores para 28,599 sequências...
[pipeline] tensores: 2,859/28,599 (10%)
[pipeline] tensores: 5,718/28,599 (20%)
[pipeline] tensores: 8,577/28,599 (30%)
[pipeline] tensores: 11,436/28,599 (40%)
[pipeline] tensores: 14,295/28,599 (50%)
[pipeline] tensores: 17,154/28,599 (60%)
[pipeline] tensores: 20,013/28,599 (70%)
[pipeline] tensores: 22,872/28,599 (80%)
[pipeline] tensores: 25,731/28,599 (90%)
[pipeline] tensores: 28,590/28,599 (100%)
[pipeline] tensores prontos em 3.5s
[pipeline] concluído em 11.0s total — 28,599 pacientes | dist={0: 15892, 1: 318, 2: 120, 3: 9448, 4: 2821} | demográficos: age_mean=0.51 sex_M=13664/28599
[92mINFO [0m:      
[92mINFO [0m:      
[92mINFO [0m:      [RUN 3963248972974576500, ROUND 27]
[92mINFO [0m:      Sending: train message (ID: dab789a676476f23202106f563211c031421b83d2a9b1fd42ec3e0e26f61c3a0)
[92mINFO [0m:      Sent successfully
[92mINFO [0m:      
[92mINFO [0m:      [RUN 3963248972974576500, ROUND 27]
[92mINFO [0m:      Receiving: evaluate message (ID: 3ca107c3bcab2ba18a178cd05143c211df57ed9cc8d0614fa52cfececfe684e9)
[92mINFO [0m:      Received successfully
[92mINFO [0m:      Start `flwr-clientapp` process
[pipeline] conectando ao banco: postgresql://mosaicfl:senhaForte@localhost:5432/mo...
[pipeline] conexão OK
[pipeline] executando query (max_seq_len=128 — pode levar alguns minutos)...
[pipeline] query concluída em 7.2s — 1,518,538 linhas
[pipeline] filtrado para hospital_id='BPSP' — 1,518,538 linhas
[pipeline] 28,599 atendimentos únicos encontrados
[pipeline] usando vocabulário pré-compartilhado — 38 tokens
[pipeline] construindo tensores para 28,599 sequências...
[pipeline] tensores: 2,859/28,599 (10%)
[pipeline] tensores: 5,718/28,599 (20%)
[pipeline] tensores: 8,577/28,599 (30%)
[pipeline] tensores: 11,436/28,599 (40%)
[pipeline] tensores: 14,295/28,599 (50%)
[pipeline] tensores: 17,154/28,599 (60%)
[pipeline] tensores: 20,013/28,599 (70%)
[pipeline] tensores: 22,872/28,599 (80%)
[pipeline] tensores: 25,731/28,599 (90%)
[pipeline] tensores: 28,590/28,599 (100%)
[pipeline] tensores prontos em 3.7s
[pipeline] concluído em 11.2s total — 28,599 pacientes | dist={0: 15892, 1: 318, 2: 120, 3: 9448, 4: 2821} | demográficos: age_mean=0.51 sex_M=13664/28599
[92mINFO [0m:      
[92mINFO [0m:      [RUN 3963248972974576500, ROUND 27]
[92mINFO [0m:      Sending: evaluate message (ID: 1ab2b55d9e62ee4cb30d5ff96bf5dd3ec2f4eb925ff70f816cba5b1f746bc0d5)
[92mINFO [0m:      Sent successfully
[92mINFO [0m:      
[92mINFO [0m:      
[92mINFO [0m:      [RUN 3963248972974576500, ROUND 28]
[92mINFO [0m:      Receiving: train message (ID: 495f06090dde8b4be9f936e2b18c5550e5e85251db8963281d9d1ecc0024f2f9)
[92mINFO [0m:      Received successfully
[92mINFO [0m:      Start `flwr-clientapp` process
[pipeline] conectando ao banco: postgresql://mosaicfl:senhaForte@localhost:5432/mo...
[pipeline] conexão OK
[pipeline] executando query (max_seq_len=128 — pode levar alguns minutos)...
[pipeline] query concluída em 7.1s — 1,518,538 linhas
[pipeline] filtrado para hospital_id='BPSP' — 1,518,538 linhas
[pipeline] 28,599 atendimentos únicos encontrados
[pipeline] usando vocabulário pré-compartilhado — 38 tokens
[pipeline] construindo tensores para 28,599 sequências...
[pipeline] tensores: 2,859/28,599 (10%)
[pipeline] tensores: 5,718/28,599 (20%)
[pipeline] tensores: 8,577/28,599 (30%)
[pipeline] tensores: 11,436/28,599 (40%)
[pipeline] tensores: 14,295/28,599 (50%)
[pipeline] tensores: 17,154/28,599 (60%)
[pipeline] tensores: 20,013/28,599 (70%)
[pipeline] tensores: 22,872/28,599 (80%)
[pipeline] tensores: 25,731/28,599 (90%)
[pipeline] tensores: 28,590/28,599 (100%)
[pipeline] tensores prontos em 3.5s
[pipeline] concluído em 11.0s total — 28,599 pacientes | dist={0: 15892, 1: 318, 2: 120, 3: 9448, 4: 2821} | demográficos: age_mean=0.51 sex_M=13664/28599
[92mINFO [0m:      
[92mINFO [0m:      
[92mINFO [0m:      [RUN 3963248972974576500, ROUND 28]
[92mINFO [0m:      Sending: train message (ID: 7da0a568ffb7d84765f94fbe6b0a7a636776bdfcd7c4d2cb06fbc1a896e9483c)
[92mINFO [0m:      Sent successfully
[92mINFO [0m:      
[92mINFO [0m:      [RUN 3963248972974576500, ROUND 28]
[92mINFO [0m:      Receiving: evaluate message (ID: 2fdb4477b961b8a665e2d951a69bd0c68d8eea713b7ae73f4cf5ce6cf60089b6)
[92mINFO [0m:      Received successfully
[92mINFO [0m:      Start `flwr-clientapp` process
[pipeline] conectando ao banco: postgresql://mosaicfl:senhaForte@localhost:5432/mo...
[pipeline] conexão OK
[pipeline] executando query (max_seq_len=128 — pode levar alguns minutos)...
[pipeline] query concluída em 7.1s — 1,518,538 linhas
[pipeline] filtrado para hospital_id='BPSP' — 1,518,538 linhas
[pipeline] 28,599 atendimentos únicos encontrados
[pipeline] usando vocabulário pré-compartilhado — 38 tokens
[pipeline] construindo tensores para 28,599 sequências...
[pipeline] tensores: 2,859/28,599 (10%)
[pipeline] tensores: 5,718/28,599 (20%)
[pipeline] tensores: 8,577/28,599 (30%)
[pipeline] tensores: 11,436/28,599 (40%)
[pipeline] tensores: 14,295/28,599 (50%)
[pipeline] tensores: 17,154/28,599 (60%)
[pipeline] tensores: 20,013/28,599 (70%)
[pipeline] tensores: 22,872/28,599 (80%)
[pipeline] tensores: 25,731/28,599 (90%)
[pipeline] tensores: 28,590/28,599 (100%)
[pipeline] tensores prontos em 3.5s
[pipeline] concluído em 11.0s total — 28,599 pacientes | dist={0: 15892, 1: 318, 2: 120, 3: 9448, 4: 2821} | demográficos: age_mean=0.51 sex_M=13664/28599
[92mINFO [0m:      
[92mINFO [0m:      
[92mINFO [0m:      [RUN 3963248972974576500, ROUND 28]
[92mINFO [0m:      Sending: evaluate message (ID: 0b0acfecdbf25760b048f3f6aa9deb76502b22fb3e8861e1a2126c1c5e9cea78)
[92mINFO [0m:      Sent successfully
[92mINFO [0m:      
[92mINFO [0m:      [RUN 3963248972974576500, ROUND 29]
[92mINFO [0m:      Receiving: train message (ID: 764943337874646a87dcac560c43700a1eb198de7843f61557806643a6720382)
[92mINFO [0m:      Received successfully
[92mINFO [0m:      Start `flwr-clientapp` process
[pipeline] conectando ao banco: postgresql://mosaicfl:senhaForte@localhost:5432/mo...
[pipeline] conexão OK
[pipeline] executando query (max_seq_len=128 — pode levar alguns minutos)...
[pipeline] query concluída em 7.1s — 1,518,538 linhas
[pipeline] filtrado para hospital_id='BPSP' — 1,518,538 linhas
[pipeline] 28,599 atendimentos únicos encontrados
[pipeline] usando vocabulário pré-compartilhado — 38 tokens
[pipeline] construindo tensores para 28,599 sequências...
[pipeline] tensores: 2,859/28,599 (10%)
[pipeline] tensores: 5,718/28,599 (20%)
[pipeline] tensores: 8,577/28,599 (30%)
[pipeline] tensores: 11,436/28,599 (40%)
[pipeline] tensores: 14,295/28,599 (50%)
[pipeline] tensores: 17,154/28,599 (60%)
[pipeline] tensores: 20,013/28,599 (70%)
[pipeline] tensores: 22,872/28,599 (80%)
[pipeline] tensores: 25,731/28,599 (90%)
[pipeline] tensores: 28,590/28,599 (100%)
[pipeline] tensores prontos em 3.5s
[pipeline] concluído em 11.0s total — 28,599 pacientes | dist={0: 15892, 1: 318, 2: 120, 3: 9448, 4: 2821} | demográficos: age_mean=0.51 sex_M=13664/28599
[92mINFO [0m:      
[92mINFO [0m:      
[92mINFO [0m:      [RUN 3963248972974576500, ROUND 29]
[92mINFO [0m:      Sending: train message (ID: 3a662bba2cee1d1a11345b00ef5b222456dccff506f77e8750ebc976bf290352)
[92mINFO [0m:      Sent successfully
[92mINFO [0m:      
[92mINFO [0m:      [RUN 3963248972974576500, ROUND 29]
[92mINFO [0m:      Receiving: evaluate message (ID: 10993841ba53b1fde1ac6dbfb0c693dd2f0e11899b0764a338497f26277b1daf)
[92mINFO [0m:      Received successfully
[92mINFO [0m:      Start `flwr-clientapp` process
[pipeline] conectando ao banco: postgresql://mosaicfl:senhaForte@localhost:5432/mo...
[pipeline] conexão OK
[pipeline] executando query (max_seq_len=128 — pode levar alguns minutos)...
[pipeline] query concluída em 7.1s — 1,518,538 linhas
[pipeline] filtrado para hospital_id='BPSP' — 1,518,538 linhas
[pipeline] 28,599 atendimentos únicos encontrados
[pipeline] usando vocabulário pré-compartilhado — 38 tokens
[pipeline] construindo tensores para 28,599 sequências...
[pipeline] tensores: 2,859/28,599 (10%)
[pipeline] tensores: 5,718/28,599 (20%)
[pipeline] tensores: 8,577/28,599 (30%)
[pipeline] tensores: 11,436/28,599 (40%)
[pipeline] tensores: 14,295/28,599 (50%)
[pipeline] tensores: 17,154/28,599 (60%)
[pipeline] tensores: 20,013/28,599 (70%)
[pipeline] tensores: 22,872/28,599 (80%)
[pipeline] tensores: 25,731/28,599 (90%)
[pipeline] tensores: 28,590/28,599 (100%)
[pipeline] tensores prontos em 3.6s
[pipeline] concluído em 11.1s total — 28,599 pacientes | dist={0: 15892, 1: 318, 2: 120, 3: 9448, 4: 2821} | demográficos: age_mean=0.51 sex_M=13664/28599
[92mINFO [0m:      
[92mINFO [0m:      [RUN 3963248972974576500, ROUND 29]
[92mINFO [0m:      Sending: evaluate message (ID: f6d1113544c583ca3cb476931c2e81d53056e94596af66a080b1db20d2834b8f)
[92mINFO [0m:      Sent successfully
[92mINFO [0m:      
[92mINFO [0m:      
[92mINFO [0m:      [RUN 3963248972974576500, ROUND 30]
[92mINFO [0m:      Receiving: train message (ID: 2118e0d598b7401650bf04ac8f8d12a48a080d67f21d6171d02796bde19d066a)
[92mINFO [0m:      Received successfully
[92mINFO [0m:      Start `flwr-clientapp` process
[pipeline] conectando ao banco: postgresql://mosaicfl:senhaForte@localhost:5432/mo...
[pipeline] conexão OK
[pipeline] executando query (max_seq_len=128 — pode levar alguns minutos)...
[pipeline] query concluída em 7.1s — 1,518,538 linhas
[pipeline] filtrado para hospital_id='BPSP' — 1,518,538 linhas
[pipeline] 28,599 atendimentos únicos encontrados
[pipeline] usando vocabulário pré-compartilhado — 38 tokens
[pipeline] construindo tensores para 28,599 sequências...
[pipeline] tensores: 2,859/28,599 (10%)
[pipeline] tensores: 5,718/28,599 (20%)
[pipeline] tensores: 8,577/28,599 (30%)
[pipeline] tensores: 11,436/28,599 (40%)
[pipeline] tensores: 14,295/28,599 (50%)
[pipeline] tensores: 17,154/28,599 (60%)
[pipeline] tensores: 20,013/28,599 (70%)
[pipeline] tensores: 22,872/28,599 (80%)
[pipeline] tensores: 25,731/28,599 (90%)
[pipeline] tensores: 28,590/28,599 (100%)
[pipeline] tensores prontos em 3.5s
[pipeline] concluído em 11.0s total — 28,599 pacientes | dist={0: 15892, 1: 318, 2: 120, 3: 9448, 4: 2821} | demográficos: age_mean=0.51 sex_M=13664/28599
[92mINFO [0m:      
[92mINFO [0m:      [RUN 3963248972974576500, ROUND 30]
[92mINFO [0m:      Sending: train message (ID: 05cf901a9f87bfe8ca69a403789a4e2d599abab132519bbc354867feb2b15acd)
[92mINFO [0m:      
[92mINFO [0m:      Sent successfully
[92mINFO [0m:      
[92mINFO [0m:      [RUN 3963248972974576500, ROUND 30]
[92mINFO [0m:      Receiving: evaluate message (ID: 6cdb9430f15b17531a9da0f8952d90e6e5d9831149ce220728f3956ab98a8e5d)
[92mINFO [0m:      Received successfully
[92mINFO [0m:      Start `flwr-clientapp` process
[pipeline] conectando ao banco: postgresql://mosaicfl:senhaForte@localhost:5432/mo...
[pipeline] conexão OK
[pipeline] executando query (max_seq_len=128 — pode levar alguns minutos)...
[pipeline] query concluída em 7.1s — 1,518,538 linhas
[pipeline] filtrado para hospital_id='BPSP' — 1,518,538 linhas
[pipeline] 28,599 atendimentos únicos encontrados
[pipeline] usando vocabulário pré-compartilhado — 38 tokens
[pipeline] construindo tensores para 28,599 sequências...
[pipeline] tensores: 2,859/28,599 (10%)
[pipeline] tensores: 5,718/28,599 (20%)
[pipeline] tensores: 8,577/28,599 (30%)
[pipeline] tensores: 11,436/28,599 (40%)
[pipeline] tensores: 14,295/28,599 (50%)
[pipeline] tensores: 17,154/28,599 (60%)
[pipeline] tensores: 20,013/28,599 (70%)
[pipeline] tensores: 22,872/28,599 (80%)
[pipeline] tensores: 25,731/28,599 (90%)
[pipeline] tensores: 28,590/28,599 (100%)
[pipeline] tensores prontos em 3.6s
[pipeline] concluído em 11.0s total — 28,599 pacientes | dist={0: 15892, 1: 318, 2: 120, 3: 9448, 4: 2821} | demográficos: age_mean=0.51 sex_M=13664/28599
[92mINFO [0m:      
[92mINFO [0m:      
[92mINFO [0m:      [RUN 3963248972974576500, ROUND 30]
[92mINFO [0m:      Sending: evaluate message (ID: a7a0a13f101933462815762292fbe66cd0c01aacf4b9944094c657fe731aea70)
[92mINFO [0m:      Sent successfully
[92mINFO [0m:      
[92mINFO [0m:      [RUN 3963248972974576500, ROUND 31]
[92mINFO [0m:      Receiving: train message (ID: faad13fd1157bfe858e8b03d988bf0508fc85bbff3fcf87af68d40aee50a77fa)
[92mINFO [0m:      Received successfully
[92mINFO [0m:      Start `flwr-clientapp` process
[pipeline] conectando ao banco: postgresql://mosaicfl:senhaForte@localhost:5432/mo...
[pipeline] conexão OK
[pipeline] executando query (max_seq_len=128 — pode levar alguns minutos)...
[pipeline] query concluída em 7.2s — 1,518,538 linhas
[pipeline] filtrado para hospital_id='BPSP' — 1,518,538 linhas
[pipeline] 28,599 atendimentos únicos encontrados
[pipeline] usando vocabulário pré-compartilhado — 38 tokens
[pipeline] construindo tensores para 28,599 sequências...
[pipeline] tensores: 2,859/28,599 (10%)
[pipeline] tensores: 5,718/28,599 (20%)
[pipeline] tensores: 8,577/28,599 (30%)
[pipeline] tensores: 11,436/28,599 (40%)
[pipeline] tensores: 14,295/28,599 (50%)
[pipeline] tensores: 17,154/28,599 (60%)
[pipeline] tensores: 20,013/28,599 (70%)
[pipeline] tensores: 22,872/28,599 (80%)
[pipeline] tensores: 25,731/28,599 (90%)
[pipeline] tensores: 28,590/28,599 (100%)
[pipeline] tensores prontos em 3.6s
[pipeline] concluído em 11.2s total — 28,599 pacientes | dist={0: 15892, 1: 318, 2: 120, 3: 9448, 4: 2821} | demográficos: age_mean=0.51 sex_M=13664/28599
[92mINFO [0m:      
[92mINFO [0m:      
[92mINFO [0m:      [RUN 3963248972974576500, ROUND 31]
[92mINFO [0m:      Sending: train message (ID: dc931c84b0e7b8b2b2986650d899a4c02bde8cd230035667db383df439ec6a13)
[92mINFO [0m:      Sent successfully
[92mINFO [0m:      
[92mINFO [0m:      [RUN 3963248972974576500, ROUND 31]
[92mINFO [0m:      Receiving: evaluate message (ID: 4033d179ada2a74c72f6627dc55f696bf547ce7f3edc1c793d556f32b4d259d7)
[92mINFO [0m:      Received successfully
[92mINFO [0m:      Start `flwr-clientapp` process
[pipeline] conectando ao banco: postgresql://mosaicfl:senhaForte@localhost:5432/mo...
[pipeline] conexão OK
[pipeline] executando query (max_seq_len=128 — pode levar alguns minutos)...
[pipeline] query concluída em 7.1s — 1,518,538 linhas
[pipeline] filtrado para hospital_id='BPSP' — 1,518,538 linhas
[pipeline] 28,599 atendimentos únicos encontrados
[pipeline] usando vocabulário pré-compartilhado — 38 tokens
[pipeline] construindo tensores para 28,599 sequências...
[pipeline] tensores: 2,859/28,599 (10%)
[pipeline] tensores: 5,718/28,599 (20%)
[pipeline] tensores: 8,577/28,599 (30%)
[pipeline] tensores: 11,436/28,599 (40%)
[pipeline] tensores: 14,295/28,599 (50%)
[pipeline] tensores: 17,154/28,599 (60%)
[pipeline] tensores: 20,013/28,599 (70%)
[pipeline] tensores: 22,872/28,599 (80%)
[pipeline] tensores: 25,731/28,599 (90%)
[pipeline] tensores: 28,590/28,599 (100%)
[pipeline] tensores prontos em 3.6s
[pipeline] concluído em 11.0s total — 28,599 pacientes | dist={0: 15892, 1: 318, 2: 120, 3: 9448, 4: 2821} | demográficos: age_mean=0.51 sex_M=13664/28599
[92mINFO [0m:      
[92mINFO [0m:      
[92mINFO [0m:      [RUN 3963248972974576500, ROUND 31]
[92mINFO [0m:      Sending: evaluate message (ID: fd559bb5cd039aade4ba4b7bf1cf30c6adf21cf8d6ac1a17b9fbf45891ca2c68)
[92mINFO [0m:      Sent successfully
[92mINFO [0m:      
[92mINFO [0m:      [RUN 3963248972974576500, ROUND 32]
[92mINFO [0m:      Receiving: train message (ID: 8204e9d62db96887d00ddda10fa8679cdfb9723db51451ce722c6a09e43ceaa3)
[92mINFO [0m:      Received successfully
[92mINFO [0m:      Start `flwr-clientapp` process
[pipeline] conectando ao banco: postgresql://mosaicfl:senhaForte@localhost:5432/mo...
[pipeline] conexão OK
[pipeline] executando query (max_seq_len=128 — pode levar alguns minutos)...
[pipeline] query concluída em 7.1s — 1,518,538 linhas
[pipeline] filtrado para hospital_id='BPSP' — 1,518,538 linhas
[pipeline] 28,599 atendimentos únicos encontrados
[pipeline] usando vocabulário pré-compartilhado — 38 tokens
[pipeline] construindo tensores para 28,599 sequências...
[pipeline] tensores: 2,859/28,599 (10%)
[pipeline] tensores: 5,718/28,599 (20%)
[pipeline] tensores: 8,577/28,599 (30%)
[pipeline] tensores: 11,436/28,599 (40%)
[pipeline] tensores: 14,295/28,599 (50%)
[pipeline] tensores: 17,154/28,599 (60%)
[pipeline] tensores: 20,013/28,599 (70%)
[pipeline] tensores: 22,872/28,599 (80%)
[pipeline] tensores: 25,731/28,599 (90%)
[pipeline] tensores: 28,590/28,599 (100%)
[pipeline] tensores prontos em 3.6s
[pipeline] concluído em 11.1s total — 28,599 pacientes | dist={0: 15892, 1: 318, 2: 120, 3: 9448, 4: 2821} | demográficos: age_mean=0.51 sex_M=13664/28599
[92mINFO [0m:      
[92mINFO [0m:      
[92mINFO [0m:      [RUN 3963248972974576500, ROUND 32]
[92mINFO [0m:      Sending: train message (ID: 80a5696d699406a0969411d714c2469f3b5e5e83dda2e3b97bb83533258c7e7c)
[92mINFO [0m:      Sent successfully
[92mINFO [0m:      
[92mINFO [0m:      [RUN 3963248972974576500, ROUND 32]
[92mINFO [0m:      Receiving: evaluate message (ID: e0b5f31d17d0ee6d5dfce85bfef04464442c955425539da736e101608163f2d8)
[92mINFO [0m:      Received successfully
[92mINFO [0m:      Start `flwr-clientapp` process
[pipeline] conectando ao banco: postgresql://mosaicfl:senhaForte@localhost:5432/mo...
[pipeline] conexão OK
[pipeline] executando query (max_seq_len=128 — pode levar alguns minutos)...
[pipeline] query concluída em 7.1s — 1,518,538 linhas
[pipeline] filtrado para hospital_id='BPSP' — 1,518,538 linhas
[pipeline] 28,599 atendimentos únicos encontrados
[pipeline] usando vocabulário pré-compartilhado — 38 tokens
[pipeline] construindo tensores para 28,599 sequências...
[pipeline] tensores: 2,859/28,599 (10%)
[pipeline] tensores: 5,718/28,599 (20%)
[pipeline] tensores: 8,577/28,599 (30%)
[pipeline] tensores: 11,436/28,599 (40%)
[pipeline] tensores: 14,295/28,599 (50%)
[pipeline] tensores: 17,154/28,599 (60%)
[pipeline] tensores: 20,013/28,599 (70%)
[pipeline] tensores: 22,872/28,599 (80%)
[pipeline] tensores: 25,731/28,599 (90%)
[pipeline] tensores: 28,590/28,599 (100%)
[pipeline] tensores prontos em 3.6s
[pipeline] concluído em 11.1s total — 28,599 pacientes | dist={0: 15892, 1: 318, 2: 120, 3: 9448, 4: 2821} | demográficos: age_mean=0.51 sex_M=13664/28599
[92mINFO [0m:      
[92mINFO [0m:      [RUN 3963248972974576500, ROUND 32]
[92mINFO [0m:      Sending: evaluate message (ID: 8450146d21cd2794a522fbf32373bf2dc618341e9aadf4a7159540c99a6c4c6d)
[92mINFO [0m:      Sent successfully
[92mINFO [0m:      
[92mINFO [0m:      
[92mINFO [0m:      [RUN 3963248972974576500, ROUND 33]
[92mINFO [0m:      Receiving: train message (ID: 01b4c762c611e1de3d84523b97d23c7c5da56f25d9a84ac53c3feec22cff8b07)
[92mINFO [0m:      Received successfully
[92mINFO [0m:      Start `flwr-clientapp` process
[pipeline] conectando ao banco: postgresql://mosaicfl:senhaForte@localhost:5432/mo...
[pipeline] conexão OK
[pipeline] executando query (max_seq_len=128 — pode levar alguns minutos)...
[pipeline] query concluída em 7.1s — 1,518,538 linhas
[pipeline] filtrado para hospital_id='BPSP' — 1,518,538 linhas
[pipeline] 28,599 atendimentos únicos encontrados
[pipeline] usando vocabulário pré-compartilhado — 38 tokens
[pipeline] construindo tensores para 28,599 sequências...
[pipeline] tensores: 2,859/28,599 (10%)
[pipeline] tensores: 5,718/28,599 (20%)
[pipeline] tensores: 8,577/28,599 (30%)
[pipeline] tensores: 11,436/28,599 (40%)
[pipeline] tensores: 14,295/28,599 (50%)
[pipeline] tensores: 17,154/28,599 (60%)
[pipeline] tensores: 20,013/28,599 (70%)
[pipeline] tensores: 22,872/28,599 (80%)
[pipeline] tensores: 25,731/28,599 (90%)
[pipeline] tensores: 28,590/28,599 (100%)
[pipeline] tensores prontos em 3.5s
[pipeline] concluído em 11.0s total — 28,599 pacientes | dist={0: 15892, 1: 318, 2: 120, 3: 9448, 4: 2821} | demográficos: age_mean=0.51 sex_M=13664/28599
[92mINFO [0m:      
[92mINFO [0m:      
[92mINFO [0m:      [RUN 3963248972974576500, ROUND 33]
[92mINFO [0m:      Sending: train message (ID: 88040ad7a97141832daa31e78d558d508a43a3787eedf8d22832437b83fae30d)
[92mINFO [0m:      Sent successfully
[92mINFO [0m:      
[92mINFO [0m:      [RUN 3963248972974576500, ROUND 33]
[92mINFO [0m:      Receiving: evaluate message (ID: 5f1e19d1c4f93175663affb038be42dc30199ffdd80cd2ed19509e0d0f4e16cb)
[92mINFO [0m:      Received successfully
[92mINFO [0m:      Start `flwr-clientapp` process
[pipeline] conectando ao banco: postgresql://mosaicfl:senhaForte@localhost:5432/mo...
[pipeline] conexão OK
[pipeline] executando query (max_seq_len=128 — pode levar alguns minutos)...
[pipeline] query concluída em 7.2s — 1,518,538 linhas
[pipeline] filtrado para hospital_id='BPSP' — 1,518,538 linhas
[pipeline] 28,599 atendimentos únicos encontrados
[pipeline] usando vocabulário pré-compartilhado — 38 tokens
[pipeline] construindo tensores para 28,599 sequências...
[pipeline] tensores: 2,859/28,599 (10%)
[pipeline] tensores: 5,718/28,599 (20%)
[pipeline] tensores: 8,577/28,599 (30%)
[pipeline] tensores: 11,436/28,599 (40%)
[pipeline] tensores: 14,295/28,599 (50%)
[pipeline] tensores: 17,154/28,599 (60%)
[pipeline] tensores: 20,013/28,599 (70%)
[pipeline] tensores: 22,872/28,599 (80%)
[pipeline] tensores: 25,731/28,599 (90%)
[pipeline] tensores: 28,590/28,599 (100%)
[pipeline] tensores prontos em 3.6s
[pipeline] concluído em 11.2s total — 28,599 pacientes | dist={0: 15892, 1: 318, 2: 120, 3: 9448, 4: 2821} | demográficos: age_mean=0.51 sex_M=13664/28599
[92mINFO [0m:      
[92mINFO [0m:      [RUN 3963248972974576500, ROUND 33]
[92mINFO [0m:      Sending: evaluate message (ID: 6d3c0b43422a85145a66ddc1b2774a80a5b897b686c6d683fffbadf2e0b751da)
[92mINFO [0m:      Sent successfully
[92mINFO [0m:      
[92mINFO [0m:      
[92mINFO [0m:      [RUN 3963248972974576500, ROUND 34]
[92mINFO [0m:      Receiving: train message (ID: 34d4619e142f1313a51cc661afd0978217c3022109ebdc33355120d501186ae7)
[92mINFO [0m:      Received successfully
[92mINFO [0m:      Start `flwr-clientapp` process
[pipeline] conectando ao banco: postgresql://mosaicfl:senhaForte@localhost:5432/mo...
[pipeline] conexão OK
[pipeline] executando query (max_seq_len=128 — pode levar alguns minutos)...
[pipeline] query concluída em 7.2s — 1,518,538 linhas
[pipeline] filtrado para hospital_id='BPSP' — 1,518,538 linhas
[pipeline] 28,599 atendimentos únicos encontrados
[pipeline] usando vocabulário pré-compartilhado — 38 tokens
[pipeline] construindo tensores para 28,599 sequências...
[pipeline] tensores: 2,859/28,599 (10%)
[pipeline] tensores: 5,718/28,599 (20%)
[pipeline] tensores: 8,577/28,599 (30%)
[pipeline] tensores: 11,436/28,599 (40%)
[pipeline] tensores: 14,295/28,599 (50%)
[pipeline] tensores: 17,154/28,599 (60%)
[pipeline] tensores: 20,013/28,599 (70%)
[pipeline] tensores: 22,872/28,599 (80%)
[pipeline] tensores: 25,731/28,599 (90%)
[pipeline] tensores: 28,590/28,599 (100%)
[pipeline] tensores prontos em 3.6s
[pipeline] concluído em 11.2s total — 28,599 pacientes | dist={0: 15892, 1: 318, 2: 120, 3: 9448, 4: 2821} | demográficos: age_mean=0.51 sex_M=13664/28599
[92mINFO [0m:      
[92mINFO [0m:      
[92mINFO [0m:      [RUN 3963248972974576500, ROUND 34]
[92mINFO [0m:      Sending: train message (ID: 3c0b93e9d9da1c93049026b8b72500186953842ec3d157c298d73d9e57bc4311)
[92mINFO [0m:      Sent successfully
[92mINFO [0m:      
[92mINFO [0m:      [RUN 3963248972974576500, ROUND 34]
[92mINFO [0m:      Receiving: evaluate message (ID: 3e66b7a92198b0026af88e01940a7eeb4b65410c2d6c3e7be5364cfe9d6f588b)
[92mINFO [0m:      Received successfully
[92mINFO [0m:      Start `flwr-clientapp` process
[pipeline] conectando ao banco: postgresql://mosaicfl:senhaForte@localhost:5432/mo...
[pipeline] conexão OK
[pipeline] executando query (max_seq_len=128 — pode levar alguns minutos)...
[pipeline] query concluída em 7.1s — 1,518,538 linhas
[pipeline] filtrado para hospital_id='BPSP' — 1,518,538 linhas
[pipeline] 28,599 atendimentos únicos encontrados
[pipeline] usando vocabulário pré-compartilhado — 38 tokens
[pipeline] construindo tensores para 28,599 sequências...
[pipeline] tensores: 2,859/28,599 (10%)
[pipeline] tensores: 5,718/28,599 (20%)
[pipeline] tensores: 8,577/28,599 (30%)
[pipeline] tensores: 11,436/28,599 (40%)
[pipeline] tensores: 14,295/28,599 (50%)
[pipeline] tensores: 17,154/28,599 (60%)
[pipeline] tensores: 20,013/28,599 (70%)
[pipeline] tensores: 22,872/28,599 (80%)
[pipeline] tensores: 25,731/28,599 (90%)
[pipeline] tensores: 28,590/28,599 (100%)
[pipeline] tensores prontos em 3.6s
[pipeline] concluído em 11.1s total — 28,599 pacientes | dist={0: 15892, 1: 318, 2: 120, 3: 9448, 4: 2821} | demográficos: age_mean=0.51 sex_M=13664/28599
[92mINFO [0m:      
[92mINFO [0m:      
[92mINFO [0m:      [RUN 3963248972974576500, ROUND 34]
[92mINFO [0m:      Sending: evaluate message (ID: 02c42fb989d078fcc0a49421a494a13c953ef38217495eaa0a2ab6b8e7585139)
[92mINFO [0m:      Sent successfully
[92mINFO [0m:      
[92mINFO [0m:      [RUN 3963248972974576500, ROUND 35]
[92mINFO [0m:      Receiving: train message (ID: b1e855195ce2392506fde8de446ad6ede5b48a677a151364b6b1eb405c9ad73c)
[92mINFO [0m:      Received successfully
[92mINFO [0m:      Start `flwr-clientapp` process
[pipeline] conectando ao banco: postgresql://mosaicfl:senhaForte@localhost:5432/mo...
[pipeline] conexão OK
[pipeline] executando query (max_seq_len=128 — pode levar alguns minutos)...
[pipeline] query concluída em 7.1s — 1,518,538 linhas
[pipeline] filtrado para hospital_id='BPSP' — 1,518,538 linhas
[pipeline] 28,599 atendimentos únicos encontrados
[pipeline] usando vocabulário pré-compartilhado — 38 tokens
[pipeline] construindo tensores para 28,599 sequências...
[pipeline] tensores: 2,859/28,599 (10%)
[pipeline] tensores: 5,718/28,599 (20%)
[pipeline] tensores: 8,577/28,599 (30%)
[pipeline] tensores: 11,436/28,599 (40%)
[pipeline] tensores: 14,295/28,599 (50%)
[pipeline] tensores: 17,154/28,599 (60%)
[pipeline] tensores: 20,013/28,599 (70%)
[pipeline] tensores: 22,872/28,599 (80%)
[pipeline] tensores: 25,731/28,599 (90%)
[pipeline] tensores: 28,590/28,599 (100%)
[pipeline] tensores prontos em 3.5s
[pipeline] concluído em 11.0s total — 28,599 pacientes | dist={0: 15892, 1: 318, 2: 120, 3: 9448, 4: 2821} | demográficos: age_mean=0.51 sex_M=13664/28599
[92mINFO [0m:      
[92mINFO [0m:      
[92mINFO [0m:      [RUN 3963248972974576500, ROUND 35]
[92mINFO [0m:      Sending: train message (ID: e4608d6656dc6a67d1469a51d2646f162a9c3e1b5d210a89f183c5ce31a90d0b)
[92mINFO [0m:      Sent successfully
[92mINFO [0m:      
[92mINFO [0m:      [RUN 3963248972974576500, ROUND 35]
[92mINFO [0m:      Receiving: evaluate message (ID: ebf3494ec318e7e899a047ab0350d7efa12f56ee1ea1e172d505b262cbeabe54)
[92mINFO [0m:      Received successfully
[92mINFO [0m:      Start `flwr-clientapp` process
[pipeline] conectando ao banco: postgresql://mosaicfl:senhaForte@localhost:5432/mo...
[pipeline] conexão OK
[pipeline] executando query (max_seq_len=128 — pode levar alguns minutos)...
[pipeline] query concluída em 7.1s — 1,518,538 linhas
[pipeline] filtrado para hospital_id='BPSP' — 1,518,538 linhas
[pipeline] 28,599 atendimentos únicos encontrados
[pipeline] usando vocabulário pré-compartilhado — 38 tokens
[pipeline] construindo tensores para 28,599 sequências...
[pipeline] tensores: 2,859/28,599 (10%)
[pipeline] tensores: 5,718/28,599 (20%)
[pipeline] tensores: 8,577/28,599 (30%)
[pipeline] tensores: 11,436/28,599 (40%)
[pipeline] tensores: 14,295/28,599 (50%)
[pipeline] tensores: 17,154/28,599 (60%)
[pipeline] tensores: 20,013/28,599 (70%)
[pipeline] tensores: 22,872/28,599 (80%)
[pipeline] tensores: 25,731/28,599 (90%)
[pipeline] tensores: 28,590/28,599 (100%)
[pipeline] tensores prontos em 3.6s
[pipeline] concluído em 11.1s total — 28,599 pacientes | dist={0: 15892, 1: 318, 2: 120, 3: 9448, 4: 2821} | demográficos: age_mean=0.51 sex_M=13664/28599
[92mINFO [0m:      
[92mINFO [0m:      
[92mINFO [0m:      [RUN 3963248972974576500, ROUND 35]
[92mINFO [0m:      Sending: evaluate message (ID: 9e7fe8682c0791fd3a594958afc610f5b74a2204248fe0df7bb81f1546288c0e)
[92mINFO [0m:      Sent successfully
[92mINFO [0m:      
[92mINFO [0m:      [RUN 3963248972974576500, ROUND 36]
[92mINFO [0m:      Receiving: train message (ID: a19c96d46beb7abfa3ea50ef81f8cd9c83eaf3c13b8d3d83b73c14d7fbe04bcf)
[92mINFO [0m:      Received successfully
[92mINFO [0m:      Start `flwr-clientapp` process
[pipeline] conectando ao banco: postgresql://mosaicfl:senhaForte@localhost:5432/mo...
[pipeline] conexão OK
[pipeline] executando query (max_seq_len=128 — pode levar alguns minutos)...
[pipeline] query concluída em 7.1s — 1,518,538 linhas
[pipeline] filtrado para hospital_id='BPSP' — 1,518,538 linhas
[pipeline] 28,599 atendimentos únicos encontrados
[pipeline] usando vocabulário pré-compartilhado — 38 tokens
[pipeline] construindo tensores para 28,599 sequências...
[pipeline] tensores: 2,859/28,599 (10%)
[pipeline] tensores: 5,718/28,599 (20%)
[pipeline] tensores: 8,577/28,599 (30%)
[pipeline] tensores: 11,436/28,599 (40%)
[pipeline] tensores: 14,295/28,599 (50%)
[pipeline] tensores: 17,154/28,599 (60%)
[pipeline] tensores: 20,013/28,599 (70%)
[pipeline] tensores: 22,872/28,599 (80%)
[pipeline] tensores: 25,731/28,599 (90%)
[pipeline] tensores: 28,590/28,599 (100%)
[pipeline] tensores prontos em 3.6s
[pipeline] concluído em 11.1s total — 28,599 pacientes | dist={0: 15892, 1: 318, 2: 120, 3: 9448, 4: 2821} | demográficos: age_mean=0.51 sex_M=13664/28599
[92mINFO [0m:      
[92mINFO [0m:      [RUN 3963248972974576500, ROUND 36]
[92mINFO [0m:      Sending: train message (ID: 287b1c91e7ba9425d1812787e066415f8775fa4a333ea432b408cc86ecb91877)
[92mINFO [0m:      
[92mINFO [0m:      Sent successfully
[92mINFO [0m:      
[92mINFO [0m:      [RUN 3963248972974576500, ROUND 36]
[92mINFO [0m:      Receiving: evaluate message (ID: ee32ddfaf9148ca1eb711526367f941776c513eec5f5461dd8fb776d35913b57)
[92mINFO [0m:      Received successfully
[92mINFO [0m:      Start `flwr-clientapp` process
[pipeline] conectando ao banco: postgresql://mosaicfl:senhaForte@localhost:5432/mo...
[pipeline] conexão OK
[pipeline] executando query (max_seq_len=128 — pode levar alguns minutos)...
[pipeline] query concluída em 7.2s — 1,518,538 linhas
[pipeline] filtrado para hospital_id='BPSP' — 1,518,538 linhas
[pipeline] 28,599 atendimentos únicos encontrados
[pipeline] usando vocabulário pré-compartilhado — 38 tokens
[pipeline] construindo tensores para 28,599 sequências...
[pipeline] tensores: 2,859/28,599 (10%)
[pipeline] tensores: 5,718/28,599 (20%)
[pipeline] tensores: 8,577/28,599 (30%)
[pipeline] tensores: 11,436/28,599 (40%)
[pipeline] tensores: 14,295/28,599 (50%)
[pipeline] tensores: 17,154/28,599 (60%)
[pipeline] tensores: 20,013/28,599 (70%)
[pipeline] tensores: 22,872/28,599 (80%)
[pipeline] tensores: 25,731/28,599 (90%)
[pipeline] tensores: 28,590/28,599 (100%)
[pipeline] tensores prontos em 3.6s
[pipeline] concluído em 11.1s total — 28,599 pacientes | dist={0: 15892, 1: 318, 2: 120, 3: 9448, 4: 2821} | demográficos: age_mean=0.51 sex_M=13664/28599
[92mINFO [0m:      
[92mINFO [0m:      [RUN 3963248972974576500, ROUND 36]
[92mINFO [0m:      Sending: evaluate message (ID: 3fd78aebf5341eb01d7beb7b606b431c03705b58a1b468a68578e6ed5de84d4d)
[92mINFO [0m:      Sent successfully
[92mINFO [0m:      
[92mINFO [0m:      
[92mINFO [0m:      [RUN 3963248972974576500, ROUND 37]
[92mINFO [0m:      Receiving: train message (ID: 605f7e469970e41fc1d60df73788bdc9884a05b56bc7bf2f448293dfb1884e82)
[92mINFO [0m:      Received successfully
[92mINFO [0m:      Start `flwr-clientapp` process
[pipeline] conectando ao banco: postgresql://mosaicfl:senhaForte@localhost:5432/mo...
[pipeline] conexão OK
[pipeline] executando query (max_seq_len=128 — pode levar alguns minutos)...
[pipeline] query concluída em 7.2s — 1,518,538 linhas
[pipeline] filtrado para hospital_id='BPSP' — 1,518,538 linhas
[pipeline] 28,599 atendimentos únicos encontrados
[pipeline] usando vocabulário pré-compartilhado — 38 tokens
[pipeline] construindo tensores para 28,599 sequências...
[pipeline] tensores: 2,859/28,599 (10%)
[pipeline] tensores: 5,718/28,599 (20%)
[pipeline] tensores: 8,577/28,599 (30%)
[pipeline] tensores: 11,436/28,599 (40%)
[pipeline] tensores: 14,295/28,599 (50%)
[pipeline] tensores: 17,154/28,599 (60%)
[pipeline] tensores: 20,013/28,599 (70%)
[pipeline] tensores: 22,872/28,599 (80%)
[pipeline] tensores: 25,731/28,599 (90%)
[pipeline] tensores: 28,590/28,599 (100%)
[pipeline] tensores prontos em 3.6s
[pipeline] concluído em 11.1s total — 28,599 pacientes | dist={0: 15892, 1: 318, 2: 120, 3: 9448, 4: 2821} | demográficos: age_mean=0.51 sex_M=13664/28599
[92mINFO [0m:      
[92mINFO [0m:      
[92mINFO [0m:      [RUN 3963248972974576500, ROUND 37]
[92mINFO [0m:      Sending: train message (ID: a0367fb7a95241244da0d84a098ad1ce6a81caa7c61a89eccaf869411f208c47)
[92mINFO [0m:      Sent successfully
[92mINFO [0m:      
[92mINFO [0m:      [RUN 3963248972974576500, ROUND 37]
[92mINFO [0m:      Receiving: evaluate message (ID: e118e4c49b17961c0fa685d27c70a4123ba4a42f1faad0c96ddf8500b66f10fc)
[92mINFO [0m:      Received successfully
[92mINFO [0m:      Start `flwr-clientapp` process
[pipeline] conectando ao banco: postgresql://mosaicfl:senhaForte@localhost:5432/mo...
[pipeline] conexão OK
[pipeline] executando query (max_seq_len=128 — pode levar alguns minutos)...
[pipeline] query concluída em 7.1s — 1,518,538 linhas
[pipeline] filtrado para hospital_id='BPSP' — 1,518,538 linhas
[pipeline] 28,599 atendimentos únicos encontrados
[pipeline] usando vocabulário pré-compartilhado — 38 tokens
[pipeline] construindo tensores para 28,599 sequências...
[pipeline] tensores: 2,859/28,599 (10%)
[pipeline] tensores: 5,718/28,599 (20%)
[pipeline] tensores: 8,577/28,599 (30%)
[pipeline] tensores: 11,436/28,599 (40%)
[pipeline] tensores: 14,295/28,599 (50%)
[pipeline] tensores: 17,154/28,599 (60%)
[pipeline] tensores: 20,013/28,599 (70%)
[pipeline] tensores: 22,872/28,599 (80%)
[pipeline] tensores: 25,731/28,599 (90%)
[pipeline] tensores: 28,590/28,599 (100%)
[pipeline] tensores prontos em 3.6s
[pipeline] concluído em 11.1s total — 28,599 pacientes | dist={0: 15892, 1: 318, 2: 120, 3: 9448, 4: 2821} | demográficos: age_mean=0.51 sex_M=13664/28599
[92mINFO [0m:      
[92mINFO [0m:      
[92mINFO [0m:      [RUN 3963248972974576500, ROUND 37]
[92mINFO [0m:      Sending: evaluate message (ID: 89de60fec8b037c3416b93d4835e15ce885edc1042b446d6b43131f209b95044)
[92mINFO [0m:      Sent successfully
[92mINFO [0m:      
[92mINFO [0m:      [RUN 3963248972974576500, ROUND 38]
[92mINFO [0m:      Receiving: train message (ID: 721327e106024b75031dfd0b0921b1518deb1a965543a1b84cbdf2782d11bc12)
[92mINFO [0m:      Received successfully
[92mINFO [0m:      Start `flwr-clientapp` process
[pipeline] conectando ao banco: postgresql://mosaicfl:senhaForte@localhost:5432/mo...
[pipeline] conexão OK
[pipeline] executando query (max_seq_len=128 — pode levar alguns minutos)...
[pipeline] query concluída em 7.2s — 1,518,538 linhas
[pipeline] filtrado para hospital_id='BPSP' — 1,518,538 linhas
[pipeline] 28,599 atendimentos únicos encontrados
[pipeline] usando vocabulário pré-compartilhado — 38 tokens
[pipeline] construindo tensores para 28,599 sequências...
[pipeline] tensores: 2,859/28,599 (10%)
[pipeline] tensores: 5,718/28,599 (20%)
[pipeline] tensores: 8,577/28,599 (30%)
[pipeline] tensores: 11,436/28,599 (40%)
[pipeline] tensores: 14,295/28,599 (50%)
[pipeline] tensores: 17,154/28,599 (60%)
[pipeline] tensores: 20,013/28,599 (70%)
[pipeline] tensores: 22,872/28,599 (80%)
[pipeline] tensores: 25,731/28,599 (90%)
[pipeline] tensores: 28,590/28,599 (100%)
[pipeline] tensores prontos em 3.7s
[pipeline] concluído em 11.3s total — 28,599 pacientes | dist={0: 15892, 1: 318, 2: 120, 3: 9448, 4: 2821} | demográficos: age_mean=0.51 sex_M=13664/28599
[92mINFO [0m:      
[92mINFO [0m:      
[92mINFO [0m:      [RUN 3963248972974576500, ROUND 38]
[92mINFO [0m:      Sending: train message (ID: af5e5d9bb6263967b3456fea0a4d37cadedf861778cb536839b67787b0f8fae9)
[92mINFO [0m:      Sent successfully
[92mINFO [0m:      
[92mINFO [0m:      [RUN 3963248972974576500, ROUND 38]
[92mINFO [0m:      Receiving: evaluate message (ID: 60eecaac56259dd511c37be252f2153f1ea86a8e58ba9a0f6d6eba787844b54c)
[92mINFO [0m:      Received successfully
[92mINFO [0m:      Start `flwr-clientapp` process
[pipeline] conectando ao banco: postgresql://mosaicfl:senhaForte@localhost:5432/mo...
[pipeline] conexão OK
[pipeline] executando query (max_seq_len=128 — pode levar alguns minutos)...
[pipeline] query concluída em 7.1s — 1,518,538 linhas
[pipeline] filtrado para hospital_id='BPSP' — 1,518,538 linhas
[pipeline] 28,599 atendimentos únicos encontrados
[pipeline] usando vocabulário pré-compartilhado — 38 tokens
[pipeline] construindo tensores para 28,599 sequências...
[pipeline] tensores: 2,859/28,599 (10%)
[pipeline] tensores: 5,718/28,599 (20%)
[pipeline] tensores: 8,577/28,599 (30%)
[pipeline] tensores: 11,436/28,599 (40%)
[pipeline] tensores: 14,295/28,599 (50%)
[pipeline] tensores: 17,154/28,599 (60%)
[pipeline] tensores: 20,013/28,599 (70%)
[pipeline] tensores: 22,872/28,599 (80%)
[pipeline] tensores: 25,731/28,599 (90%)
[pipeline] tensores: 28,590/28,599 (100%)
[pipeline] tensores prontos em 3.6s
[pipeline] concluído em 11.0s total — 28,599 pacientes | dist={0: 15892, 1: 318, 2: 120, 3: 9448, 4: 2821} | demográficos: age_mean=0.51 sex_M=13664/28599
[92mINFO [0m:      
[92mINFO [0m:      
[92mINFO [0m:      [RUN 3963248972974576500, ROUND 38]
[92mINFO [0m:      Sending: evaluate message (ID: ec756a31cae17bcae83e901240c98665d9e7deb3c18c2a669c3f96779c8991c3)
[92mINFO [0m:      Sent successfully
[92mINFO [0m:      
[92mINFO [0m:      [RUN 3963248972974576500, ROUND 39]
[92mINFO [0m:      Receiving: train message (ID: 2f850cebcafc5203ee18701e22885198c6796b13e3467eca99378028ee801644)
[92mINFO [0m:      Received successfully
[92mINFO [0m:      Start `flwr-clientapp` process
[pipeline] conectando ao banco: postgresql://mosaicfl:senhaForte@localhost:5432/mo...
[pipeline] conexão OK
[pipeline] executando query (max_seq_len=128 — pode levar alguns minutos)...
[pipeline] query concluída em 7.2s — 1,518,538 linhas
[pipeline] filtrado para hospital_id='BPSP' — 1,518,538 linhas
[pipeline] 28,599 atendimentos únicos encontrados
[pipeline] usando vocabulário pré-compartilhado — 38 tokens
[pipeline] construindo tensores para 28,599 sequências...
[pipeline] tensores: 2,859/28,599 (10%)
[pipeline] tensores: 5,718/28,599 (20%)
[pipeline] tensores: 8,577/28,599 (30%)
[pipeline] tensores: 11,436/28,599 (40%)
[pipeline] tensores: 14,295/28,599 (50%)
[pipeline] tensores: 17,154/28,599 (60%)
[pipeline] tensores: 20,013/28,599 (70%)
[pipeline] tensores: 22,872/28,599 (80%)
[pipeline] tensores: 25,731/28,599 (90%)
[pipeline] tensores: 28,590/28,599 (100%)
[pipeline] tensores prontos em 3.6s
[pipeline] concluído em 11.1s total — 28,599 pacientes | dist={0: 15892, 1: 318, 2: 120, 3: 9448, 4: 2821} | demográficos: age_mean=0.51 sex_M=13664/28599
[92mINFO [0m:      
[92mINFO [0m:      
[92mINFO [0m:      [RUN 3963248972974576500, ROUND 39]
[92mINFO [0m:      Sending: train message (ID: 065a2b0e31b9220235cb7a339c9a99500bc3523e13b50b758a28bffe988811d5)
[92mINFO [0m:      Sent successfully
[92mINFO [0m:      
[92mINFO [0m:      [RUN 3963248972974576500, ROUND 39]
[92mINFO [0m:      Receiving: evaluate message (ID: feaa3d5035ba63aeedc957aa217c41365426423531a9b43b648136ed525669d4)
[92mINFO [0m:      Received successfully
[92mINFO [0m:      Start `flwr-clientapp` process
[pipeline] conectando ao banco: postgresql://mosaicfl:senhaForte@localhost:5432/mo...
[pipeline] conexão OK
[pipeline] executando query (max_seq_len=128 — pode levar alguns minutos)...
[pipeline] query concluída em 7.2s — 1,518,538 linhas
[pipeline] filtrado para hospital_id='BPSP' — 1,518,538 linhas
[pipeline] 28,599 atendimentos únicos encontrados
[pipeline] usando vocabulário pré-compartilhado — 38 tokens
[pipeline] construindo tensores para 28,599 sequências...
[pipeline] tensores: 2,859/28,599 (10%)
[pipeline] tensores: 5,718/28,599 (20%)
[pipeline] tensores: 8,577/28,599 (30%)
[pipeline] tensores: 11,436/28,599 (40%)
[pipeline] tensores: 14,295/28,599 (50%)
[pipeline] tensores: 17,154/28,599 (60%)
[pipeline] tensores: 20,013/28,599 (70%)
[pipeline] tensores: 22,872/28,599 (80%)
[pipeline] tensores: 25,731/28,599 (90%)
[pipeline] tensores: 28,590/28,599 (100%)
[pipeline] tensores prontos em 3.7s
[pipeline] concluído em 11.3s total — 28,599 pacientes | dist={0: 15892, 1: 318, 2: 120, 3: 9448, 4: 2821} | demográficos: age_mean=0.51 sex_M=13664/28599
[92mINFO [0m:      
[92mINFO [0m:      
[92mINFO [0m:      [RUN 3963248972974576500, ROUND 39]
[92mINFO [0m:      Sending: evaluate message (ID: 590a839bc04bc0a1ab2f8fa60f8031568006aaba3d34d67f5875673194d01ba9)
[92mINFO [0m:      Sent successfully
[92mINFO [0m:      
[92mINFO [0m:      [RUN 3963248972974576500, ROUND 40]
[92mINFO [0m:      Receiving: train message (ID: 972228d09347a309b713d9924b2e95084780dccb45aebd770ae9b402dc41c486)
[92mINFO [0m:      Received successfully
[92mINFO [0m:      Start `flwr-clientapp` process
[pipeline] conectando ao banco: postgresql://mosaicfl:senhaForte@localhost:5432/mo...
[pipeline] conexão OK
[pipeline] executando query (max_seq_len=128 — pode levar alguns minutos)...
[pipeline] query concluída em 7.2s — 1,518,538 linhas
[pipeline] filtrado para hospital_id='BPSP' — 1,518,538 linhas
[pipeline] 28,599 atendimentos únicos encontrados
[pipeline] usando vocabulário pré-compartilhado — 38 tokens
[pipeline] construindo tensores para 28,599 sequências...
[pipeline] tensores: 2,859/28,599 (10%)
[pipeline] tensores: 5,718/28,599 (20%)
[pipeline] tensores: 8,577/28,599 (30%)
[pipeline] tensores: 11,436/28,599 (40%)
[pipeline] tensores: 14,295/28,599 (50%)
[pipeline] tensores: 17,154/28,599 (60%)
[pipeline] tensores: 20,013/28,599 (70%)
[pipeline] tensores: 22,872/28,599 (80%)
[pipeline] tensores: 25,731/28,599 (90%)
[pipeline] tensores: 28,590/28,599 (100%)
[pipeline] tensores prontos em 3.6s
[pipeline] concluído em 11.2s total — 28,599 pacientes | dist={0: 15892, 1: 318, 2: 120, 3: 9448, 4: 2821} | demográficos: age_mean=0.51 sex_M=13664/28599
[92mINFO [0m:      
[92mINFO [0m:      
[92mINFO [0m:      [RUN 3963248972974576500, ROUND 40]
[92mINFO [0m:      Sending: train message (ID: e00643ccf32abdde020391f478f9e519f8ec3fff2d8ff1c6436c995d3b0be289)
[92mINFO [0m:      Sent successfully
[92mINFO [0m:      
[92mINFO [0m:      [RUN 3963248972974576500, ROUND 40]
[92mINFO [0m:      Receiving: evaluate message (ID: c402938675b4713b94a005e9d8d881aaa94a0696ad53f6dc1792eb1c2e756049)
[92mINFO [0m:      Received successfully
[92mINFO [0m:      Start `flwr-clientapp` process
[pipeline] conectando ao banco: postgresql://mosaicfl:senhaForte@localhost:5432/mo...
[pipeline] conexão OK
[pipeline] executando query (max_seq_len=128 — pode levar alguns minutos)...
[pipeline] query concluída em 7.1s — 1,518,538 linhas
[pipeline] filtrado para hospital_id='BPSP' — 1,518,538 linhas
[pipeline] 28,599 atendimentos únicos encontrados
[pipeline] usando vocabulário pré-compartilhado — 38 tokens
[pipeline] construindo tensores para 28,599 sequências...
[pipeline] tensores: 2,859/28,599 (10%)
[pipeline] tensores: 5,718/28,599 (20%)
[pipeline] tensores: 8,577/28,599 (30%)
[pipeline] tensores: 11,436/28,599 (40%)
[pipeline] tensores: 14,295/28,599 (50%)
[pipeline] tensores: 17,154/28,599 (60%)
[pipeline] tensores: 20,013/28,599 (70%)
[pipeline] tensores: 22,872/28,599 (80%)
[pipeline] tensores: 25,731/28,599 (90%)
[pipeline] tensores: 28,590/28,599 (100%)
[pipeline] tensores prontos em 3.7s
[pipeline] concluído em 11.1s total — 28,599 pacientes | dist={0: 15892, 1: 318, 2: 120, 3: 9448, 4: 2821} | demográficos: age_mean=0.51 sex_M=13664/28599
[92mINFO [0m:      
[92mINFO [0m:      
[92mINFO [0m:      [RUN 3963248972974576500, ROUND 40]
[92mINFO [0m:      Sending: evaluate message (ID: 5c6c3c102b38631404d08c302ba05f18c3618c81488f0ffdc49d13e474792350)
[92mINFO [0m:      Sent successfully
[92mINFO [0m:      
[92mINFO [0m:      [RUN 3963248972974576500, ROUND 41]
[92mINFO [0m:      Receiving: train message (ID: 7c99f8f74107f47bf583ec18019a781eb49f413bdbc99ee28dc3916a0654d7ed)
[92mINFO [0m:      Received successfully
[92mINFO [0m:      Start `flwr-clientapp` process
[pipeline] conectando ao banco: postgresql://mosaicfl:senhaForte@localhost:5432/mo...
[pipeline] conexão OK
[pipeline] executando query (max_seq_len=128 — pode levar alguns minutos)...
[pipeline] query concluída em 7.1s — 1,518,538 linhas
[pipeline] filtrado para hospital_id='BPSP' — 1,518,538 linhas
[pipeline] 28,599 atendimentos únicos encontrados
[pipeline] usando vocabulário pré-compartilhado — 38 tokens
[pipeline] construindo tensores para 28,599 sequências...
[pipeline] tensores: 2,859/28,599 (10%)
[pipeline] tensores: 5,718/28,599 (20%)
[pipeline] tensores: 8,577/28,599 (30%)
[pipeline] tensores: 11,436/28,599 (40%)
[pipeline] tensores: 14,295/28,599 (50%)
[pipeline] tensores: 17,154/28,599 (60%)
[pipeline] tensores: 20,013/28,599 (70%)
[pipeline] tensores: 22,872/28,599 (80%)
[pipeline] tensores: 25,731/28,599 (90%)
[pipeline] tensores: 28,590/28,599 (100%)
[pipeline] tensores prontos em 3.6s
[pipeline] concluído em 11.0s total — 28,599 pacientes | dist={0: 15892, 1: 318, 2: 120, 3: 9448, 4: 2821} | demográficos: age_mean=0.51 sex_M=13664/28599
[92mINFO [0m:      
[92mINFO [0m:      [RUN 3963248972974576500, ROUND 41]
[92mINFO [0m:      Sending: train message (ID: cea8fe0fece6c56d015676aabcaca7d67ea789ff106f6fb7dddc4c10cb38cbf6)
[92mINFO [0m:      
[92mINFO [0m:      Sent successfully
[92mINFO [0m:      
[92mINFO [0m:      [RUN 3963248972974576500, ROUND 41]
[92mINFO [0m:      Receiving: evaluate message (ID: cfd886209591c8d08316221cbffdf1a908817d22e732e66bc1faa5fb931a9977)
[92mINFO [0m:      Received successfully
[92mINFO [0m:      Start `flwr-clientapp` process
[pipeline] conectando ao banco: postgresql://mosaicfl:senhaForte@localhost:5432/mo...
[pipeline] conexão OK
[pipeline] executando query (max_seq_len=128 — pode levar alguns minutos)...
[pipeline] query concluída em 7.1s — 1,518,538 linhas
[pipeline] filtrado para hospital_id='BPSP' — 1,518,538 linhas
[pipeline] 28,599 atendimentos únicos encontrados
[pipeline] usando vocabulário pré-compartilhado — 38 tokens
[pipeline] construindo tensores para 28,599 sequências...
[pipeline] tensores: 2,859/28,599 (10%)
[pipeline] tensores: 5,718/28,599 (20%)
[pipeline] tensores: 8,577/28,599 (30%)
[pipeline] tensores: 11,436/28,599 (40%)
[pipeline] tensores: 14,295/28,599 (50%)
[pipeline] tensores: 17,154/28,599 (60%)
[pipeline] tensores: 20,013/28,599 (70%)
[pipeline] tensores: 22,872/28,599 (80%)
[pipeline] tensores: 25,731/28,599 (90%)
[pipeline] tensores: 28,590/28,599 (100%)
[pipeline] tensores prontos em 3.6s
[pipeline] concluído em 11.1s total — 28,599 pacientes | dist={0: 15892, 1: 318, 2: 120, 3: 9448, 4: 2821} | demográficos: age_mean=0.51 sex_M=13664/28599
[92mINFO [0m:      
[92mINFO [0m:      
[92mINFO [0m:      [RUN 3963248972974576500, ROUND 41]
[92mINFO [0m:      Sending: evaluate message (ID: e81525907706f961796f5f508b29fec516174c200c645fd376f2b1dc1ee73be1)
[92mINFO [0m:      Sent successfully
[92mINFO [0m:      
[92mINFO [0m:      [RUN 3963248972974576500, ROUND 42]
[92mINFO [0m:      Receiving: train message (ID: 975f60bfa44a8867861ea172e5a7f0eba2d02c2f0398abeb32e3a49946ede384)
[92mINFO [0m:      Received successfully
[92mINFO [0m:      Start `flwr-clientapp` process
[pipeline] conectando ao banco: postgresql://mosaicfl:senhaForte@localhost:5432/mo...
[pipeline] conexão OK
[pipeline] executando query (max_seq_len=128 — pode levar alguns minutos)...
[pipeline] query concluída em 7.2s — 1,518,538 linhas
[pipeline] filtrado para hospital_id='BPSP' — 1,518,538 linhas
[pipeline] 28,599 atendimentos únicos encontrados
[pipeline] usando vocabulário pré-compartilhado — 38 tokens
[pipeline] construindo tensores para 28,599 sequências...
[pipeline] tensores: 2,859/28,599 (10%)
[pipeline] tensores: 5,718/28,599 (20%)
[pipeline] tensores: 8,577/28,599 (30%)
[pipeline] tensores: 11,436/28,599 (40%)
[pipeline] tensores: 14,295/28,599 (50%)
[pipeline] tensores: 17,154/28,599 (60%)
[pipeline] tensores: 20,013/28,599 (70%)
[pipeline] tensores: 22,872/28,599 (80%)
[pipeline] tensores: 25,731/28,599 (90%)
[pipeline] tensores: 28,590/28,599 (100%)
[pipeline] tensores prontos em 3.6s
[pipeline] concluído em 11.1s total — 28,599 pacientes | dist={0: 15892, 1: 318, 2: 120, 3: 9448, 4: 2821} | demográficos: age_mean=0.51 sex_M=13664/28599
[92mINFO [0m:      
[92mINFO [0m:      [RUN 3963248972974576500, ROUND 42]
[92mINFO [0m:      Sending: train message (ID: c8f2805d9d881d2e87ebb3caf5d872d334666bb2611b0627a0ef0f87c356507e)
[92mINFO [0m:      
[92mINFO [0m:      Sent successfully
[92mINFO [0m:      
[92mINFO [0m:      [RUN 3963248972974576500, ROUND 42]
[92mINFO [0m:      Receiving: evaluate message (ID: 8e183920f61614984895f10de1d14d1e16b90ae3222d6ff9850b009bf691da51)
[92mINFO [0m:      Received successfully
[92mINFO [0m:      Start `flwr-clientapp` process
[pipeline] conectando ao banco: postgresql://mosaicfl:senhaForte@localhost:5432/mo...
[pipeline] conexão OK
[pipeline] executando query (max_seq_len=128 — pode levar alguns minutos)...
[pipeline] query concluída em 7.2s — 1,518,538 linhas
[pipeline] filtrado para hospital_id='BPSP' — 1,518,538 linhas
[pipeline] 28,599 atendimentos únicos encontrados
[pipeline] usando vocabulário pré-compartilhado — 38 tokens
[pipeline] construindo tensores para 28,599 sequências...
[pipeline] tensores: 2,859/28,599 (10%)
[pipeline] tensores: 5,718/28,599 (20%)
[pipeline] tensores: 8,577/28,599 (30%)
[pipeline] tensores: 11,436/28,599 (40%)
[pipeline] tensores: 14,295/28,599 (50%)
[pipeline] tensores: 17,154/28,599 (60%)
[pipeline] tensores: 20,013/28,599 (70%)
[pipeline] tensores: 22,872/28,599 (80%)
[pipeline] tensores: 25,731/28,599 (90%)
[pipeline] tensores: 28,590/28,599 (100%)
[pipeline] tensores prontos em 3.6s
[pipeline] concluído em 11.2s total — 28,599 pacientes | dist={0: 15892, 1: 318, 2: 120, 3: 9448, 4: 2821} | demográficos: age_mean=0.51 sex_M=13664/28599
[92mINFO [0m:      
[92mINFO [0m:      [RUN 3963248972974576500, ROUND 42]
[92mINFO [0m:      Sending: evaluate message (ID: e7753899b7702305525d9cd3fa700b60ab0e6f5cf1adc9870e1fecd4dfeb3d45)
[92mINFO [0m:      Sent successfully
[92mINFO [0m:      
[92mINFO [0m:      
[92mINFO [0m:      [RUN 3963248972974576500, ROUND 43]
[92mINFO [0m:      Receiving: train message (ID: fa8434c8682af441435589356582dbece7553423fdb001eeb5426295d8063131)
[92mINFO [0m:      Received successfully
[92mINFO [0m:      Start `flwr-clientapp` process
[pipeline] conectando ao banco: postgresql://mosaicfl:senhaForte@localhost:5432/mo...
[pipeline] conexão OK
[pipeline] executando query (max_seq_len=128 — pode levar alguns minutos)...
[pipeline] query concluída em 7.1s — 1,518,538 linhas
[pipeline] filtrado para hospital_id='BPSP' — 1,518,538 linhas
[pipeline] 28,599 atendimentos únicos encontrados
[pipeline] usando vocabulário pré-compartilhado — 38 tokens
[pipeline] construindo tensores para 28,599 sequências...
[pipeline] tensores: 2,859/28,599 (10%)
[pipeline] tensores: 5,718/28,599 (20%)
[pipeline] tensores: 8,577/28,599 (30%)
[pipeline] tensores: 11,436/28,599 (40%)
[pipeline] tensores: 14,295/28,599 (50%)
[pipeline] tensores: 17,154/28,599 (60%)
[pipeline] tensores: 20,013/28,599 (70%)
[pipeline] tensores: 22,872/28,599 (80%)
[pipeline] tensores: 25,731/28,599 (90%)
[pipeline] tensores: 28,590/28,599 (100%)
[pipeline] tensores prontos em 3.7s
[pipeline] concluído em 11.2s total — 28,599 pacientes | dist={0: 15892, 1: 318, 2: 120, 3: 9448, 4: 2821} | demográficos: age_mean=0.51 sex_M=13664/28599
[92mINFO [0m:      
[92mINFO [0m:      
[92mINFO [0m:      [RUN 3963248972974576500, ROUND 43]
[92mINFO [0m:      Sending: train message (ID: f169a94d451ba85230d13b0f9784eb11282e0d6479b4434a059ebaa3dcd0297b)
[92mINFO [0m:      Sent successfully
[92mINFO [0m:      
[92mINFO [0m:      [RUN 3963248972974576500, ROUND 43]
[92mINFO [0m:      Receiving: evaluate message (ID: d810461dc58c69e4120cb5a429bfc491a48af9c341655964350509f8efdb931a)
[92mINFO [0m:      Received successfully
[92mINFO [0m:      Start `flwr-clientapp` process
[pipeline] conectando ao banco: postgresql://mosaicfl:senhaForte@localhost:5432/mo...
[pipeline] conexão OK
[pipeline] executando query (max_seq_len=128 — pode levar alguns minutos)...
[pipeline] query concluída em 7.3s — 1,518,538 linhas
[pipeline] filtrado para hospital_id='BPSP' — 1,518,538 linhas
[pipeline] 28,599 atendimentos únicos encontrados
[pipeline] usando vocabulário pré-compartilhado — 38 tokens
[pipeline] construindo tensores para 28,599 sequências...
[pipeline] tensores: 2,859/28,599 (10%)
[pipeline] tensores: 5,718/28,599 (20%)
[pipeline] tensores: 8,577/28,599 (30%)
[pipeline] tensores: 11,436/28,599 (40%)
[pipeline] tensores: 14,295/28,599 (50%)
[pipeline] tensores: 17,154/28,599 (60%)
[pipeline] tensores: 20,013/28,599 (70%)
[pipeline] tensores: 22,872/28,599 (80%)
[pipeline] tensores: 25,731/28,599 (90%)
[pipeline] tensores: 28,590/28,599 (100%)
[pipeline] tensores prontos em 3.6s
[pipeline] concluído em 11.2s total — 28,599 pacientes | dist={0: 15892, 1: 318, 2: 120, 3: 9448, 4: 2821} | demográficos: age_mean=0.51 sex_M=13664/28599
[92mINFO [0m:      
[92mINFO [0m:      [RUN 3963248972974576500, ROUND 43]
[92mINFO [0m:      Sending: evaluate message (ID: 8dc8a6e32c5555570970e8c0c2349b0942c8ca908d318a76eab948f29cb02f8c)
[92mINFO [0m:      Sent successfully
[92mINFO [0m:      
[92mINFO [0m:      
[92mINFO [0m:      [RUN 3963248972974576500, ROUND 44]
[92mINFO [0m:      Receiving: train message (ID: 513e5bf1f4ff392b910a6688f77c484f7e303e1a070e298c5187847b3fac074f)
[92mINFO [0m:      Received successfully
[92mINFO [0m:      Start `flwr-clientapp` process
[pipeline] conectando ao banco: postgresql://mosaicfl:senhaForte@localhost:5432/mo...
[pipeline] conexão OK
[pipeline] executando query (max_seq_len=128 — pode levar alguns minutos)...
[pipeline] query concluída em 7.1s — 1,518,538 linhas
[pipeline] filtrado para hospital_id='BPSP' — 1,518,538 linhas
[pipeline] 28,599 atendimentos únicos encontrados
[pipeline] usando vocabulário pré-compartilhado — 38 tokens
[pipeline] construindo tensores para 28,599 sequências...
[pipeline] tensores: 2,859/28,599 (10%)
[pipeline] tensores: 5,718/28,599 (20%)
[pipeline] tensores: 8,577/28,599 (30%)
[pipeline] tensores: 11,436/28,599 (40%)
[pipeline] tensores: 14,295/28,599 (50%)
[pipeline] tensores: 17,154/28,599 (60%)
[pipeline] tensores: 20,013/28,599 (70%)
[pipeline] tensores: 22,872/28,599 (80%)
[pipeline] tensores: 25,731/28,599 (90%)
[pipeline] tensores: 28,590/28,599 (100%)
[pipeline] tensores prontos em 3.6s
[pipeline] concluído em 11.1s total — 28,599 pacientes | dist={0: 15892, 1: 318, 2: 120, 3: 9448, 4: 2821} | demográficos: age_mean=0.51 sex_M=13664/28599
[92mINFO [0m:      
[92mINFO [0m:      
[92mINFO [0m:      [RUN 3963248972974576500, ROUND 44]
[92mINFO [0m:      Sending: train message (ID: 423c42cff69855bcd95d560eff9dafda0f75b7e2048803c6876051ad465ab6af)
[92mINFO [0m:      Sent successfully
[92mINFO [0m:      
[92mINFO [0m:      [RUN 3963248972974576500, ROUND 44]
[92mINFO [0m:      Receiving: evaluate message (ID: 26f96c4d7faff42ca66b162ebf06fbc3e59c6e151d6d42ab63aaae8745207c94)
[92mINFO [0m:      Received successfully
[92mINFO [0m:      Start `flwr-clientapp` process
[pipeline] conectando ao banco: postgresql://mosaicfl:senhaForte@localhost:5432/mo...
[pipeline] conexão OK
[pipeline] executando query (max_seq_len=128 — pode levar alguns minutos)...
[pipeline] query concluída em 7.2s — 1,518,538 linhas
[pipeline] filtrado para hospital_id='BPSP' — 1,518,538 linhas
[pipeline] 28,599 atendimentos únicos encontrados
[pipeline] usando vocabulário pré-compartilhado — 38 tokens
[pipeline] construindo tensores para 28,599 sequências...
[pipeline] tensores: 2,859/28,599 (10%)
[pipeline] tensores: 5,718/28,599 (20%)
[pipeline] tensores: 8,577/28,599 (30%)
[pipeline] tensores: 11,436/28,599 (40%)
[pipeline] tensores: 14,295/28,599 (50%)
[pipeline] tensores: 17,154/28,599 (60%)
[pipeline] tensores: 20,013/28,599 (70%)
[pipeline] tensores: 22,872/28,599 (80%)
[pipeline] tensores: 25,731/28,599 (90%)
[pipeline] tensores: 28,590/28,599 (100%)
[pipeline] tensores prontos em 3.6s
[pipeline] concluído em 11.1s total — 28,599 pacientes | dist={0: 15892, 1: 318, 2: 120, 3: 9448, 4: 2821} | demográficos: age_mean=0.51 sex_M=13664/28599
[92mINFO [0m:      
[92mINFO [0m:      [RUN 3963248972974576500, ROUND 44]
[92mINFO [0m:      Sending: evaluate message (ID: 7d886434bfcdf804169f9de44fc3282f468f1964b356a802e7da79e496bf8617)
[92mINFO [0m:      Sent successfully
[92mINFO [0m:      
[92mINFO [0m:      
[92mINFO [0m:      [RUN 3963248972974576500, ROUND 45]
[92mINFO [0m:      Receiving: train message (ID: bc567658e68921101e976c5cdf228b7197fcfb200c2a9f11f07ea949df1c09ed)
[92mINFO [0m:      Received successfully
[92mINFO [0m:      Start `flwr-clientapp` process
[pipeline] conectando ao banco: postgresql://mosaicfl:senhaForte@localhost:5432/mo...
[pipeline] conexão OK
[pipeline] executando query (max_seq_len=128 — pode levar alguns minutos)...
[pipeline] query concluída em 7.3s — 1,518,538 linhas
[pipeline] filtrado para hospital_id='BPSP' — 1,518,538 linhas
[pipeline] 28,599 atendimentos únicos encontrados
[pipeline] usando vocabulário pré-compartilhado — 38 tokens
[pipeline] construindo tensores para 28,599 sequências...
[pipeline] tensores: 2,859/28,599 (10%)
[pipeline] tensores: 5,718/28,599 (20%)
[pipeline] tensores: 8,577/28,599 (30%)
[pipeline] tensores: 11,436/28,599 (40%)
[pipeline] tensores: 14,295/28,599 (50%)
[pipeline] tensores: 17,154/28,599 (60%)
[pipeline] tensores: 20,013/28,599 (70%)
[pipeline] tensores: 22,872/28,599 (80%)
[pipeline] tensores: 25,731/28,599 (90%)
[pipeline] tensores: 28,590/28,599 (100%)
[pipeline] tensores prontos em 3.7s
[pipeline] concluído em 11.4s total — 28,599 pacientes | dist={0: 15892, 1: 318, 2: 120, 3: 9448, 4: 2821} | demográficos: age_mean=0.51 sex_M=13664/28599
[92mINFO [0m:      
[92mINFO [0m:      [RUN 3963248972974576500, ROUND 45]
[92mINFO [0m:      Sending: train message (ID: d3ac61e7e2897a30f87d474ca6ea1544d1f5a467ebfa83e4b61ce6d214edcd03)
[92mINFO [0m:      
[92mINFO [0m:      Sent successfully
[92mINFO [0m:      
[92mINFO [0m:      [RUN 3963248972974576500, ROUND 45]
[92mINFO [0m:      Receiving: evaluate message (ID: 4a2cddbd681fbd0acca76fcfd6fca10d89cf52dad8cfae338432df0a8571c40a)
[92mINFO [0m:      Received successfully
[92mINFO [0m:      Start `flwr-clientapp` process
[pipeline] conectando ao banco: postgresql://mosaicfl:senhaForte@localhost:5432/mo...
[pipeline] conexão OK
[pipeline] executando query (max_seq_len=128 — pode levar alguns minutos)...
[pipeline] query concluída em 7.2s — 1,518,538 linhas
[pipeline] filtrado para hospital_id='BPSP' — 1,518,538 linhas
[pipeline] 28,599 atendimentos únicos encontrados
[pipeline] usando vocabulário pré-compartilhado — 38 tokens
[pipeline] construindo tensores para 28,599 sequências...
[pipeline] tensores: 2,859/28,599 (10%)
[pipeline] tensores: 5,718/28,599 (20%)
[pipeline] tensores: 8,577/28,599 (30%)
[pipeline] tensores: 11,436/28,599 (40%)
[pipeline] tensores: 14,295/28,599 (50%)
[pipeline] tensores: 17,154/28,599 (60%)
[pipeline] tensores: 20,013/28,599 (70%)
[pipeline] tensores: 22,872/28,599 (80%)
[pipeline] tensores: 25,731/28,599 (90%)
[pipeline] tensores: 28,590/28,599 (100%)
[pipeline] tensores prontos em 3.7s
[pipeline] concluído em 11.2s total — 28,599 pacientes | dist={0: 15892, 1: 318, 2: 120, 3: 9448, 4: 2821} | demográficos: age_mean=0.51 sex_M=13664/28599
[92mINFO [0m:      
[92mINFO [0m:      
[92mINFO [0m:      [RUN 3963248972974576500, ROUND 45]
[92mINFO [0m:      Sending: evaluate message (ID: 676e8345901f2177d227ad9c24fcb06daf5f98d59bbb95d4764cc0c4f75b8ee8)
[92mINFO [0m:      Sent successfully
[92mINFO [0m:      
[92mINFO [0m:      [RUN 3963248972974576500, ROUND 46]
[92mINFO [0m:      Receiving: train message (ID: 957ad4c16e60c135021d715050db4ef6e6a900e7852934edec08a84caeb03ab1)
[92mINFO [0m:      Received successfully
[92mINFO [0m:      Start `flwr-clientapp` process
[pipeline] conectando ao banco: postgresql://mosaicfl:senhaForte@localhost:5432/mo...
[pipeline] conexão OK
[pipeline] executando query (max_seq_len=128 — pode levar alguns minutos)...
[pipeline] query concluída em 7.1s — 1,518,538 linhas
[pipeline] filtrado para hospital_id='BPSP' — 1,518,538 linhas
[pipeline] 28,599 atendimentos únicos encontrados
[pipeline] usando vocabulário pré-compartilhado — 38 tokens
[pipeline] construindo tensores para 28,599 sequências...
[pipeline] tensores: 2,859/28,599 (10%)
[pipeline] tensores: 5,718/28,599 (20%)
[pipeline] tensores: 8,577/28,599 (30%)
[pipeline] tensores: 11,436/28,599 (40%)
[pipeline] tensores: 14,295/28,599 (50%)
[pipeline] tensores: 17,154/28,599 (60%)
[pipeline] tensores: 20,013/28,599 (70%)
[pipeline] tensores: 22,872/28,599 (80%)
[pipeline] tensores: 25,731/28,599 (90%)
[pipeline] tensores: 28,590/28,599 (100%)
[pipeline] tensores prontos em 3.6s
[pipeline] concluído em 11.0s total — 28,599 pacientes | dist={0: 15892, 1: 318, 2: 120, 3: 9448, 4: 2821} | demográficos: age_mean=0.51 sex_M=13664/28599
[92mINFO [0m:      
[92mINFO [0m:      [RUN 3963248972974576500, ROUND 46]
[92mINFO [0m:      Sending: train message (ID: ecdcffe6685dabb2d29f690bb2bbf30dff63221b71e880e61ea2e2b7348327f9)
[92mINFO [0m:      
[92mINFO [0m:      Sent successfully
[92mINFO [0m:      
[92mINFO [0m:      [RUN 3963248972974576500, ROUND 46]
[92mINFO [0m:      Receiving: evaluate message (ID: 95273dd1b7092fa689dccff0516b66d57b1ddfe86e5bd4d0875ad2059ee59b6e)
[92mINFO [0m:      Received successfully
[92mINFO [0m:      Start `flwr-clientapp` process
[pipeline] conectando ao banco: postgresql://mosaicfl:senhaForte@localhost:5432/mo...
[pipeline] conexão OK
[pipeline] executando query (max_seq_len=128 — pode levar alguns minutos)...
[pipeline] query concluída em 7.1s — 1,518,538 linhas
[pipeline] filtrado para hospital_id='BPSP' — 1,518,538 linhas
[pipeline] 28,599 atendimentos únicos encontrados
[pipeline] usando vocabulário pré-compartilhado — 38 tokens
[pipeline] construindo tensores para 28,599 sequências...
[pipeline] tensores: 2,859/28,599 (10%)
[pipeline] tensores: 5,718/28,599 (20%)
[pipeline] tensores: 8,577/28,599 (30%)
[pipeline] tensores: 11,436/28,599 (40%)
[pipeline] tensores: 14,295/28,599 (50%)
[pipeline] tensores: 17,154/28,599 (60%)
[pipeline] tensores: 20,013/28,599 (70%)
[pipeline] tensores: 22,872/28,599 (80%)
[pipeline] tensores: 25,731/28,599 (90%)
[pipeline] tensores: 28,590/28,599 (100%)
[pipeline] tensores prontos em 3.5s
[pipeline] concluído em 11.0s total — 28,599 pacientes | dist={0: 15892, 1: 318, 2: 120, 3: 9448, 4: 2821} | demográficos: age_mean=0.51 sex_M=13664/28599
[92mINFO [0m:      
[92mINFO [0m:      [RUN 3963248972974576500, ROUND 46]
[92mINFO [0m:      Sending: evaluate message (ID: 8b6c61466cacf6b102352e5da1e7a741db852b4b6d4bb59008f1d69fbb5a0cfd)
[92mINFO [0m:      
[92mINFO [0m:      Sent successfully
[92mINFO [0m:      
[92mINFO [0m:      [RUN 3963248972974576500, ROUND 47]
[92mINFO [0m:      Receiving: train message (ID: 796e565bff84ada71c49885279412ee2f9ae912a8f4bcd469c7db558917ed1a4)
[92mINFO [0m:      Received successfully
[92mINFO [0m:      Start `flwr-clientapp` process
[pipeline] conectando ao banco: postgresql://mosaicfl:senhaForte@localhost:5432/mo...
[pipeline] conexão OK
[pipeline] executando query (max_seq_len=128 — pode levar alguns minutos)...
[pipeline] query concluída em 7.3s — 1,518,538 linhas
[pipeline] filtrado para hospital_id='BPSP' — 1,518,538 linhas
[pipeline] 28,599 atendimentos únicos encontrados
[pipeline] usando vocabulário pré-compartilhado — 38 tokens
[pipeline] construindo tensores para 28,599 sequências...
[pipeline] tensores: 2,859/28,599 (10%)
[pipeline] tensores: 5,718/28,599 (20%)
[pipeline] tensores: 8,577/28,599 (30%)
[pipeline] tensores: 11,436/28,599 (40%)
[pipeline] tensores: 14,295/28,599 (50%)
[pipeline] tensores: 17,154/28,599 (60%)
[pipeline] tensores: 20,013/28,599 (70%)
[pipeline] tensores: 22,872/28,599 (80%)
[pipeline] tensores: 25,731/28,599 (90%)
[pipeline] tensores: 28,590/28,599 (100%)
[pipeline] tensores prontos em 3.7s
[pipeline] concluído em 11.3s total — 28,599 pacientes | dist={0: 15892, 1: 318, 2: 120, 3: 9448, 4: 2821} | demográficos: age_mean=0.51 sex_M=13664/28599
[92mINFO [0m:      
[92mINFO [0m:      
[92mINFO [0m:      [RUN 3963248972974576500, ROUND 47]
[92mINFO [0m:      Sending: train message (ID: 79b4a2a19dbeebab59965f2e6087141d6cba3b55bf2ff816a5b51ca0702ea977)
[92mINFO [0m:      Sent successfully
[92mINFO [0m:      
[92mINFO [0m:      [RUN 3963248972974576500, ROUND 47]
[92mINFO [0m:      Receiving: evaluate message (ID: 6e454895d3b2ea993620b15021a98590c674cd639a12ea1524429af4929032e8)
[92mINFO [0m:      Received successfully
[92mINFO [0m:      Start `flwr-clientapp` process
[pipeline] conectando ao banco: postgresql://mosaicfl:senhaForte@localhost:5432/mo...
[pipeline] conexão OK
[pipeline] executando query (max_seq_len=128 — pode levar alguns minutos)...
[pipeline] query concluída em 7.2s — 1,518,538 linhas
[pipeline] filtrado para hospital_id='BPSP' — 1,518,538 linhas
[pipeline] 28,599 atendimentos únicos encontrados
[pipeline] usando vocabulário pré-compartilhado — 38 tokens
[pipeline] construindo tensores para 28,599 sequências...
[pipeline] tensores: 2,859/28,599 (10%)
[pipeline] tensores: 5,718/28,599 (20%)
[pipeline] tensores: 8,577/28,599 (30%)
[pipeline] tensores: 11,436/28,599 (40%)
[pipeline] tensores: 14,295/28,599 (50%)
[pipeline] tensores: 17,154/28,599 (60%)
[pipeline] tensores: 20,013/28,599 (70%)
[pipeline] tensores: 22,872/28,599 (80%)
[pipeline] tensores: 25,731/28,599 (90%)
[pipeline] tensores: 28,590/28,599 (100%)
[pipeline] tensores prontos em 3.6s
[pipeline] concluído em 11.2s total — 28,599 pacientes | dist={0: 15892, 1: 318, 2: 120, 3: 9448, 4: 2821} | demográficos: age_mean=0.51 sex_M=13664/28599
[92mINFO [0m:      
[92mINFO [0m:      
[92mINFO [0m:      [RUN 3963248972974576500, ROUND 47]
[92mINFO [0m:      Sending: evaluate message (ID: ba3f10073074396832131513b6c8e73829b3de8e179719c78f9445b61031b6ef)
[92mINFO [0m:      Sent successfully
[92mINFO [0m:      
[92mINFO [0m:      [RUN 3963248972974576500, ROUND 48]
[92mINFO [0m:      Receiving: train message (ID: b0608b12c09cd7e65271d9e5bc7bc6eff58845b8eff37aa7ff23bfcce52c0a99)
[92mINFO [0m:      Received successfully
[92mINFO [0m:      Start `flwr-clientapp` process
[pipeline] conectando ao banco: postgresql://mosaicfl:senhaForte@localhost:5432/mo...
[pipeline] conexão OK
[pipeline] executando query (max_seq_len=128 — pode levar alguns minutos)...
[pipeline] query concluída em 7.1s — 1,518,538 linhas
[pipeline] filtrado para hospital_id='BPSP' — 1,518,538 linhas
[pipeline] 28,599 atendimentos únicos encontrados
[pipeline] usando vocabulário pré-compartilhado — 38 tokens
[pipeline] construindo tensores para 28,599 sequências...
[pipeline] tensores: 2,859/28,599 (10%)
[pipeline] tensores: 5,718/28,599 (20%)
[pipeline] tensores: 8,577/28,599 (30%)
[pipeline] tensores: 11,436/28,599 (40%)
[pipeline] tensores: 14,295/28,599 (50%)
[pipeline] tensores: 17,154/28,599 (60%)
[pipeline] tensores: 20,013/28,599 (70%)
[pipeline] tensores: 22,872/28,599 (80%)
[pipeline] tensores: 25,731/28,599 (90%)
[pipeline] tensores: 28,590/28,599 (100%)
[pipeline] tensores prontos em 3.6s
[pipeline] concluído em 11.1s total — 28,599 pacientes | dist={0: 15892, 1: 318, 2: 120, 3: 9448, 4: 2821} | demográficos: age_mean=0.51 sex_M=13664/28599
[92mINFO [0m:      
[92mINFO [0m:      
[92mINFO [0m:      [RUN 3963248972974576500, ROUND 48]
[92mINFO [0m:      Sending: train message (ID: 6e17c66ad4b65120195d417b15ba8ed395f3626395d6576fcff5d7b226ced6ef)
[92mINFO [0m:      Sent successfully
[92mINFO [0m:      
[92mINFO [0m:      [RUN 3963248972974576500, ROUND 48]
[92mINFO [0m:      Receiving: evaluate message (ID: b16365d09a4b64ba7d94df4e9923bf3479f32065afd94d1bb8be8a613b901a57)
[92mINFO [0m:      Received successfully
[92mINFO [0m:      Start `flwr-clientapp` process
[pipeline] conectando ao banco: postgresql://mosaicfl:senhaForte@localhost:5432/mo...
[pipeline] conexão OK
[pipeline] executando query (max_seq_len=128 — pode levar alguns minutos)...
[pipeline] query concluída em 7.1s — 1,518,538 linhas
[pipeline] filtrado para hospital_id='BPSP' — 1,518,538 linhas
[pipeline] 28,599 atendimentos únicos encontrados
[pipeline] usando vocabulário pré-compartilhado — 38 tokens
[pipeline] construindo tensores para 28,599 sequências...
[pipeline] tensores: 2,859/28,599 (10%)
[pipeline] tensores: 5,718/28,599 (20%)
[pipeline] tensores: 8,577/28,599 (30%)
[pipeline] tensores: 11,436/28,599 (40%)
[pipeline] tensores: 14,295/28,599 (50%)
[pipeline] tensores: 17,154/28,599 (60%)
[pipeline] tensores: 20,013/28,599 (70%)
[pipeline] tensores: 22,872/28,599 (80%)
[pipeline] tensores: 25,731/28,599 (90%)
[pipeline] tensores: 28,590/28,599 (100%)
[pipeline] tensores prontos em 3.5s
[pipeline] concluído em 11.0s total — 28,599 pacientes | dist={0: 15892, 1: 318, 2: 120, 3: 9448, 4: 2821} | demográficos: age_mean=0.51 sex_M=13664/28599
[92mINFO [0m:      
[92mINFO [0m:      
[92mINFO [0m:      [RUN 3963248972974576500, ROUND 48]
[92mINFO [0m:      Sending: evaluate message (ID: 4838be35c71fbb70bbc085988b454920d92722be2505d6d5b016107e4de38707)
[92mINFO [0m:      Sent successfully
[92mINFO [0m:      
[92mINFO [0m:      [RUN 3963248972974576500, ROUND 49]
[92mINFO [0m:      Receiving: train message (ID: 96497ba5696200c3a43cc6d54b7d7b7d18f605bd29d180d594f46e9c2e74f789)
[92mINFO [0m:      Received successfully
[92mINFO [0m:      Start `flwr-clientapp` process
[pipeline] conectando ao banco: postgresql://mosaicfl:senhaForte@localhost:5432/mo...
[pipeline] conexão OK
[pipeline] executando query (max_seq_len=128 — pode levar alguns minutos)...
[pipeline] query concluída em 7.2s — 1,518,538 linhas
[pipeline] filtrado para hospital_id='BPSP' — 1,518,538 linhas
[pipeline] 28,599 atendimentos únicos encontrados
[pipeline] usando vocabulário pré-compartilhado — 38 tokens
[pipeline] construindo tensores para 28,599 sequências...
[pipeline] tensores: 2,859/28,599 (10%)
[pipeline] tensores: 5,718/28,599 (20%)
[pipeline] tensores: 8,577/28,599 (30%)
[pipeline] tensores: 11,436/28,599 (40%)
[pipeline] tensores: 14,295/28,599 (50%)
[pipeline] tensores: 17,154/28,599 (60%)
[pipeline] tensores: 20,013/28,599 (70%)
[pipeline] tensores: 22,872/28,599 (80%)
[pipeline] tensores: 25,731/28,599 (90%)
[pipeline] tensores: 28,590/28,599 (100%)
[pipeline] tensores prontos em 3.6s
[pipeline] concluído em 11.1s total — 28,599 pacientes | dist={0: 15892, 1: 318, 2: 120, 3: 9448, 4: 2821} | demográficos: age_mean=0.51 sex_M=13664/28599
[92mINFO [0m:      
[92mINFO [0m:      
[92mINFO [0m:      [RUN 3963248972974576500, ROUND 49]
[92mINFO [0m:      Sending: train message (ID: f9890f622cb01bbecf5de47e9abd2e582cb5a2215a925e22691967ce75072634)
[92mINFO [0m:      Sent successfully
[92mINFO [0m:      
[92mINFO [0m:      [RUN 3963248972974576500, ROUND 49]
[92mINFO [0m:      Receiving: evaluate message (ID: 8f08f8fd4eb4e961f2ad01ef1fb41980cdaac71c7675594a15f91247f8e499cf)
[92mINFO [0m:      Received successfully
[92mINFO [0m:      Start `flwr-clientapp` process
[pipeline] conectando ao banco: postgresql://mosaicfl:senhaForte@localhost:5432/mo...
[pipeline] conexão OK
[pipeline] executando query (max_seq_len=128 — pode levar alguns minutos)...
[pipeline] query concluída em 7.1s — 1,518,538 linhas
[pipeline] filtrado para hospital_id='BPSP' — 1,518,538 linhas
[pipeline] 28,599 atendimentos únicos encontrados
[pipeline] usando vocabulário pré-compartilhado — 38 tokens
[pipeline] construindo tensores para 28,599 sequências...
[pipeline] tensores: 2,859/28,599 (10%)
[pipeline] tensores: 5,718/28,599 (20%)
[pipeline] tensores: 8,577/28,599 (30%)
[pipeline] tensores: 11,436/28,599 (40%)
[pipeline] tensores: 14,295/28,599 (50%)
[pipeline] tensores: 17,154/28,599 (60%)
[pipeline] tensores: 20,013/28,599 (70%)
[pipeline] tensores: 22,872/28,599 (80%)
[pipeline] tensores: 25,731/28,599 (90%)
[pipeline] tensores: 28,590/28,599 (100%)
[pipeline] tensores prontos em 3.6s
[pipeline] concluído em 11.1s total — 28,599 pacientes | dist={0: 15892, 1: 318, 2: 120, 3: 9448, 4: 2821} | demográficos: age_mean=0.51 sex_M=13664/28599
[92mINFO [0m:      
[92mINFO [0m:      [RUN 3963248972974576500, ROUND 49]
[92mINFO [0m:      Sending: evaluate message (ID: 0b778c4da4a25b1e4d246c9c8fc88920465d7d5a8ccddbb2323de544ad1bd27b)
[92mINFO [0m:      Sent successfully
[92mINFO [0m:      
[92mINFO [0m:      
[92mINFO [0m:      [RUN 3963248972974576500, ROUND 50]
[92mINFO [0m:      Receiving: train message (ID: 82a6a039e79bbfe95afe6cc0f906ad9b751474511b3b9229ff9e70325e8c6a64)
[92mINFO [0m:      Received successfully
[92mINFO [0m:      Start `flwr-clientapp` process
[pipeline] conectando ao banco: postgresql://mosaicfl:senhaForte@localhost:5432/mo...
[pipeline] conexão OK
[pipeline] executando query (max_seq_len=128 — pode levar alguns minutos)...
[pipeline] query concluída em 7.1s — 1,518,538 linhas
[pipeline] filtrado para hospital_id='BPSP' — 1,518,538 linhas
[pipeline] 28,599 atendimentos únicos encontrados
[pipeline] usando vocabulário pré-compartilhado — 38 tokens
[pipeline] construindo tensores para 28,599 sequências...
[pipeline] tensores: 2,859/28,599 (10%)
[pipeline] tensores: 5,718/28,599 (20%)
[pipeline] tensores: 8,577/28,599 (30%)
[pipeline] tensores: 11,436/28,599 (40%)
[pipeline] tensores: 14,295/28,599 (50%)
[pipeline] tensores: 17,154/28,599 (60%)
[pipeline] tensores: 20,013/28,599 (70%)
[pipeline] tensores: 22,872/28,599 (80%)
[pipeline] tensores: 25,731/28,599 (90%)
[pipeline] tensores: 28,590/28,599 (100%)
[pipeline] tensores prontos em 3.6s
[pipeline] concluído em 11.1s total — 28,599 pacientes | dist={0: 15892, 1: 318, 2: 120, 3: 9448, 4: 2821} | demográficos: age_mean=0.51 sex_M=13664/28599
[92mINFO [0m:      
[92mINFO [0m:      
[92mINFO [0m:      [RUN 3963248972974576500, ROUND 50]
[92mINFO [0m:      Sending: train message (ID: efc9dee321632c0a83e70504d27f11241c27fc7c79773df726b395027be0ffa4)
[92mINFO [0m:      Sent successfully
[92mINFO [0m:      
[92mINFO [0m:      [RUN 3963248972974576500, ROUND 50]
[92mINFO [0m:      Receiving: evaluate message (ID: bbc4eb1cd9bbf5d5ad74bc5b4f358d08d14af9848e9ef1cbfdb2d5cd37e9779a)
[92mINFO [0m:      Received successfully
[92mINFO [0m:      Start `flwr-clientapp` process
[pipeline] conectando ao banco: postgresql://mosaicfl:senhaForte@localhost:5432/mo...
[pipeline] conexão OK
[pipeline] executando query (max_seq_len=128 — pode levar alguns minutos)...
[pipeline] query concluída em 7.1s — 1,518,538 linhas
[pipeline] filtrado para hospital_id='BPSP' — 1,518,538 linhas
[pipeline] 28,599 atendimentos únicos encontrados
[pipeline] usando vocabulário pré-compartilhado — 38 tokens
[pipeline] construindo tensores para 28,599 sequências...
[pipeline] tensores: 2,859/28,599 (10%)
[pipeline] tensores: 5,718/28,599 (20%)
[pipeline] tensores: 8,577/28,599 (30%)
[pipeline] tensores: 11,436/28,599 (40%)
[pipeline] tensores: 14,295/28,599 (50%)
[pipeline] tensores: 17,154/28,599 (60%)
[pipeline] tensores: 20,013/28,599 (70%)
[pipeline] tensores: 22,872/28,599 (80%)
[pipeline] tensores: 25,731/28,599 (90%)
[pipeline] tensores: 28,590/28,599 (100%)
[pipeline] tensores prontos em 3.6s
[pipeline] concluído em 11.1s total — 28,599 pacientes | dist={0: 15892, 1: 318, 2: 120, 3: 9448, 4: 2821} | demográficos: age_mean=0.51 sex_M=13664/28599
[92mINFO [0m:      
[92mINFO [0m:      
[92mINFO [0m:      [RUN 3963248972974576500, ROUND 50]
[92mINFO [0m:      Sending: evaluate message (ID: 598e40463207dde210aeb72694b320326b38b37f508da3c8436b9af0b4aead8b)
[92mINFO [0m:      Sent successfully
[92mINFO [0m:      
[92mINFO [0m:      [RUN 3963248972974576500, ROUND 51]
[92mINFO [0m:      Receiving: train message (ID: 141caba9c888e4a81eec56930143d8142fdcaca49cc5b4bf60ec2c577a7e7661)
[92mINFO [0m:      Received successfully
[92mINFO [0m:      Start `flwr-clientapp` process
[pipeline] conectando ao banco: postgresql://mosaicfl:senhaForte@localhost:5432/mo...
[pipeline] conexão OK
[pipeline] executando query (max_seq_len=128 — pode levar alguns minutos)...
[pipeline] query concluída em 7.1s — 1,518,538 linhas
[pipeline] filtrado para hospital_id='BPSP' — 1,518,538 linhas
[pipeline] 28,599 atendimentos únicos encontrados
[pipeline] usando vocabulário pré-compartilhado — 38 tokens
[pipeline] construindo tensores para 28,599 sequências...
[pipeline] tensores: 2,859/28,599 (10%)
[pipeline] tensores: 5,718/28,599 (20%)
[pipeline] tensores: 8,577/28,599 (30%)
[pipeline] tensores: 11,436/28,599 (40%)
[pipeline] tensores: 14,295/28,599 (50%)
[pipeline] tensores: 17,154/28,599 (60%)
[pipeline] tensores: 20,013/28,599 (70%)
[pipeline] tensores: 22,872/28,599 (80%)
[pipeline] tensores: 25,731/28,599 (90%)
[pipeline] tensores: 28,590/28,599 (100%)
[pipeline] tensores prontos em 3.5s
[pipeline] concluído em 11.0s total — 28,599 pacientes | dist={0: 15892, 1: 318, 2: 120, 3: 9448, 4: 2821} | demográficos: age_mean=0.51 sex_M=13664/28599
[92mINFO [0m:      
[92mINFO [0m:      
[92mINFO [0m:      [RUN 3963248972974576500, ROUND 51]
[92mINFO [0m:      Sending: train message (ID: ea4fd854a0e0ce92fdf39a2c98100ae45590411b22840ccaa8c52976dce5787d)
[92mINFO [0m:      Sent successfully
[92mINFO [0m:      
[92mINFO [0m:      [RUN 3963248972974576500, ROUND 51]
[92mINFO [0m:      Receiving: evaluate message (ID: b3e3e1bde3db128568eea76a384a9bb5b250d1c46decbe9218dd2e86ac2352e8)
[92mINFO [0m:      Received successfully
[92mINFO [0m:      Start `flwr-clientapp` process
[pipeline] conectando ao banco: postgresql://mosaicfl:senhaForte@localhost:5432/mo...
[pipeline] conexão OK
[pipeline] executando query (max_seq_len=128 — pode levar alguns minutos)...
[pipeline] query concluída em 7.1s — 1,518,538 linhas
[pipeline] filtrado para hospital_id='BPSP' — 1,518,538 linhas
[pipeline] 28,599 atendimentos únicos encontrados
[pipeline] usando vocabulário pré-compartilhado — 38 tokens
[pipeline] construindo tensores para 28,599 sequências...
[pipeline] tensores: 2,859/28,599 (10%)
[pipeline] tensores: 5,718/28,599 (20%)
[pipeline] tensores: 8,577/28,599 (30%)
[pipeline] tensores: 11,436/28,599 (40%)
[pipeline] tensores: 14,295/28,599 (50%)
[pipeline] tensores: 17,154/28,599 (60%)
[pipeline] tensores: 20,013/28,599 (70%)
[pipeline] tensores: 22,872/28,599 (80%)
[pipeline] tensores: 25,731/28,599 (90%)
[pipeline] tensores: 28,590/28,599 (100%)
[pipeline] tensores prontos em 3.6s
[pipeline] concluído em 11.1s total — 28,599 pacientes | dist={0: 15892, 1: 318, 2: 120, 3: 9448, 4: 2821} | demográficos: age_mean=0.51 sex_M=13664/28599
[92mINFO [0m:      
[92mINFO [0m:      
[92mINFO [0m:      [RUN 3963248972974576500, ROUND 51]
[92mINFO [0m:      Sending: evaluate message (ID: 7694f62c903032343c0c7c4514cf62df88e77f12f1596baffdf4e5c80b364034)
[92mINFO [0m:      Sent successfully
[92mINFO [0m:      
[92mINFO [0m:      [RUN 3963248972974576500, ROUND 52]
[92mINFO [0m:      Receiving: train message (ID: 644f6711604cc827b5b8d6638af80ab66e8aeae0b5ead64581e1a93f22f75257)
[92mINFO [0m:      Received successfully
[92mINFO [0m:      Start `flwr-clientapp` process
[pipeline] conectando ao banco: postgresql://mosaicfl:senhaForte@localhost:5432/mo...
[pipeline] conexão OK
[pipeline] executando query (max_seq_len=128 — pode levar alguns minutos)...
[pipeline] query concluída em 7.2s — 1,518,538 linhas
[pipeline] filtrado para hospital_id='BPSP' — 1,518,538 linhas
[pipeline] 28,599 atendimentos únicos encontrados
[pipeline] usando vocabulário pré-compartilhado — 38 tokens
[pipeline] construindo tensores para 28,599 sequências...
[pipeline] tensores: 2,859/28,599 (10%)
[pipeline] tensores: 5,718/28,599 (20%)
[pipeline] tensores: 8,577/28,599 (30%)
[pipeline] tensores: 11,436/28,599 (40%)
[pipeline] tensores: 14,295/28,599 (50%)
[pipeline] tensores: 17,154/28,599 (60%)
[pipeline] tensores: 20,013/28,599 (70%)
[pipeline] tensores: 22,872/28,599 (80%)
[pipeline] tensores: 25,731/28,599 (90%)
[pipeline] tensores: 28,590/28,599 (100%)
[pipeline] tensores prontos em 3.6s
[pipeline] concluído em 11.1s total — 28,599 pacientes | dist={0: 15892, 1: 318, 2: 120, 3: 9448, 4: 2821} | demográficos: age_mean=0.51 sex_M=13664/28599
[92mINFO [0m:      
[92mINFO [0m:      [RUN 3963248972974576500, ROUND 52]
[92mINFO [0m:      Sending: train message (ID: a5d6816d7e730c8b2bf9eb1c0c763a773412d48f5de6ba0711e50d2c8b8977a5)
[92mINFO [0m:      
[92mINFO [0m:      Sent successfully
[92mINFO [0m:      
[92mINFO [0m:      [RUN 3963248972974576500, ROUND 52]
[92mINFO [0m:      Receiving: evaluate message (ID: 4df3948bb5c7215807c6a3fd7d80e43a7c3b5de4fcb7363c42351a4426ab70c8)
[92mINFO [0m:      Received successfully
[92mINFO [0m:      Start `flwr-clientapp` process
[pipeline] conectando ao banco: postgresql://mosaicfl:senhaForte@localhost:5432/mo...
[pipeline] conexão OK
[pipeline] executando query (max_seq_len=128 — pode levar alguns minutos)...
[pipeline] query concluída em 7.1s — 1,518,538 linhas
[pipeline] filtrado para hospital_id='BPSP' — 1,518,538 linhas
[pipeline] 28,599 atendimentos únicos encontrados
[pipeline] usando vocabulário pré-compartilhado — 38 tokens
[pipeline] construindo tensores para 28,599 sequências...
[pipeline] tensores: 2,859/28,599 (10%)
[pipeline] tensores: 5,718/28,599 (20%)
[pipeline] tensores: 8,577/28,599 (30%)
[pipeline] tensores: 11,436/28,599 (40%)
[pipeline] tensores: 14,295/28,599 (50%)
[pipeline] tensores: 17,154/28,599 (60%)
[pipeline] tensores: 20,013/28,599 (70%)
[pipeline] tensores: 22,872/28,599 (80%)
[pipeline] tensores: 25,731/28,599 (90%)
[pipeline] tensores: 28,590/28,599 (100%)
[pipeline] tensores prontos em 3.6s
[pipeline] concluído em 11.1s total — 28,599 pacientes | dist={0: 15892, 1: 318, 2: 120, 3: 9448, 4: 2821} | demográficos: age_mean=0.51 sex_M=13664/28599
[92mINFO [0m:      
[92mINFO [0m:      
[92mINFO [0m:      [RUN 3963248972974576500, ROUND 52]
[92mINFO [0m:      Sending: evaluate message (ID: c36e8f2800499598d9ce567138861f8da164542a90fb9b9b41582ed0ebb3e57a)
[92mINFO [0m:      Sent successfully
[92mINFO [0m:      
[92mINFO [0m:      [RUN 3963248972974576500, ROUND 53]
[92mINFO [0m:      Receiving: train message (ID: 8d1f9e8a38d0fe693ce3db5a64ea70aace20c533d0cfda2dcdc83271e7020afe)
[92mINFO [0m:      Received successfully
[92mINFO [0m:      Start `flwr-clientapp` process
[pipeline] conectando ao banco: postgresql://mosaicfl:senhaForte@localhost:5432/mo...
[pipeline] conexão OK
[pipeline] executando query (max_seq_len=128 — pode levar alguns minutos)...
[pipeline] query concluída em 7.2s — 1,518,538 linhas
[pipeline] filtrado para hospital_id='BPSP' — 1,518,538 linhas
[pipeline] 28,599 atendimentos únicos encontrados
[pipeline] usando vocabulário pré-compartilhado — 38 tokens
[pipeline] construindo tensores para 28,599 sequências...
[pipeline] tensores: 2,859/28,599 (10%)
[pipeline] tensores: 5,718/28,599 (20%)
[pipeline] tensores: 8,577/28,599 (30%)
[pipeline] tensores: 11,436/28,599 (40%)
[pipeline] tensores: 14,295/28,599 (50%)
[pipeline] tensores: 17,154/28,599 (60%)
[pipeline] tensores: 20,013/28,599 (70%)
[pipeline] tensores: 22,872/28,599 (80%)
[pipeline] tensores: 25,731/28,599 (90%)
[pipeline] tensores: 28,590/28,599 (100%)
[pipeline] tensores prontos em 3.6s
[pipeline] concluído em 11.1s total — 28,599 pacientes | dist={0: 15892, 1: 318, 2: 120, 3: 9448, 4: 2821} | demográficos: age_mean=0.51 sex_M=13664/28599
[92mINFO [0m:      
[92mINFO [0m:      
[92mINFO [0m:      [RUN 3963248972974576500, ROUND 53]
[92mINFO [0m:      Sending: train message (ID: 5a812addcd115490c404f479fc28dd4fb1dea1b31f3dcc0f517376d4f2a430fc)
[92mINFO [0m:      Sent successfully
[92mINFO [0m:      
[92mINFO [0m:      [RUN 3963248972974576500, ROUND 53]
[92mINFO [0m:      Receiving: evaluate message (ID: 4ef1f60ce2ff67ad6c8f22cb3953a53ff39a57bc4345029b3088b0753fcc7d79)
[92mINFO [0m:      Received successfully
[92mINFO [0m:      Start `flwr-clientapp` process
[pipeline] conectando ao banco: postgresql://mosaicfl:senhaForte@localhost:5432/mo...
[pipeline] conexão OK
[pipeline] executando query (max_seq_len=128 — pode levar alguns minutos)...
[pipeline] query concluída em 7.1s — 1,518,538 linhas
[pipeline] filtrado para hospital_id='BPSP' — 1,518,538 linhas
[pipeline] 28,599 atendimentos únicos encontrados
[pipeline] usando vocabulário pré-compartilhado — 38 tokens
[pipeline] construindo tensores para 28,599 sequências...
[pipeline] tensores: 2,859/28,599 (10%)
[pipeline] tensores: 5,718/28,599 (20%)
[pipeline] tensores: 8,577/28,599 (30%)
[pipeline] tensores: 11,436/28,599 (40%)
[pipeline] tensores: 14,295/28,599 (50%)
[pipeline] tensores: 17,154/28,599 (60%)
[pipeline] tensores: 20,013/28,599 (70%)
[pipeline] tensores: 22,872/28,599 (80%)
[pipeline] tensores: 25,731/28,599 (90%)
[pipeline] tensores: 28,590/28,599 (100%)
[pipeline] tensores prontos em 3.6s
[pipeline] concluído em 11.0s total — 28,599 pacientes | dist={0: 15892, 1: 318, 2: 120, 3: 9448, 4: 2821} | demográficos: age_mean=0.51 sex_M=13664/28599
[92mINFO [0m:      
[92mINFO [0m:      
[92mINFO [0m:      [RUN 3963248972974576500, ROUND 53]
[92mINFO [0m:      Sending: evaluate message (ID: 694ed502b0ab895bf133e1a57ba1cf8bcbe101c6116e285f8d0339a8b083baee)
[92mINFO [0m:      Sent successfully
[92mINFO [0m:      
[92mINFO [0m:      [RUN 3963248972974576500, ROUND 54]
[92mINFO [0m:      Receiving: train message (ID: b865616d3a3d5b60c824cca1a0ee80e1767652f88708b772bdc89384854a9dc9)
[92mINFO [0m:      Received successfully
[92mINFO [0m:      Start `flwr-clientapp` process
[pipeline] conectando ao banco: postgresql://mosaicfl:senhaForte@localhost:5432/mo...
[pipeline] conexão OK
[pipeline] executando query (max_seq_len=128 — pode levar alguns minutos)...
[pipeline] query concluída em 7.1s — 1,518,538 linhas
[pipeline] filtrado para hospital_id='BPSP' — 1,518,538 linhas
[pipeline] 28,599 atendimentos únicos encontrados
[pipeline] usando vocabulário pré-compartilhado — 38 tokens
[pipeline] construindo tensores para 28,599 sequências...
[pipeline] tensores: 2,859/28,599 (10%)
[pipeline] tensores: 5,718/28,599 (20%)
[pipeline] tensores: 8,577/28,599 (30%)
[pipeline] tensores: 11,436/28,599 (40%)
[pipeline] tensores: 14,295/28,599 (50%)
[pipeline] tensores: 17,154/28,599 (60%)
[pipeline] tensores: 20,013/28,599 (70%)
[pipeline] tensores: 22,872/28,599 (80%)
[pipeline] tensores: 25,731/28,599 (90%)
[pipeline] tensores: 28,590/28,599 (100%)
[pipeline] tensores prontos em 3.6s
[pipeline] concluído em 11.0s total — 28,599 pacientes | dist={0: 15892, 1: 318, 2: 120, 3: 9448, 4: 2821} | demográficos: age_mean=0.51 sex_M=13664/28599
[92mINFO [0m:      
[92mINFO [0m:      
[92mINFO [0m:      [RUN 3963248972974576500, ROUND 54]
[92mINFO [0m:      Sending: train message (ID: 45ad8c6989a059413a4bebbb6b775718af3b1602f95b1e0cc9ee30fe6a9ee4f7)
[92mINFO [0m:      Sent successfully
[92mINFO [0m:      
[92mINFO [0m:      [RUN 3963248972974576500, ROUND 54]
[92mINFO [0m:      Receiving: evaluate message (ID: 32a819605f3ea0a46c1a822c955f684a63d9c0e62678c937dfd948392260987c)
[92mINFO [0m:      Received successfully
[92mINFO [0m:      Start `flwr-clientapp` process
[pipeline] conectando ao banco: postgresql://mosaicfl:senhaForte@localhost:5432/mo...
[pipeline] conexão OK
[pipeline] executando query (max_seq_len=128 — pode levar alguns minutos)...
[pipeline] query concluída em 7.2s — 1,518,538 linhas
[pipeline] filtrado para hospital_id='BPSP' — 1,518,538 linhas
[pipeline] 28,599 atendimentos únicos encontrados
[pipeline] usando vocabulário pré-compartilhado — 38 tokens
[pipeline] construindo tensores para 28,599 sequências...
[pipeline] tensores: 2,859/28,599 (10%)
[pipeline] tensores: 5,718/28,599 (20%)
[pipeline] tensores: 8,577/28,599 (30%)
[pipeline] tensores: 11,436/28,599 (40%)
[pipeline] tensores: 14,295/28,599 (50%)
[pipeline] tensores: 17,154/28,599 (60%)
[pipeline] tensores: 20,013/28,599 (70%)
[pipeline] tensores: 22,872/28,599 (80%)
[pipeline] tensores: 25,731/28,599 (90%)
[pipeline] tensores: 28,590/28,599 (100%)
[pipeline] tensores prontos em 3.6s
[pipeline] concluído em 11.1s total — 28,599 pacientes | dist={0: 15892, 1: 318, 2: 120, 3: 9448, 4: 2821} | demográficos: age_mean=0.51 sex_M=13664/28599
[92mINFO [0m:      
[92mINFO [0m:      
[92mINFO [0m:      [RUN 3963248972974576500, ROUND 54]
[92mINFO [0m:      Sending: evaluate message (ID: 32384f8e635e83f6211ce4f3a0a6c7f842708b8794acf4eb0eb425f93fcb2159)
[92mINFO [0m:      Sent successfully
[92mINFO [0m:      
[92mINFO [0m:      [RUN 3963248972974576500, ROUND 55]
[92mINFO [0m:      Receiving: train message (ID: fb2c131976ba4bf0261d9512570e60f15f2a38c7d3c30718d23bca2d266dd535)
[92mINFO [0m:      Received successfully
[92mINFO [0m:      Start `flwr-clientapp` process
[pipeline] conectando ao banco: postgresql://mosaicfl:senhaForte@localhost:5432/mo...
[pipeline] conexão OK
[pipeline] executando query (max_seq_len=128 — pode levar alguns minutos)...
[pipeline] query concluída em 7.2s — 1,518,538 linhas
[pipeline] filtrado para hospital_id='BPSP' — 1,518,538 linhas
[pipeline] 28,599 atendimentos únicos encontrados
[pipeline] usando vocabulário pré-compartilhado — 38 tokens
[pipeline] construindo tensores para 28,599 sequências...
[pipeline] tensores: 2,859/28,599 (10%)
[pipeline] tensores: 5,718/28,599 (20%)
[pipeline] tensores: 8,577/28,599 (30%)
[pipeline] tensores: 11,436/28,599 (40%)
[pipeline] tensores: 14,295/28,599 (50%)
[pipeline] tensores: 17,154/28,599 (60%)
[pipeline] tensores: 20,013/28,599 (70%)
[pipeline] tensores: 22,872/28,599 (80%)
[pipeline] tensores: 25,731/28,599 (90%)
[pipeline] tensores: 28,590/28,599 (100%)
[pipeline] tensores prontos em 3.6s
[pipeline] concluído em 11.1s total — 28,599 pacientes | dist={0: 15892, 1: 318, 2: 120, 3: 9448, 4: 2821} | demográficos: age_mean=0.51 sex_M=13664/28599
[92mINFO [0m:      
[92mINFO [0m:      [RUN 3963248972974576500, ROUND 55]
[92mINFO [0m:      Sending: train message (ID: 252cb9ec4bd64075da5ea000ed0cfa3e0c1ec9abec0e1cca6cdadf1b13fdef87)
[92mINFO [0m:      
[92mINFO [0m:      Sent successfully
[92mINFO [0m:      
[92mINFO [0m:      [RUN 3963248972974576500, ROUND 55]
[92mINFO [0m:      Receiving: evaluate message (ID: 61ffa8de7b5a3c207040615f1bae8af4d0be47868bc13fc68b245267c7da2f97)
[92mINFO [0m:      Received successfully
[92mINFO [0m:      Start `flwr-clientapp` process
[pipeline] conectando ao banco: postgresql://mosaicfl:senhaForte@localhost:5432/mo...
[pipeline] conexão OK
[pipeline] executando query (max_seq_len=128 — pode levar alguns minutos)...
[pipeline] query concluída em 7.1s — 1,518,538 linhas
[pipeline] filtrado para hospital_id='BPSP' — 1,518,538 linhas
[pipeline] 28,599 atendimentos únicos encontrados
[pipeline] usando vocabulário pré-compartilhado — 38 tokens
[pipeline] construindo tensores para 28,599 sequências...
[pipeline] tensores: 2,859/28,599 (10%)
[pipeline] tensores: 5,718/28,599 (20%)
[pipeline] tensores: 8,577/28,599 (30%)
[pipeline] tensores: 11,436/28,599 (40%)
[pipeline] tensores: 14,295/28,599 (50%)
[pipeline] tensores: 17,154/28,599 (60%)
[pipeline] tensores: 20,013/28,599 (70%)
[pipeline] tensores: 22,872/28,599 (80%)
[pipeline] tensores: 25,731/28,599 (90%)
[pipeline] tensores: 28,590/28,599 (100%)
[pipeline] tensores prontos em 3.6s
[pipeline] concluído em 11.1s total — 28,599 pacientes | dist={0: 15892, 1: 318, 2: 120, 3: 9448, 4: 2821} | demográficos: age_mean=0.51 sex_M=13664/28599
[92mINFO [0m:      
[92mINFO [0m:      
[92mINFO [0m:      [RUN 3963248972974576500, ROUND 55]
[92mINFO [0m:      Sending: evaluate message (ID: 5755ab7462b5d9ccd81d29e57cc78aa3395d37a401d907ed8958c3f198b6d380)
[92mINFO [0m:      Sent successfully
[92mINFO [0m:      
[92mINFO [0m:      [RUN 3963248972974576500, ROUND 56]
[92mINFO [0m:      Receiving: train message (ID: 4cf35a0d45688e69033add06f2defc7cca6c663a0a641992662f8a05f5dcd2e7)
[92mINFO [0m:      Received successfully
[92mINFO [0m:      Start `flwr-clientapp` process
[pipeline] conectando ao banco: postgresql://mosaicfl:senhaForte@localhost:5432/mo...
[pipeline] conexão OK
[pipeline] executando query (max_seq_len=128 — pode levar alguns minutos)...
[pipeline] query concluída em 7.1s — 1,518,538 linhas
[pipeline] filtrado para hospital_id='BPSP' — 1,518,538 linhas
[pipeline] 28,599 atendimentos únicos encontrados
[pipeline] usando vocabulário pré-compartilhado — 38 tokens
[pipeline] construindo tensores para 28,599 sequências...
[pipeline] tensores: 2,859/28,599 (10%)
[pipeline] tensores: 5,718/28,599 (20%)
[pipeline] tensores: 8,577/28,599 (30%)
[pipeline] tensores: 11,436/28,599 (40%)
[pipeline] tensores: 14,295/28,599 (50%)
[pipeline] tensores: 17,154/28,599 (60%)
[pipeline] tensores: 20,013/28,599 (70%)
[pipeline] tensores: 22,872/28,599 (80%)
[pipeline] tensores: 25,731/28,599 (90%)
[pipeline] tensores: 28,590/28,599 (100%)
[pipeline] tensores prontos em 3.6s
[pipeline] concluído em 11.0s total — 28,599 pacientes | dist={0: 15892, 1: 318, 2: 120, 3: 9448, 4: 2821} | demográficos: age_mean=0.51 sex_M=13664/28599
[92mINFO [0m:      
[92mINFO [0m:      
[92mINFO [0m:      [RUN 3963248972974576500, ROUND 56]
[92mINFO [0m:      Sending: train message (ID: fe2e2b9363c2f99089a420ab67f74e1b66a4ddd71ae0c956a799db18836ac8f0)
[92mINFO [0m:      Sent successfully
[92mINFO [0m:      
[92mINFO [0m:      [RUN 3963248972974576500, ROUND 56]
[92mINFO [0m:      Receiving: evaluate message (ID: cd97eb8479084218997f168a7579d5263c2034d58a220bb07bb125ec64b22927)
[92mINFO [0m:      Received successfully
[92mINFO [0m:      Start `flwr-clientapp` process
[pipeline] conectando ao banco: postgresql://mosaicfl:senhaForte@localhost:5432/mo...
[pipeline] conexão OK
[pipeline] executando query (max_seq_len=128 — pode levar alguns minutos)...
[pipeline] query concluída em 7.2s — 1,518,538 linhas
[pipeline] filtrado para hospital_id='BPSP' — 1,518,538 linhas
[pipeline] 28,599 atendimentos únicos encontrados
[pipeline] usando vocabulário pré-compartilhado — 38 tokens
[pipeline] construindo tensores para 28,599 sequências...
[pipeline] tensores: 2,859/28,599 (10%)
[pipeline] tensores: 5,718/28,599 (20%)
[pipeline] tensores: 8,577/28,599 (30%)
[pipeline] tensores: 11,436/28,599 (40%)
[pipeline] tensores: 14,295/28,599 (50%)
[pipeline] tensores: 17,154/28,599 (60%)
[pipeline] tensores: 20,013/28,599 (70%)
[pipeline] tensores: 22,872/28,599 (80%)
[pipeline] tensores: 25,731/28,599 (90%)
[pipeline] tensores: 28,590/28,599 (100%)
[pipeline] tensores prontos em 3.6s
[pipeline] concluído em 11.1s total — 28,599 pacientes | dist={0: 15892, 1: 318, 2: 120, 3: 9448, 4: 2821} | demográficos: age_mean=0.51 sex_M=13664/28599
[92mINFO [0m:      
[92mINFO [0m:      
[92mINFO [0m:      [RUN 3963248972974576500, ROUND 56]
[92mINFO [0m:      Sending: evaluate message (ID: fc7844cb2e22a4ded4272111c170fde3f2a9158a433e89ca88a04f060f5942b0)
[92mINFO [0m:      Sent successfully
[92mINFO [0m:      
[92mINFO [0m:      [RUN 3963248972974576500, ROUND 57]
[92mINFO [0m:      Receiving: train message (ID: 035b77cca6eaab32985f08f6c686e32be361a370a02e9704b994d6d50ee3e150)
[92mINFO [0m:      Received successfully
[92mINFO [0m:      Start `flwr-clientapp` process
[pipeline] conectando ao banco: postgresql://mosaicfl:senhaForte@localhost:5432/mo...
[pipeline] conexão OK
[pipeline] executando query (max_seq_len=128 — pode levar alguns minutos)...
[pipeline] query concluída em 7.1s — 1,518,538 linhas
[pipeline] filtrado para hospital_id='BPSP' — 1,518,538 linhas
[pipeline] 28,599 atendimentos únicos encontrados
[pipeline] usando vocabulário pré-compartilhado — 38 tokens
[pipeline] construindo tensores para 28,599 sequências...
[pipeline] tensores: 2,859/28,599 (10%)
[pipeline] tensores: 5,718/28,599 (20%)
[pipeline] tensores: 8,577/28,599 (30%)
[pipeline] tensores: 11,436/28,599 (40%)
[pipeline] tensores: 14,295/28,599 (50%)
[pipeline] tensores: 17,154/28,599 (60%)
[pipeline] tensores: 20,013/28,599 (70%)
[pipeline] tensores: 22,872/28,599 (80%)
[pipeline] tensores: 25,731/28,599 (90%)
[pipeline] tensores: 28,590/28,599 (100%)
[pipeline] tensores prontos em 3.6s
[pipeline] concluído em 11.0s total — 28,599 pacientes | dist={0: 15892, 1: 318, 2: 120, 3: 9448, 4: 2821} | demográficos: age_mean=0.51 sex_M=13664/28599
[92mINFO [0m:      
[92mINFO [0m:      [RUN 3963248972974576500, ROUND 57]
[92mINFO [0m:      Sending: train message (ID: 89f4670091a275527ee827d5ff7ec45fd95ef4c92ef1a87dc1245d382778dcfa)
[92mINFO [0m:      
[92mINFO [0m:      Sent successfully
[92mINFO [0m:      
[92mINFO [0m:      [RUN 3963248972974576500, ROUND 57]
[92mINFO [0m:      Receiving: evaluate message (ID: be2e2bee6c2db00db200448767d642201e7d6b838d8b033e97ac008097a82b99)
[92mINFO [0m:      Received successfully
[92mINFO [0m:      Start `flwr-clientapp` process
[pipeline] conectando ao banco: postgresql://mosaicfl:senhaForte@localhost:5432/mo...
[pipeline] conexão OK
[pipeline] executando query (max_seq_len=128 — pode levar alguns minutos)...
[pipeline] query concluída em 7.2s — 1,518,538 linhas
[pipeline] filtrado para hospital_id='BPSP' — 1,518,538 linhas
[pipeline] 28,599 atendimentos únicos encontrados
[pipeline] usando vocabulário pré-compartilhado — 38 tokens
[pipeline] construindo tensores para 28,599 sequências...
[pipeline] tensores: 2,859/28,599 (10%)
[pipeline] tensores: 5,718/28,599 (20%)
[pipeline] tensores: 8,577/28,599 (30%)
[pipeline] tensores: 11,436/28,599 (40%)
[pipeline] tensores: 14,295/28,599 (50%)
[pipeline] tensores: 17,154/28,599 (60%)
[pipeline] tensores: 20,013/28,599 (70%)
[pipeline] tensores: 22,872/28,599 (80%)
[pipeline] tensores: 25,731/28,599 (90%)
[pipeline] tensores: 28,590/28,599 (100%)
[pipeline] tensores prontos em 3.6s
[pipeline] concluído em 11.2s total — 28,599 pacientes | dist={0: 15892, 1: 318, 2: 120, 3: 9448, 4: 2821} | demográficos: age_mean=0.51 sex_M=13664/28599
[92mINFO [0m:      
[92mINFO [0m:      
[92mINFO [0m:      [RUN 3963248972974576500, ROUND 57]
[92mINFO [0m:      Sending: evaluate message (ID: 4b0473ca6ec9b61c270ac28579726f246a569bc7d0bea5bc8f707959afeffa2d)
[92mINFO [0m:      Sent successfully
[92mINFO [0m:      
[92mINFO [0m:      [RUN 3963248972974576500, ROUND 58]
[92mINFO [0m:      Receiving: train message (ID: f0349ad3e8a265744fa9d718cce7b96b0df27253fef77cdb534006c895da544d)
[92mINFO [0m:      Received successfully
[92mINFO [0m:      Start `flwr-clientapp` process
[pipeline] conectando ao banco: postgresql://mosaicfl:senhaForte@localhost:5432/mo...
[pipeline] conexão OK
[pipeline] executando query (max_seq_len=128 — pode levar alguns minutos)...
[pipeline] query concluída em 7.1s — 1,518,538 linhas
[pipeline] filtrado para hospital_id='BPSP' — 1,518,538 linhas
[pipeline] 28,599 atendimentos únicos encontrados
[pipeline] usando vocabulário pré-compartilhado — 38 tokens
[pipeline] construindo tensores para 28,599 sequências...
[pipeline] tensores: 2,859/28,599 (10%)
[pipeline] tensores: 5,718/28,599 (20%)
[pipeline] tensores: 8,577/28,599 (30%)
[pipeline] tensores: 11,436/28,599 (40%)
[pipeline] tensores: 14,295/28,599 (50%)
[pipeline] tensores: 17,154/28,599 (60%)
[pipeline] tensores: 20,013/28,599 (70%)
[pipeline] tensores: 22,872/28,599 (80%)
[pipeline] tensores: 25,731/28,599 (90%)
[pipeline] tensores: 28,590/28,599 (100%)
[pipeline] tensores prontos em 3.6s
[pipeline] concluído em 11.0s total — 28,599 pacientes | dist={0: 15892, 1: 318, 2: 120, 3: 9448, 4: 2821} | demográficos: age_mean=0.51 sex_M=13664/28599
[92mINFO [0m:      
[92mINFO [0m:      [RUN 3963248972974576500, ROUND 58]
[92mINFO [0m:      Sending: train message (ID: 1d6bfb5b53df07bcfa3b3c492b83b877eff23778887434558c09522925fceb17)
[92mINFO [0m:      
[92mINFO [0m:      Sent successfully
[92mINFO [0m:      
[92mINFO [0m:      [RUN 3963248972974576500, ROUND 58]
[92mINFO [0m:      Receiving: evaluate message (ID: 04986d774342b3bc096bfb6ebce6a677828beb195bdce8e5fd9eced74071c72f)
[92mINFO [0m:      Received successfully
[92mINFO [0m:      Start `flwr-clientapp` process
[pipeline] conectando ao banco: postgresql://mosaicfl:senhaForte@localhost:5432/mo...
[pipeline] conexão OK
[pipeline] executando query (max_seq_len=128 — pode levar alguns minutos)...
[pipeline] query concluída em 7.2s — 1,518,538 linhas
[pipeline] filtrado para hospital_id='BPSP' — 1,518,538 linhas
[pipeline] 28,599 atendimentos únicos encontrados
[pipeline] usando vocabulário pré-compartilhado — 38 tokens
[pipeline] construindo tensores para 28,599 sequências...
[pipeline] tensores: 2,859/28,599 (10%)
[pipeline] tensores: 5,718/28,599 (20%)
[pipeline] tensores: 8,577/28,599 (30%)
[pipeline] tensores: 11,436/28,599 (40%)
[pipeline] tensores: 14,295/28,599 (50%)
[pipeline] tensores: 17,154/28,599 (60%)
[pipeline] tensores: 20,013/28,599 (70%)
[pipeline] tensores: 22,872/28,599 (80%)
[pipeline] tensores: 25,731/28,599 (90%)
[pipeline] tensores: 28,590/28,599 (100%)
[pipeline] tensores prontos em 3.7s
[pipeline] concluído em 11.2s total — 28,599 pacientes | dist={0: 15892, 1: 318, 2: 120, 3: 9448, 4: 2821} | demográficos: age_mean=0.51 sex_M=13664/28599
[92mINFO [0m:      
[92mINFO [0m:      
[92mINFO [0m:      [RUN 3963248972974576500, ROUND 58]
[92mINFO [0m:      Sending: evaluate message (ID: cfaf8b1b81311038c646ee31831707c11d35f4e75571dee3590e1fc1cefc036e)
[92mINFO [0m:      Sent successfully
[92mINFO [0m:      
[92mINFO [0m:      [RUN 3963248972974576500, ROUND 59]
[92mINFO [0m:      Receiving: train message (ID: a4aee9ea02ea29f911b0b2fa151d834ddb08a657fb70e56b07d2bea80465b711)
[92mINFO [0m:      Received successfully
[92mINFO [0m:      Start `flwr-clientapp` process
[pipeline] conectando ao banco: postgresql://mosaicfl:senhaForte@localhost:5432/mo...
[pipeline] conexão OK
[pipeline] executando query (max_seq_len=128 — pode levar alguns minutos)...
[pipeline] query concluída em 7.2s — 1,518,538 linhas
[pipeline] filtrado para hospital_id='BPSP' — 1,518,538 linhas
[pipeline] 28,599 atendimentos únicos encontrados
[pipeline] usando vocabulário pré-compartilhado — 38 tokens
[pipeline] construindo tensores para 28,599 sequências...
[pipeline] tensores: 2,859/28,599 (10%)
[pipeline] tensores: 5,718/28,599 (20%)
[pipeline] tensores: 8,577/28,599 (30%)
[pipeline] tensores: 11,436/28,599 (40%)
[pipeline] tensores: 14,295/28,599 (50%)
[pipeline] tensores: 17,154/28,599 (60%)
[pipeline] tensores: 20,013/28,599 (70%)
[pipeline] tensores: 22,872/28,599 (80%)
[pipeline] tensores: 25,731/28,599 (90%)
[pipeline] tensores: 28,590/28,599 (100%)
[pipeline] tensores prontos em 3.5s
[pipeline] concluído em 11.0s total — 28,599 pacientes | dist={0: 15892, 1: 318, 2: 120, 3: 9448, 4: 2821} | demográficos: age_mean=0.51 sex_M=13664/28599
[92mINFO [0m:      
[92mINFO [0m:      
[92mINFO [0m:      [RUN 3963248972974576500, ROUND 59]
[92mINFO [0m:      Sending: train message (ID: 5742d2028dcbf841f6c1f4af53e5d6d6ce6217ee3af5b44e6ca9d337752c75f5)
[92mINFO [0m:      Sent successfully
[92mINFO [0m:      
[92mINFO [0m:      [RUN 3963248972974576500, ROUND 59]
[92mINFO [0m:      Receiving: evaluate message (ID: 7fc09a55c77a9aad8b1ae8f902f3fc26ec0dac29ffa122fac2e7127ec08207d2)
[92mINFO [0m:      Received successfully
[92mINFO [0m:      Start `flwr-clientapp` process
[pipeline] conectando ao banco: postgresql://mosaicfl:senhaForte@localhost:5432/mo...
[pipeline] conexão OK
[pipeline] executando query (max_seq_len=128 — pode levar alguns minutos)...
[pipeline] query concluída em 7.2s — 1,518,538 linhas
[pipeline] filtrado para hospital_id='BPSP' — 1,518,538 linhas
[pipeline] 28,599 atendimentos únicos encontrados
[pipeline] usando vocabulário pré-compartilhado — 38 tokens
[pipeline] construindo tensores para 28,599 sequências...
[pipeline] tensores: 2,859/28,599 (10%)
[pipeline] tensores: 5,718/28,599 (20%)
[pipeline] tensores: 8,577/28,599 (30%)
[pipeline] tensores: 11,436/28,599 (40%)
[pipeline] tensores: 14,295/28,599 (50%)
[pipeline] tensores: 17,154/28,599 (60%)
[pipeline] tensores: 20,013/28,599 (70%)
[pipeline] tensores: 22,872/28,599 (80%)
[pipeline] tensores: 25,731/28,599 (90%)
[pipeline] tensores: 28,590/28,599 (100%)
[pipeline] tensores prontos em 3.6s
[pipeline] concluído em 11.1s total — 28,599 pacientes | dist={0: 15892, 1: 318, 2: 120, 3: 9448, 4: 2821} | demográficos: age_mean=0.51 sex_M=13664/28599
[92mINFO [0m:      
[92mINFO [0m:      
[92mINFO [0m:      [RUN 3963248972974576500, ROUND 59]
[92mINFO [0m:      Sending: evaluate message (ID: c1703b81300d5da1e15957999a74c51bca401c9472f6e8cc20d6f1deb2aa4582)
[92mINFO [0m:      Sent successfully
[92mINFO [0m:      
[92mINFO [0m:      [RUN 3963248972974576500, ROUND 60]
[92mINFO [0m:      Receiving: train message (ID: 98eecd9e4aa6db2908ad3f4933c7cd6d6b4e8de7d03b62a83e6cc63513545656)
[92mINFO [0m:      Received successfully
[92mINFO [0m:      Start `flwr-clientapp` process
[pipeline] conectando ao banco: postgresql://mosaicfl:senhaForte@localhost:5432/mo...
[pipeline] conexão OK
[pipeline] executando query (max_seq_len=128 — pode levar alguns minutos)...
[pipeline] query concluída em 7.2s — 1,518,538 linhas
[pipeline] filtrado para hospital_id='BPSP' — 1,518,538 linhas
[pipeline] 28,599 atendimentos únicos encontrados
[pipeline] usando vocabulário pré-compartilhado — 38 tokens
[pipeline] construindo tensores para 28,599 sequências...
[pipeline] tensores: 2,859/28,599 (10%)
[pipeline] tensores: 5,718/28,599 (20%)
[pipeline] tensores: 8,577/28,599 (30%)
[pipeline] tensores: 11,436/28,599 (40%)
[pipeline] tensores: 14,295/28,599 (50%)
[pipeline] tensores: 17,154/28,599 (60%)
[pipeline] tensores: 20,013/28,599 (70%)
[pipeline] tensores: 22,872/28,599 (80%)
[pipeline] tensores: 25,731/28,599 (90%)
[pipeline] tensores: 28,590/28,599 (100%)
[pipeline] tensores prontos em 3.6s
[pipeline] concluído em 11.1s total — 28,599 pacientes | dist={0: 15892, 1: 318, 2: 120, 3: 9448, 4: 2821} | demográficos: age_mean=0.51 sex_M=13664/28599
[92mINFO [0m:      
[92mINFO [0m:      
[92mINFO [0m:      [RUN 3963248972974576500, ROUND 60]
[92mINFO [0m:      Sending: train message (ID: 74764d2ec8ac90b20d2fa4e00713fed780ced7deaa2aa39cb324c88a973eddbc)
[92mINFO [0m:      Sent successfully
[92mINFO [0m:      
[92mINFO [0m:      [RUN 3963248972974576500, ROUND 60]
[92mINFO [0m:      Receiving: evaluate message (ID: e970febdbd4cafb83b17d6cc35fc1003dc71571e8816260898b10af8992d0bd2)
[92mINFO [0m:      Received successfully
[92mINFO [0m:      Start `flwr-clientapp` process
[pipeline] conectando ao banco: postgresql://mosaicfl:senhaForte@localhost:5432/mo...
[pipeline] conexão OK
[pipeline] executando query (max_seq_len=128 — pode levar alguns minutos)...
[pipeline] query concluída em 7.1s — 1,518,538 linhas
[pipeline] filtrado para hospital_id='BPSP' — 1,518,538 linhas
[pipeline] 28,599 atendimentos únicos encontrados
[pipeline] usando vocabulário pré-compartilhado — 38 tokens
[pipeline] construindo tensores para 28,599 sequências...
[pipeline] tensores: 2,859/28,599 (10%)
[pipeline] tensores: 5,718/28,599 (20%)
[pipeline] tensores: 8,577/28,599 (30%)
[pipeline] tensores: 11,436/28,599 (40%)
[pipeline] tensores: 14,295/28,599 (50%)
[pipeline] tensores: 17,154/28,599 (60%)
[pipeline] tensores: 20,013/28,599 (70%)
[pipeline] tensores: 22,872/28,599 (80%)
[pipeline] tensores: 25,731/28,599 (90%)
[pipeline] tensores: 28,590/28,599 (100%)
[pipeline] tensores prontos em 3.6s
[pipeline] concluído em 11.0s total — 28,599 pacientes | dist={0: 15892, 1: 318, 2: 120, 3: 9448, 4: 2821} | demográficos: age_mean=0.51 sex_M=13664/28599
[92mINFO [0m:      
[92mINFO [0m:      
[92mINFO [0m:      [RUN 3963248972974576500, ROUND 60]
[92mINFO [0m:      Sending: evaluate message (ID: c4f843bc6a872a435deb917b0478d34c2156f2b7294676513732e4936e91cd9b)
[92mINFO [0m:      Sent successfully
[92mINFO [0m:      
[92mINFO [0m:      [RUN 3963248972974576500, ROUND 61]
[92mINFO [0m:      Receiving: train message (ID: 523c61c092bab29131789dcb45d3a9fde9fafb404afe86384d38ea2db43705b9)
[92mINFO [0m:      Received successfully
[92mINFO [0m:      Start `flwr-clientapp` process
[pipeline] conectando ao banco: postgresql://mosaicfl:senhaForte@localhost:5432/mo...
[pipeline] conexão OK
[pipeline] executando query (max_seq_len=128 — pode levar alguns minutos)...
[pipeline] query concluída em 7.1s — 1,518,538 linhas
[pipeline] filtrado para hospital_id='BPSP' — 1,518,538 linhas
[pipeline] 28,599 atendimentos únicos encontrados
[pipeline] usando vocabulário pré-compartilhado — 38 tokens
[pipeline] construindo tensores para 28,599 sequências...
[pipeline] tensores: 2,859/28,599 (10%)
[pipeline] tensores: 5,718/28,599 (20%)
[pipeline] tensores: 8,577/28,599 (30%)
[pipeline] tensores: 11,436/28,599 (40%)
[pipeline] tensores: 14,295/28,599 (50%)
[pipeline] tensores: 17,154/28,599 (60%)
[pipeline] tensores: 20,013/28,599 (70%)
[pipeline] tensores: 22,872/28,599 (80%)
[pipeline] tensores: 25,731/28,599 (90%)
[pipeline] tensores: 28,590/28,599 (100%)
[pipeline] tensores prontos em 3.6s
[pipeline] concluído em 11.0s total — 28,599 pacientes | dist={0: 15892, 1: 318, 2: 120, 3: 9448, 4: 2821} | demográficos: age_mean=0.51 sex_M=13664/28599
[92mINFO [0m:      
[92mINFO [0m:      
[92mINFO [0m:      [RUN 3963248972974576500, ROUND 61]
[92mINFO [0m:      Sending: train message (ID: 7230626a8c31ef3d5bff585ed12540ee57d6e55a74d04cdb0f7f50e9f6a5fc32)
[92mINFO [0m:      Sent successfully
[92mINFO [0m:      
[92mINFO [0m:      [RUN 3963248972974576500, ROUND 61]
[92mINFO [0m:      Receiving: evaluate message (ID: 1d070248adfdbff51293651236da4a8f9f5ec839a9941f48d8bc01fe21944a25)
[92mINFO [0m:      Received successfully
[92mINFO [0m:      Start `flwr-clientapp` process
[pipeline] conectando ao banco: postgresql://mosaicfl:senhaForte@localhost:5432/mo...
[pipeline] conexão OK
[pipeline] executando query (max_seq_len=128 — pode levar alguns minutos)...
[pipeline] query concluída em 7.2s — 1,518,538 linhas
[pipeline] filtrado para hospital_id='BPSP' — 1,518,538 linhas
[pipeline] 28,599 atendimentos únicos encontrados
[pipeline] usando vocabulário pré-compartilhado — 38 tokens
[pipeline] construindo tensores para 28,599 sequências...
[pipeline] tensores: 2,859/28,599 (10%)
[pipeline] tensores: 5,718/28,599 (20%)
[pipeline] tensores: 8,577/28,599 (30%)
[pipeline] tensores: 11,436/28,599 (40%)
[pipeline] tensores: 14,295/28,599 (50%)
[pipeline] tensores: 17,154/28,599 (60%)
[pipeline] tensores: 20,013/28,599 (70%)
[pipeline] tensores: 22,872/28,599 (80%)
[pipeline] tensores: 25,731/28,599 (90%)
[pipeline] tensores: 28,590/28,599 (100%)
[pipeline] tensores prontos em 3.5s
[pipeline] concluído em 11.0s total — 28,599 pacientes | dist={0: 15892, 1: 318, 2: 120, 3: 9448, 4: 2821} | demográficos: age_mean=0.51 sex_M=13664/28599
[92mINFO [0m:      
[92mINFO [0m:      
[92mINFO [0m:      [RUN 3963248972974576500, ROUND 61]
[92mINFO [0m:      Sending: evaluate message (ID: 9a0b64a6a169b6a45b26d053499f7302796052d4752e67d3426a1bb4fa275a22)
[92mINFO [0m:      Sent successfully
[92mINFO [0m:      
[92mINFO [0m:      [RUN 3963248972974576500, ROUND 62]
[92mINFO [0m:      Receiving: train message (ID: 846cb9d35fdd5e9b502dcf6c4f42d394db881438cd020a6f8753f80db29f4e36)
[92mINFO [0m:      Received successfully
[92mINFO [0m:      Start `flwr-clientapp` process
[pipeline] conectando ao banco: postgresql://mosaicfl:senhaForte@localhost:5432/mo...
[pipeline] conexão OK
[pipeline] executando query (max_seq_len=128 — pode levar alguns minutos)...
[pipeline] query concluída em 7.1s — 1,518,538 linhas
[pipeline] filtrado para hospital_id='BPSP' — 1,518,538 linhas
[pipeline] 28,599 atendimentos únicos encontrados
[pipeline] usando vocabulário pré-compartilhado — 38 tokens
[pipeline] construindo tensores para 28,599 sequências...
[pipeline] tensores: 2,859/28,599 (10%)
[pipeline] tensores: 5,718/28,599 (20%)
[pipeline] tensores: 8,577/28,599 (30%)
[pipeline] tensores: 11,436/28,599 (40%)
[pipeline] tensores: 14,295/28,599 (50%)
[pipeline] tensores: 17,154/28,599 (60%)
[pipeline] tensores: 20,013/28,599 (70%)
[pipeline] tensores: 22,872/28,599 (80%)
[pipeline] tensores: 25,731/28,599 (90%)
[pipeline] tensores: 28,590/28,599 (100%)
[pipeline] tensores prontos em 3.6s
[pipeline] concluído em 11.1s total — 28,599 pacientes | dist={0: 15892, 1: 318, 2: 120, 3: 9448, 4: 2821} | demográficos: age_mean=0.51 sex_M=13664/28599
[92mINFO [0m:      
[92mINFO [0m:      
[92mINFO [0m:      [RUN 3963248972974576500, ROUND 62]
[92mINFO [0m:      Sending: train message (ID: 4db2ee2bfb7057b062e8b04c8801d54eb0f0accc6f6c523c69d641d14efc742b)
[92mINFO [0m:      Sent successfully
[92mINFO [0m:      
[92mINFO [0m:      [RUN 3963248972974576500, ROUND 62]
[92mINFO [0m:      Receiving: evaluate message (ID: 054c9d272a7bb9a6a7a18630a1258712ce8dcb77940b7b0468aaab692b9e5cdb)
[92mINFO [0m:      Received successfully
[92mINFO [0m:      Start `flwr-clientapp` process
[pipeline] conectando ao banco: postgresql://mosaicfl:senhaForte@localhost:5432/mo...
[pipeline] conexão OK
[pipeline] executando query (max_seq_len=128 — pode levar alguns minutos)...
[pipeline] query concluída em 7.1s — 1,518,538 linhas
[pipeline] filtrado para hospital_id='BPSP' — 1,518,538 linhas
[pipeline] 28,599 atendimentos únicos encontrados
[pipeline] usando vocabulário pré-compartilhado — 38 tokens
[pipeline] construindo tensores para 28,599 sequências...
[pipeline] tensores: 2,859/28,599 (10%)
[pipeline] tensores: 5,718/28,599 (20%)
[pipeline] tensores: 8,577/28,599 (30%)
[pipeline] tensores: 11,436/28,599 (40%)
[pipeline] tensores: 14,295/28,599 (50%)
[pipeline] tensores: 17,154/28,599 (60%)
[pipeline] tensores: 20,013/28,599 (70%)
[pipeline] tensores: 22,872/28,599 (80%)
[pipeline] tensores: 25,731/28,599 (90%)
[pipeline] tensores: 28,590/28,599 (100%)
[pipeline] tensores prontos em 3.5s
[pipeline] concluído em 11.0s total — 28,599 pacientes | dist={0: 15892, 1: 318, 2: 120, 3: 9448, 4: 2821} | demográficos: age_mean=0.51 sex_M=13664/28599
[92mINFO [0m:      
[92mINFO [0m:      
[92mINFO [0m:      [RUN 3963248972974576500, ROUND 62]
[92mINFO [0m:      Sending: evaluate message (ID: 4e985a8ed5650b2660846baa65c6e44afa3b3feaa2b487475d75cc9bd0ef63e5)
[92mINFO [0m:      Sent successfully
[92mINFO [0m:      
[92mINFO [0m:      [RUN 3963248972974576500, ROUND 63]
[92mINFO [0m:      Receiving: train message (ID: b4250a5a3e1095e24235548be12b47daa9abc515b5ade85cf1d5301d1e90723c)
[92mINFO [0m:      Received successfully
[92mINFO [0m:      Start `flwr-clientapp` process
[pipeline] conectando ao banco: postgresql://mosaicfl:senhaForte@localhost:5432/mo...
[pipeline] conexão OK
[pipeline] executando query (max_seq_len=128 — pode levar alguns minutos)...
[pipeline] query concluída em 7.1s — 1,518,538 linhas
[pipeline] filtrado para hospital_id='BPSP' — 1,518,538 linhas
[pipeline] 28,599 atendimentos únicos encontrados
[pipeline] usando vocabulário pré-compartilhado — 38 tokens
[pipeline] construindo tensores para 28,599 sequências...
[pipeline] tensores: 2,859/28,599 (10%)
[pipeline] tensores: 5,718/28,599 (20%)
[pipeline] tensores: 8,577/28,599 (30%)
[pipeline] tensores: 11,436/28,599 (40%)
[pipeline] tensores: 14,295/28,599 (50%)
[pipeline] tensores: 17,154/28,599 (60%)
[pipeline] tensores: 20,013/28,599 (70%)
[pipeline] tensores: 22,872/28,599 (80%)
[pipeline] tensores: 25,731/28,599 (90%)
[pipeline] tensores: 28,590/28,599 (100%)
[pipeline] tensores prontos em 3.6s
[pipeline] concluído em 11.0s total — 28,599 pacientes | dist={0: 15892, 1: 318, 2: 120, 3: 9448, 4: 2821} | demográficos: age_mean=0.51 sex_M=13664/28599
[92mINFO [0m:      
[92mINFO [0m:      
[92mINFO [0m:      [RUN 3963248972974576500, ROUND 63]
[92mINFO [0m:      Sending: train message (ID: 91a68aa2afaf417f042c0bcfe022857af66e9ac783815d601541cab062972d37)
[92mINFO [0m:      Sent successfully
[92mINFO [0m:      
[92mINFO [0m:      [RUN 3963248972974576500, ROUND 63]
[92mINFO [0m:      Receiving: evaluate message (ID: 377373be349bdcbc5cf4c5b6ee3a7e748abe8d330780ad6fea77d19861703c0c)
[92mINFO [0m:      Received successfully
[92mINFO [0m:      Start `flwr-clientapp` process
[pipeline] conectando ao banco: postgresql://mosaicfl:senhaForte@localhost:5432/mo...
[pipeline] conexão OK
[pipeline] executando query (max_seq_len=128 — pode levar alguns minutos)...
[pipeline] query concluída em 7.1s — 1,518,538 linhas
[pipeline] filtrado para hospital_id='BPSP' — 1,518,538 linhas
[pipeline] 28,599 atendimentos únicos encontrados
[pipeline] usando vocabulário pré-compartilhado — 38 tokens
[pipeline] construindo tensores para 28,599 sequências...
[pipeline] tensores: 2,859/28,599 (10%)
[pipeline] tensores: 5,718/28,599 (20%)
[pipeline] tensores: 8,577/28,599 (30%)
[pipeline] tensores: 11,436/28,599 (40%)
[pipeline] tensores: 14,295/28,599 (50%)
[pipeline] tensores: 17,154/28,599 (60%)
[pipeline] tensores: 20,013/28,599 (70%)
[pipeline] tensores: 22,872/28,599 (80%)
[pipeline] tensores: 25,731/28,599 (90%)
[pipeline] tensores: 28,590/28,599 (100%)
[pipeline] tensores prontos em 3.6s
[pipeline] concluído em 11.1s total — 28,599 pacientes | dist={0: 15892, 1: 318, 2: 120, 3: 9448, 4: 2821} | demográficos: age_mean=0.51 sex_M=13664/28599
[92mINFO [0m:      
[92mINFO [0m:      
[92mINFO [0m:      [RUN 3963248972974576500, ROUND 63]
[92mINFO [0m:      Sending: evaluate message (ID: 8957b3c880e200c3b9caa3e4db3690b5622d6fc7ec6c32c991ca0b102d96d414)
[92mINFO [0m:      Sent successfully
[92mINFO [0m:      
[92mINFO [0m:      [RUN 3963248972974576500, ROUND 64]
[92mINFO [0m:      Receiving: train message (ID: fb9f931da1002f0f7bb21da7d246c95850b8a6414ea25f439d2d54c93f35f23d)
[92mINFO [0m:      Received successfully
[92mINFO [0m:      Start `flwr-clientapp` process
[pipeline] conectando ao banco: postgresql://mosaicfl:senhaForte@localhost:5432/mo...
[pipeline] conexão OK
[pipeline] executando query (max_seq_len=128 — pode levar alguns minutos)...
[pipeline] query concluída em 7.2s — 1,518,538 linhas
[pipeline] filtrado para hospital_id='BPSP' — 1,518,538 linhas
[pipeline] 28,599 atendimentos únicos encontrados
[pipeline] usando vocabulário pré-compartilhado — 38 tokens
[pipeline] construindo tensores para 28,599 sequências...
[pipeline] tensores: 2,859/28,599 (10%)
[pipeline] tensores: 5,718/28,599 (20%)
[pipeline] tensores: 8,577/28,599 (30%)
[pipeline] tensores: 11,436/28,599 (40%)
[pipeline] tensores: 14,295/28,599 (50%)
[pipeline] tensores: 17,154/28,599 (60%)
[pipeline] tensores: 20,013/28,599 (70%)
[pipeline] tensores: 22,872/28,599 (80%)
[pipeline] tensores: 25,731/28,599 (90%)
[pipeline] tensores: 28,590/28,599 (100%)
[pipeline] tensores prontos em 3.6s
[pipeline] concluído em 11.2s total — 28,599 pacientes | dist={0: 15892, 1: 318, 2: 120, 3: 9448, 4: 2821} | demográficos: age_mean=0.51 sex_M=13664/28599
[92mINFO [0m:      
[92mINFO [0m:      
[92mINFO [0m:      [RUN 3963248972974576500, ROUND 64]
[92mINFO [0m:      Sending: train message (ID: 0766f904c9481924055949d96c4a415c466dd664038ed3041f6d00cf49259d2e)
[92mINFO [0m:      Sent successfully
[92mINFO [0m:      
[92mINFO [0m:      [RUN 3963248972974576500, ROUND 64]
[92mINFO [0m:      Receiving: evaluate message (ID: 2faaa99b15399379dc37f6b9c85720a2228bb6695a584efd9e0ff42dbbbefd19)
[92mINFO [0m:      Received successfully
[92mINFO [0m:      Start `flwr-clientapp` process
[pipeline] conectando ao banco: postgresql://mosaicfl:senhaForte@localhost:5432/mo...
[pipeline] conexão OK
[pipeline] executando query (max_seq_len=128 — pode levar alguns minutos)...
[pipeline] query concluída em 7.2s — 1,518,538 linhas
[pipeline] filtrado para hospital_id='BPSP' — 1,518,538 linhas
[pipeline] 28,599 atendimentos únicos encontrados
[pipeline] usando vocabulário pré-compartilhado — 38 tokens
[pipeline] construindo tensores para 28,599 sequências...
[pipeline] tensores: 2,859/28,599 (10%)
[pipeline] tensores: 5,718/28,599 (20%)
[pipeline] tensores: 8,577/28,599 (30%)
[pipeline] tensores: 11,436/28,599 (40%)
[pipeline] tensores: 14,295/28,599 (50%)
[pipeline] tensores: 17,154/28,599 (60%)
[pipeline] tensores: 20,013/28,599 (70%)
[pipeline] tensores: 22,872/28,599 (80%)
[pipeline] tensores: 25,731/28,599 (90%)
[pipeline] tensores: 28,590/28,599 (100%)
[pipeline] tensores prontos em 3.6s
[pipeline] concluído em 11.1s total — 28,599 pacientes | dist={0: 15892, 1: 318, 2: 120, 3: 9448, 4: 2821} | demográficos: age_mean=0.51 sex_M=13664/28599
[92mINFO [0m:      
[92mINFO [0m:      
[92mINFO [0m:      [RUN 3963248972974576500, ROUND 64]
[92mINFO [0m:      Sending: evaluate message (ID: 585b2529f1c1d3cd41a05f2ce78bbace02b78340414df0a4f9d4c5a8daee8602)
[92mINFO [0m:      Sent successfully
[92mINFO [0m:      
[92mINFO [0m:      [RUN 3963248972974576500, ROUND 65]
[92mINFO [0m:      Receiving: train message (ID: c7a192da13109e8fc864b0195898fd663922ce47d7c1e691e09df3cbf0293ab0)
[92mINFO [0m:      Received successfully
[92mINFO [0m:      Start `flwr-clientapp` process
[pipeline] conectando ao banco: postgresql://mosaicfl:senhaForte@localhost:5432/mo...
[pipeline] conexão OK
[pipeline] executando query (max_seq_len=128 — pode levar alguns minutos)...
[pipeline] query concluída em 7.1s — 1,518,538 linhas
[pipeline] filtrado para hospital_id='BPSP' — 1,518,538 linhas
[pipeline] 28,599 atendimentos únicos encontrados
[pipeline] usando vocabulário pré-compartilhado — 38 tokens
[pipeline] construindo tensores para 28,599 sequências...
[pipeline] tensores: 2,859/28,599 (10%)
[pipeline] tensores: 5,718/28,599 (20%)
[pipeline] tensores: 8,577/28,599 (30%)
[pipeline] tensores: 11,436/28,599 (40%)
[pipeline] tensores: 14,295/28,599 (50%)
[pipeline] tensores: 17,154/28,599 (60%)
[pipeline] tensores: 20,013/28,599 (70%)
[pipeline] tensores: 22,872/28,599 (80%)
[pipeline] tensores: 25,731/28,599 (90%)
[pipeline] tensores: 28,590/28,599 (100%)
[pipeline] tensores prontos em 3.5s
[pipeline] concluído em 11.0s total — 28,599 pacientes | dist={0: 15892, 1: 318, 2: 120, 3: 9448, 4: 2821} | demográficos: age_mean=0.51 sex_M=13664/28599
[92mINFO [0m:      
[92mINFO [0m:      
[92mINFO [0m:      [RUN 3963248972974576500, ROUND 65]
[92mINFO [0m:      Sending: train message (ID: 9d29b810de8f63aba0ec12701e8a42705bbd4f8dbb22a38cc6399944a47eaec7)
[92mINFO [0m:      Sent successfully
[92mINFO [0m:      
[92mINFO [0m:      [RUN 3963248972974576500, ROUND 65]
[92mINFO [0m:      Receiving: evaluate message (ID: 4254cb823d92ed2468f3517f3897cf1db95f21f8b8bf42ea9581683ad708e8c5)
[92mINFO [0m:      Received successfully
[92mINFO [0m:      Start `flwr-clientapp` process
[pipeline] conectando ao banco: postgresql://mosaicfl:senhaForte@localhost:5432/mo...
[pipeline] conexão OK
[pipeline] executando query (max_seq_len=128 — pode levar alguns minutos)...
[pipeline] query concluída em 7.2s — 1,518,538 linhas
[pipeline] filtrado para hospital_id='BPSP' — 1,518,538 linhas
[pipeline] 28,599 atendimentos únicos encontrados
[pipeline] usando vocabulário pré-compartilhado — 38 tokens
[pipeline] construindo tensores para 28,599 sequências...
[pipeline] tensores: 2,859/28,599 (10%)
[pipeline] tensores: 5,718/28,599 (20%)
[pipeline] tensores: 8,577/28,599 (30%)
[pipeline] tensores: 11,436/28,599 (40%)
[pipeline] tensores: 14,295/28,599 (50%)
[pipeline] tensores: 17,154/28,599 (60%)
[pipeline] tensores: 20,013/28,599 (70%)
[pipeline] tensores: 22,872/28,599 (80%)
[pipeline] tensores: 25,731/28,599 (90%)
[pipeline] tensores: 28,590/28,599 (100%)
[pipeline] tensores prontos em 3.6s
[pipeline] concluído em 11.2s total — 28,599 pacientes | dist={0: 15892, 1: 318, 2: 120, 3: 9448, 4: 2821} | demográficos: age_mean=0.51 sex_M=13664/28599
[92mINFO [0m:      
[92mINFO [0m:      
[92mINFO [0m:      [RUN 3963248972974576500, ROUND 65]
[92mINFO [0m:      Sending: evaluate message (ID: a5b3f71140194740a126cca23c7e5a3136bfd5823ee7dd94887de18cb9101bb5)
[92mINFO [0m:      Sent successfully
[92mINFO [0m:      
[92mINFO [0m:      [RUN 3963248972974576500, ROUND 66]
[92mINFO [0m:      Receiving: train message (ID: 66b5e9f9cdf15bbb85183834c7790e7ad7df673f1a3fa4cf8780d24619cadf7e)
[92mINFO [0m:      Received successfully
[92mINFO [0m:      Start `flwr-clientapp` process
[pipeline] conectando ao banco: postgresql://mosaicfl:senhaForte@localhost:5432/mo...
[pipeline] conexão OK
[pipeline] executando query (max_seq_len=128 — pode levar alguns minutos)...
[pipeline] query concluída em 7.1s — 1,518,538 linhas
[pipeline] filtrado para hospital_id='BPSP' — 1,518,538 linhas
[pipeline] 28,599 atendimentos únicos encontrados
[pipeline] usando vocabulário pré-compartilhado — 38 tokens
[pipeline] construindo tensores para 28,599 sequências...
[pipeline] tensores: 2,859/28,599 (10%)
[pipeline] tensores: 5,718/28,599 (20%)
[pipeline] tensores: 8,577/28,599 (30%)
[pipeline] tensores: 11,436/28,599 (40%)
[pipeline] tensores: 14,295/28,599 (50%)
[pipeline] tensores: 17,154/28,599 (60%)
[pipeline] tensores: 20,013/28,599 (70%)
[pipeline] tensores: 22,872/28,599 (80%)
[pipeline] tensores: 25,731/28,599 (90%)
[pipeline] tensores: 28,590/28,599 (100%)
[pipeline] tensores prontos em 3.6s
[pipeline] concluído em 11.1s total — 28,599 pacientes | dist={0: 15892, 1: 318, 2: 120, 3: 9448, 4: 2821} | demográficos: age_mean=0.51 sex_M=13664/28599
[92mINFO [0m:      
[92mINFO [0m:      
[92mINFO [0m:      [RUN 3963248972974576500, ROUND 66]
[92mINFO [0m:      Sending: train message (ID: dd6d16b351b3e7e8ab1e787e103f7c7c48804870a512732046db01f1e66674dd)
[92mINFO [0m:      Sent successfully
[92mINFO [0m:      
[92mINFO [0m:      [RUN 3963248972974576500, ROUND 66]
[92mINFO [0m:      Receiving: evaluate message (ID: 25ca6ff78d864a61e15e29e9e9115cf1b4bbb40c08c52e976fc8bbe66a65f9d5)
[92mINFO [0m:      Received successfully
[92mINFO [0m:      Start `flwr-clientapp` process
[pipeline] conectando ao banco: postgresql://mosaicfl:senhaForte@localhost:5432/mo...
[pipeline] conexão OK
[pipeline] executando query (max_seq_len=128 — pode levar alguns minutos)...
[pipeline] query concluída em 7.2s — 1,518,538 linhas
[pipeline] filtrado para hospital_id='BPSP' — 1,518,538 linhas
[pipeline] 28,599 atendimentos únicos encontrados
[pipeline] usando vocabulário pré-compartilhado — 38 tokens
[pipeline] construindo tensores para 28,599 sequências...
[pipeline] tensores: 2,859/28,599 (10%)
[pipeline] tensores: 5,718/28,599 (20%)
[pipeline] tensores: 8,577/28,599 (30%)
[pipeline] tensores: 11,436/28,599 (40%)
[pipeline] tensores: 14,295/28,599 (50%)
[pipeline] tensores: 17,154/28,599 (60%)
[pipeline] tensores: 20,013/28,599 (70%)
[pipeline] tensores: 22,872/28,599 (80%)
[pipeline] tensores: 25,731/28,599 (90%)
[pipeline] tensores: 28,590/28,599 (100%)
[pipeline] tensores prontos em 3.6s
[pipeline] concluído em 11.0s total — 28,599 pacientes | dist={0: 15892, 1: 318, 2: 120, 3: 9448, 4: 2821} | demográficos: age_mean=0.51 sex_M=13664/28599
[92mINFO [0m:      
[92mINFO [0m:      
[92mINFO [0m:      [RUN 3963248972974576500, ROUND 66]
[92mINFO [0m:      Sending: evaluate message (ID: 5ebd3d1d37ff1724324cd9d7f877c16829e5918ad59ee2fb9f86b5d2199c26fb)
[92mINFO [0m:      Sent successfully
[92mINFO [0m:      
[92mINFO [0m:      [RUN 3963248972974576500, ROUND 67]
[92mINFO [0m:      Receiving: train message (ID: 59557554e6a1da5ce5690991f327493a23c54f1351686ad92cd6a8260ea79601)
[92mINFO [0m:      Received successfully
[92mINFO [0m:      Start `flwr-clientapp` process
[pipeline] conectando ao banco: postgresql://mosaicfl:senhaForte@localhost:5432/mo...
[pipeline] conexão OK
[pipeline] executando query (max_seq_len=128 — pode levar alguns minutos)...
[pipeline] query concluída em 7.3s — 1,518,538 linhas
[pipeline] filtrado para hospital_id='BPSP' — 1,518,538 linhas
[pipeline] 28,599 atendimentos únicos encontrados
[pipeline] usando vocabulário pré-compartilhado — 38 tokens
[pipeline] construindo tensores para 28,599 sequências...
[pipeline] tensores: 2,859/28,599 (10%)
[pipeline] tensores: 5,718/28,599 (20%)
[pipeline] tensores: 8,577/28,599 (30%)
[pipeline] tensores: 11,436/28,599 (40%)
[pipeline] tensores: 14,295/28,599 (50%)
[pipeline] tensores: 17,154/28,599 (60%)
[pipeline] tensores: 20,013/28,599 (70%)
[pipeline] tensores: 22,872/28,599 (80%)
[pipeline] tensores: 25,731/28,599 (90%)
[pipeline] tensores: 28,590/28,599 (100%)
[pipeline] tensores prontos em 3.6s
[pipeline] concluído em 11.2s total — 28,599 pacientes | dist={0: 15892, 1: 318, 2: 120, 3: 9448, 4: 2821} | demográficos: age_mean=0.51 sex_M=13664/28599
[92mINFO [0m:      
[92mINFO [0m:      
[92mINFO [0m:      [RUN 3963248972974576500, ROUND 67]
[92mINFO [0m:      Sending: train message (ID: bb66c2b170b39ea507aa2a910d097d5d65c16518b1ceb06e7c66ff71f207f22a)
[92mINFO [0m:      Sent successfully
[92mINFO [0m:      
[92mINFO [0m:      [RUN 3963248972974576500, ROUND 67]
[92mINFO [0m:      Receiving: evaluate message (ID: 844f1f931837d551a771dad0e6f9b058efd7697147b868186dbe16e26dff003d)
[92mINFO [0m:      Received successfully
[92mINFO [0m:      Start `flwr-clientapp` process
[pipeline] conectando ao banco: postgresql://mosaicfl:senhaForte@localhost:5432/mo...
[pipeline] conexão OK
[pipeline] executando query (max_seq_len=128 — pode levar alguns minutos)...
[pipeline] query concluída em 7.1s — 1,518,538 linhas
[pipeline] filtrado para hospital_id='BPSP' — 1,518,538 linhas
[pipeline] 28,599 atendimentos únicos encontrados
[pipeline] usando vocabulário pré-compartilhado — 38 tokens
[pipeline] construindo tensores para 28,599 sequências...
[pipeline] tensores: 2,859/28,599 (10%)
[pipeline] tensores: 5,718/28,599 (20%)
[pipeline] tensores: 8,577/28,599 (30%)
[pipeline] tensores: 11,436/28,599 (40%)
[pipeline] tensores: 14,295/28,599 (50%)
[pipeline] tensores: 17,154/28,599 (60%)
[pipeline] tensores: 20,013/28,599 (70%)
[pipeline] tensores: 22,872/28,599 (80%)
[pipeline] tensores: 25,731/28,599 (90%)
[pipeline] tensores: 28,590/28,599 (100%)
[pipeline] tensores prontos em 3.5s
[pipeline] concluído em 11.0s total — 28,599 pacientes | dist={0: 15892, 1: 318, 2: 120, 3: 9448, 4: 2821} | demográficos: age_mean=0.51 sex_M=13664/28599
[92mINFO [0m:      
[92mINFO [0m:      
[92mINFO [0m:      [RUN 3963248972974576500, ROUND 67]
[92mINFO [0m:      Sending: evaluate message (ID: 4331537aa91bf4555f0acfbf67de813d4b38422057ba9ee565783a9343eff278)
[92mINFO [0m:      Sent successfully
[92mINFO [0m:      
[92mINFO [0m:      [RUN 3963248972974576500, ROUND 68]
[92mINFO [0m:      Receiving: train message (ID: 6509142cb6b96b2fca9826596dda4902fbcf2a45342508143a559aedec7e545b)
[92mINFO [0m:      Received successfully
[92mINFO [0m:      Start `flwr-clientapp` process
[pipeline] conectando ao banco: postgresql://mosaicfl:senhaForte@localhost:5432/mo...
[pipeline] conexão OK
[pipeline] executando query (max_seq_len=128 — pode levar alguns minutos)...
[pipeline] query concluída em 7.2s — 1,518,538 linhas
[pipeline] filtrado para hospital_id='BPSP' — 1,518,538 linhas
[pipeline] 28,599 atendimentos únicos encontrados
[pipeline] usando vocabulário pré-compartilhado — 38 tokens
[pipeline] construindo tensores para 28,599 sequências...
[pipeline] tensores: 2,859/28,599 (10%)
[pipeline] tensores: 5,718/28,599 (20%)
[pipeline] tensores: 8,577/28,599 (30%)
[pipeline] tensores: 11,436/28,599 (40%)
[pipeline] tensores: 14,295/28,599 (50%)
[pipeline] tensores: 17,154/28,599 (60%)
[pipeline] tensores: 20,013/28,599 (70%)
[pipeline] tensores: 22,872/28,599 (80%)
[pipeline] tensores: 25,731/28,599 (90%)
[pipeline] tensores: 28,590/28,599 (100%)
[pipeline] tensores prontos em 3.6s
[pipeline] concluído em 11.1s total — 28,599 pacientes | dist={0: 15892, 1: 318, 2: 120, 3: 9448, 4: 2821} | demográficos: age_mean=0.51 sex_M=13664/28599
[92mINFO [0m:      
[92mINFO [0m:      
[92mINFO [0m:      [RUN 3963248972974576500, ROUND 68]
[92mINFO [0m:      Sending: train message (ID: 7b6c0ed99cdf000f67d48a7095ffcbf53fc9fb126636c7ef11c015b6ca47cdd9)
[92mINFO [0m:      Sent successfully
[92mINFO [0m:      
[92mINFO [0m:      [RUN 3963248972974576500, ROUND 68]
[92mINFO [0m:      Receiving: evaluate message (ID: 8a92cdb3b59ee2b7865d8581745bb1731a694f887e438032b3cbeda72633abea)
[92mINFO [0m:      Received successfully
[92mINFO [0m:      Start `flwr-clientapp` process
[pipeline] conectando ao banco: postgresql://mosaicfl:senhaForte@localhost:5432/mo...
[pipeline] conexão OK
[pipeline] executando query (max_seq_len=128 — pode levar alguns minutos)...
[pipeline] query concluída em 7.2s — 1,518,538 linhas
[pipeline] filtrado para hospital_id='BPSP' — 1,518,538 linhas
[pipeline] 28,599 atendimentos únicos encontrados
[pipeline] usando vocabulário pré-compartilhado — 38 tokens
[pipeline] construindo tensores para 28,599 sequências...
[pipeline] tensores: 2,859/28,599 (10%)
[pipeline] tensores: 5,718/28,599 (20%)
[pipeline] tensores: 8,577/28,599 (30%)
[pipeline] tensores: 11,436/28,599 (40%)
[pipeline] tensores: 14,295/28,599 (50%)
[pipeline] tensores: 17,154/28,599 (60%)
[pipeline] tensores: 20,013/28,599 (70%)
[pipeline] tensores: 22,872/28,599 (80%)
[pipeline] tensores: 25,731/28,599 (90%)
[pipeline] tensores: 28,590/28,599 (100%)
[pipeline] tensores prontos em 3.6s
[pipeline] concluído em 11.1s total — 28,599 pacientes | dist={0: 15892, 1: 318, 2: 120, 3: 9448, 4: 2821} | demográficos: age_mean=0.51 sex_M=13664/28599
[92mINFO [0m:      
[92mINFO [0m:      
[92mINFO [0m:      [RUN 3963248972974576500, ROUND 68]
[92mINFO [0m:      Sending: evaluate message (ID: 880c56a294017499864792d68cb1164cda872bc03e9fbc25b7f4484df7012df2)
[92mINFO [0m:      Sent successfully
[92mINFO [0m:      
[92mINFO [0m:      [RUN 3963248972974576500, ROUND 69]
[92mINFO [0m:      Receiving: train message (ID: b4e4ba47c53ff30b361fe1bc872e2f4f4f6bc0825a2c85d106bb236aad2b7ab8)
[92mINFO [0m:      Received successfully
[92mINFO [0m:      Start `flwr-clientapp` process
[pipeline] conectando ao banco: postgresql://mosaicfl:senhaForte@localhost:5432/mo...
[pipeline] conexão OK
[pipeline] executando query (max_seq_len=128 — pode levar alguns minutos)...
[pipeline] query concluída em 7.2s — 1,518,538 linhas
[pipeline] filtrado para hospital_id='BPSP' — 1,518,538 linhas
[pipeline] 28,599 atendimentos únicos encontrados
[pipeline] usando vocabulário pré-compartilhado — 38 tokens
[pipeline] construindo tensores para 28,599 sequências...
[pipeline] tensores: 2,859/28,599 (10%)
[pipeline] tensores: 5,718/28,599 (20%)
[pipeline] tensores: 8,577/28,599 (30%)
[pipeline] tensores: 11,436/28,599 (40%)
[pipeline] tensores: 14,295/28,599 (50%)
[pipeline] tensores: 17,154/28,599 (60%)
[pipeline] tensores: 20,013/28,599 (70%)
[pipeline] tensores: 22,872/28,599 (80%)
[pipeline] tensores: 25,731/28,599 (90%)
[pipeline] tensores: 28,590/28,599 (100%)
[pipeline] tensores prontos em 3.6s
[pipeline] concluído em 11.2s total — 28,599 pacientes | dist={0: 15892, 1: 318, 2: 120, 3: 9448, 4: 2821} | demográficos: age_mean=0.51 sex_M=13664/28599
[92mINFO [0m:      
[92mINFO [0m:      
[92mINFO [0m:      [RUN 3963248972974576500, ROUND 69]
[92mINFO [0m:      Sending: train message (ID: dcae0de028606b83e250d148127a2ecb377f1a6f300d7492c783ba1dc12ef320)
[92mINFO [0m:      Sent successfully
[92mINFO [0m:      
[92mINFO [0m:      [RUN 3963248972974576500, ROUND 69]
[92mINFO [0m:      Receiving: evaluate message (ID: 27502ca4cd703de2e228686f821ca5dc7ac12e51991e097a9d3d909c63827ea6)
[92mINFO [0m:      Received successfully
[92mINFO [0m:      Start `flwr-clientapp` process
[pipeline] conectando ao banco: postgresql://mosaicfl:senhaForte@localhost:5432/mo...
[pipeline] conexão OK
[pipeline] executando query (max_seq_len=128 — pode levar alguns minutos)...
[pipeline] query concluída em 7.1s — 1,518,538 linhas
[pipeline] filtrado para hospital_id='BPSP' — 1,518,538 linhas
[pipeline] 28,599 atendimentos únicos encontrados
[pipeline] usando vocabulário pré-compartilhado — 38 tokens
[pipeline] construindo tensores para 28,599 sequências...
[pipeline] tensores: 2,859/28,599 (10%)
[pipeline] tensores: 5,718/28,599 (20%)
[pipeline] tensores: 8,577/28,599 (30%)
[pipeline] tensores: 11,436/28,599 (40%)
[pipeline] tensores: 14,295/28,599 (50%)
[pipeline] tensores: 17,154/28,599 (60%)
[pipeline] tensores: 20,013/28,599 (70%)
[pipeline] tensores: 22,872/28,599 (80%)
[pipeline] tensores: 25,731/28,599 (90%)
[pipeline] tensores: 28,590/28,599 (100%)
[pipeline] tensores prontos em 3.6s
[pipeline] concluído em 11.1s total — 28,599 pacientes | dist={0: 15892, 1: 318, 2: 120, 3: 9448, 4: 2821} | demográficos: age_mean=0.51 sex_M=13664/28599
[92mINFO [0m:      
[92mINFO [0m:      
[92mINFO [0m:      [RUN 3963248972974576500, ROUND 69]
[92mINFO [0m:      Sending: evaluate message (ID: c4922265ee913f473e41a4eb7d842d57dfb8222815ecd3682f3468edcdff0820)
[92mINFO [0m:      Sent successfully
[92mINFO [0m:      
[92mINFO [0m:      [RUN 3963248972974576500, ROUND 70]
[92mINFO [0m:      Receiving: train message (ID: 793bf1bc9c09d2a10a0270c7a6bd32f3198ff70afc090760241e8037b3cefa02)
[92mINFO [0m:      Received successfully
[92mINFO [0m:      Start `flwr-clientapp` process
[pipeline] conectando ao banco: postgresql://mosaicfl:senhaForte@localhost:5432/mo...
[pipeline] conexão OK
[pipeline] executando query (max_seq_len=128 — pode levar alguns minutos)...
[pipeline] query concluída em 7.2s — 1,518,538 linhas
[pipeline] filtrado para hospital_id='BPSP' — 1,518,538 linhas
[pipeline] 28,599 atendimentos únicos encontrados
[pipeline] usando vocabulário pré-compartilhado — 38 tokens
[pipeline] construindo tensores para 28,599 sequências...
[pipeline] tensores: 2,859/28,599 (10%)
[pipeline] tensores: 5,718/28,599 (20%)
[pipeline] tensores: 8,577/28,599 (30%)
[pipeline] tensores: 11,436/28,599 (40%)
[pipeline] tensores: 14,295/28,599 (50%)
[pipeline] tensores: 17,154/28,599 (60%)
[pipeline] tensores: 20,013/28,599 (70%)
[pipeline] tensores: 22,872/28,599 (80%)
[pipeline] tensores: 25,731/28,599 (90%)
[pipeline] tensores: 28,590/28,599 (100%)
[pipeline] tensores prontos em 3.6s
[pipeline] concluído em 11.1s total — 28,599 pacientes | dist={0: 15892, 1: 318, 2: 120, 3: 9448, 4: 2821} | demográficos: age_mean=0.51 sex_M=13664/28599
[92mINFO [0m:      
[92mINFO [0m:      
[92mINFO [0m:      [RUN 3963248972974576500, ROUND 70]
[92mINFO [0m:      Sending: train message (ID: aeb5dc316fca77a3b12a19acf6cf07f25bca5aa71400d73984256fa64bb6dfd5)
[92mINFO [0m:      Sent successfully
[92mINFO [0m:      
[92mINFO [0m:      [RUN 3963248972974576500, ROUND 70]
[92mINFO [0m:      Receiving: evaluate message (ID: 427848850a14cd098b45ae50d107f18a128747c4794b6143d76065f103b0c6ac)
[92mINFO [0m:      Received successfully
[92mINFO [0m:      Start `flwr-clientapp` process
[pipeline] conectando ao banco: postgresql://mosaicfl:senhaForte@localhost:5432/mo...
[pipeline] conexão OK
[pipeline] executando query (max_seq_len=128 — pode levar alguns minutos)...
[pipeline] query concluída em 7.1s — 1,518,538 linhas
[pipeline] filtrado para hospital_id='BPSP' — 1,518,538 linhas
[pipeline] 28,599 atendimentos únicos encontrados
[pipeline] usando vocabulário pré-compartilhado — 38 tokens
[pipeline] construindo tensores para 28,599 sequências...
[pipeline] tensores: 2,859/28,599 (10%)
[pipeline] tensores: 5,718/28,599 (20%)
[pipeline] tensores: 8,577/28,599 (30%)
[pipeline] tensores: 11,436/28,599 (40%)
[pipeline] tensores: 14,295/28,599 (50%)
[pipeline] tensores: 17,154/28,599 (60%)
[pipeline] tensores: 20,013/28,599 (70%)
[pipeline] tensores: 22,872/28,599 (80%)
[pipeline] tensores: 25,731/28,599 (90%)
[pipeline] tensores: 28,590/28,599 (100%)
[pipeline] tensores prontos em 3.6s
[pipeline] concluído em 11.1s total — 28,599 pacientes | dist={0: 15892, 1: 318, 2: 120, 3: 9448, 4: 2821} | demográficos: age_mean=0.51 sex_M=13664/28599
[92mINFO [0m:      
[92mINFO [0m:      
[92mINFO [0m:      [RUN 3963248972974576500, ROUND 70]
[92mINFO [0m:      Sending: evaluate message (ID: 199abc81214c48438e346de222ad34a800961fedb62ea2dcad95a1dce248dfd4)
[92mINFO [0m:      Sent successfully
[92mINFO [0m:      
[92mINFO [0m:      [RUN 3963248972974576500, ROUND 71]
[92mINFO [0m:      Receiving: train message (ID: 142d5bb8fb406b67f41791c0a0460c8123f1a6d71d40ca165936817e33b9df0f)
[92mINFO [0m:      Received successfully
[92mINFO [0m:      Start `flwr-clientapp` process
[pipeline] conectando ao banco: postgresql://mosaicfl:senhaForte@localhost:5432/mo...
[pipeline] conexão OK
[pipeline] executando query (max_seq_len=128 — pode levar alguns minutos)...
[pipeline] query concluída em 7.2s — 1,518,538 linhas
[pipeline] filtrado para hospital_id='BPSP' — 1,518,538 linhas
[pipeline] 28,599 atendimentos únicos encontrados
[pipeline] usando vocabulário pré-compartilhado — 38 tokens
[pipeline] construindo tensores para 28,599 sequências...
[pipeline] tensores: 2,859/28,599 (10%)
[pipeline] tensores: 5,718/28,599 (20%)
[pipeline] tensores: 8,577/28,599 (30%)
[pipeline] tensores: 11,436/28,599 (40%)
[pipeline] tensores: 14,295/28,599 (50%)
[pipeline] tensores: 17,154/28,599 (60%)
[pipeline] tensores: 20,013/28,599 (70%)
[pipeline] tensores: 22,872/28,599 (80%)
[pipeline] tensores: 25,731/28,599 (90%)
[pipeline] tensores: 28,590/28,599 (100%)
[pipeline] tensores prontos em 3.6s
[pipeline] concluído em 11.1s total — 28,599 pacientes | dist={0: 15892, 1: 318, 2: 120, 3: 9448, 4: 2821} | demográficos: age_mean=0.51 sex_M=13664/28599
[92mINFO [0m:      
[92mINFO [0m:      
[92mINFO [0m:      [RUN 3963248972974576500, ROUND 71]
[92mINFO [0m:      Sending: train message (ID: e5b81317a92da88a912162b13915d02c904b85c7f39a8405f78cd19d2dd29920)
[92mINFO [0m:      Sent successfully
[92mINFO [0m:      
[92mINFO [0m:      [RUN 3963248972974576500, ROUND 71]
[92mINFO [0m:      Receiving: evaluate message (ID: 1f4ea436a726f595ab0035890afc7c8687ba8f73ff79bebd7c5a7296e515c4ce)
[92mINFO [0m:      Received successfully
[92mINFO [0m:      Start `flwr-clientapp` process
[pipeline] conectando ao banco: postgresql://mosaicfl:senhaForte@localhost:5432/mo...
[pipeline] conexão OK
[pipeline] executando query (max_seq_len=128 — pode levar alguns minutos)...
[pipeline] query concluída em 7.1s — 1,518,538 linhas
[pipeline] filtrado para hospital_id='BPSP' — 1,518,538 linhas
[pipeline] 28,599 atendimentos únicos encontrados
[pipeline] usando vocabulário pré-compartilhado — 38 tokens
[pipeline] construindo tensores para 28,599 sequências...
[pipeline] tensores: 2,859/28,599 (10%)
[pipeline] tensores: 5,718/28,599 (20%)
[pipeline] tensores: 8,577/28,599 (30%)
[pipeline] tensores: 11,436/28,599 (40%)
[pipeline] tensores: 14,295/28,599 (50%)
[pipeline] tensores: 17,154/28,599 (60%)
[pipeline] tensores: 20,013/28,599 (70%)
[pipeline] tensores: 22,872/28,599 (80%)
[pipeline] tensores: 25,731/28,599 (90%)
[pipeline] tensores: 28,590/28,599 (100%)
[pipeline] tensores prontos em 3.5s
[pipeline] concluído em 10.9s total — 28,599 pacientes | dist={0: 15892, 1: 318, 2: 120, 3: 9448, 4: 2821} | demográficos: age_mean=0.51 sex_M=13664/28599
[92mINFO [0m:      
[92mINFO [0m:      
[92mINFO [0m:      [RUN 3963248972974576500, ROUND 71]
[92mINFO [0m:      Sending: evaluate message (ID: f2faf5724f71215d68ba948c1c4ef150abfd082cd7bbcc035730c2bc56df8fdd)
[92mINFO [0m:      Sent successfully
[92mINFO [0m:      
[92mINFO [0m:      [RUN 3963248972974576500, ROUND 72]
[92mINFO [0m:      Receiving: train message (ID: bd8e8927e528c107e731700c2a3e24e94017be05e4bd199782ba815e1247e547)
[92mINFO [0m:      Received successfully
[92mINFO [0m:      Start `flwr-clientapp` process
[pipeline] conectando ao banco: postgresql://mosaicfl:senhaForte@localhost:5432/mo...
[pipeline] conexão OK
[pipeline] executando query (max_seq_len=128 — pode levar alguns minutos)...
[pipeline] query concluída em 7.2s — 1,518,538 linhas
[pipeline] filtrado para hospital_id='BPSP' — 1,518,538 linhas
[pipeline] 28,599 atendimentos únicos encontrados
[pipeline] usando vocabulário pré-compartilhado — 38 tokens
[pipeline] construindo tensores para 28,599 sequências...
[pipeline] tensores: 2,859/28,599 (10%)
[pipeline] tensores: 5,718/28,599 (20%)
[pipeline] tensores: 8,577/28,599 (30%)
[pipeline] tensores: 11,436/28,599 (40%)
[pipeline] tensores: 14,295/28,599 (50%)
[pipeline] tensores: 17,154/28,599 (60%)
[pipeline] tensores: 20,013/28,599 (70%)
[pipeline] tensores: 22,872/28,599 (80%)
[pipeline] tensores: 25,731/28,599 (90%)
[pipeline] tensores: 28,590/28,599 (100%)
[pipeline] tensores prontos em 3.6s
[pipeline] concluído em 11.1s total — 28,599 pacientes | dist={0: 15892, 1: 318, 2: 120, 3: 9448, 4: 2821} | demográficos: age_mean=0.51 sex_M=13664/28599
[92mINFO [0m:      
[92mINFO [0m:      [RUN 3963248972974576500, ROUND 72]
[92mINFO [0m:      Sending: train message (ID: 97de2c99e21bb4b919a27a14588994187d2ecf86b46940c45ffb92e497249942)
[92mINFO [0m:      
[92mINFO [0m:      Sent successfully
[92mINFO [0m:      
[92mINFO [0m:      [RUN 3963248972974576500, ROUND 72]
[92mINFO [0m:      Receiving: evaluate message (ID: d2ba94eaa1ba133d38f21bf3911094933eaf698414d5eac48f4a2fb9c34ed7a1)
[92mINFO [0m:      Received successfully
[92mINFO [0m:      Start `flwr-clientapp` process
[pipeline] conectando ao banco: postgresql://mosaicfl:senhaForte@localhost:5432/mo...
[pipeline] conexão OK
[pipeline] executando query (max_seq_len=128 — pode levar alguns minutos)...
[pipeline] query concluída em 7.1s — 1,518,538 linhas
[pipeline] filtrado para hospital_id='BPSP' — 1,518,538 linhas
[pipeline] 28,599 atendimentos únicos encontrados
[pipeline] usando vocabulário pré-compartilhado — 38 tokens
[pipeline] construindo tensores para 28,599 sequências...
[pipeline] tensores: 2,859/28,599 (10%)
[pipeline] tensores: 5,718/28,599 (20%)
[pipeline] tensores: 8,577/28,599 (30%)
[pipeline] tensores: 11,436/28,599 (40%)
[pipeline] tensores: 14,295/28,599 (50%)
[pipeline] tensores: 17,154/28,599 (60%)
[pipeline] tensores: 20,013/28,599 (70%)
[pipeline] tensores: 22,872/28,599 (80%)
[pipeline] tensores: 25,731/28,599 (90%)
[pipeline] tensores: 28,590/28,599 (100%)
[pipeline] tensores prontos em 3.6s
[pipeline] concluído em 11.0s total — 28,599 pacientes | dist={0: 15892, 1: 318, 2: 120, 3: 9448, 4: 2821} | demográficos: age_mean=0.51 sex_M=13664/28599
[92mINFO [0m:      
[92mINFO [0m:      
[92mINFO [0m:      [RUN 3963248972974576500, ROUND 72]
[92mINFO [0m:      Sending: evaluate message (ID: d99ef437b50a89b7dfee86057ae918ce84910e76329b67948507b76321735a9d)
[92mINFO [0m:      Sent successfully
[92mINFO [0m:      
[92mINFO [0m:      [RUN 3963248972974576500, ROUND 73]
[92mINFO [0m:      Receiving: train message (ID: 3352e9386cf4c14913d6777ece7fa83b1412c0f8c7e7ae6ffc717f4a6b3f7626)
[92mINFO [0m:      Received successfully
[92mINFO [0m:      Start `flwr-clientapp` process
[pipeline] conectando ao banco: postgresql://mosaicfl:senhaForte@localhost:5432/mo...
[pipeline] conexão OK
[pipeline] executando query (max_seq_len=128 — pode levar alguns minutos)...
[pipeline] query concluída em 7.1s — 1,518,538 linhas
[pipeline] filtrado para hospital_id='BPSP' — 1,518,538 linhas
[pipeline] 28,599 atendimentos únicos encontrados
[pipeline] usando vocabulário pré-compartilhado — 38 tokens
[pipeline] construindo tensores para 28,599 sequências...
[pipeline] tensores: 2,859/28,599 (10%)
[pipeline] tensores: 5,718/28,599 (20%)
[pipeline] tensores: 8,577/28,599 (30%)
[pipeline] tensores: 11,436/28,599 (40%)
[pipeline] tensores: 14,295/28,599 (50%)
[pipeline] tensores: 17,154/28,599 (60%)
[pipeline] tensores: 20,013/28,599 (70%)
[pipeline] tensores: 22,872/28,599 (80%)
[pipeline] tensores: 25,731/28,599 (90%)
[pipeline] tensores: 28,590/28,599 (100%)
[pipeline] tensores prontos em 3.6s
[pipeline] concluído em 11.0s total — 28,599 pacientes | dist={0: 15892, 1: 318, 2: 120, 3: 9448, 4: 2821} | demográficos: age_mean=0.51 sex_M=13664/28599
[92mINFO [0m:      
[92mINFO [0m:      
[92mINFO [0m:      [RUN 3963248972974576500, ROUND 73]
[92mINFO [0m:      Sending: train message (ID: 42bee4471b81cc6b3e1c9113aa665ebdd88715d79e4c0a9bd40686e608129ea8)
[92mINFO [0m:      Sent successfully
[92mINFO [0m:      
[92mINFO [0m:      [RUN 3963248972974576500, ROUND 73]
[92mINFO [0m:      Receiving: evaluate message (ID: e052917b5bc51fd1c044b11ac1d1b0761c60f1cfd0891ecb543bdacf8446c7d9)
[92mINFO [0m:      Received successfully
[92mINFO [0m:      Start `flwr-clientapp` process
[pipeline] conectando ao banco: postgresql://mosaicfl:senhaForte@localhost:5432/mo...
[pipeline] conexão OK
[pipeline] executando query (max_seq_len=128 — pode levar alguns minutos)...
[pipeline] query concluída em 7.1s — 1,518,538 linhas
[pipeline] filtrado para hospital_id='BPSP' — 1,518,538 linhas
[pipeline] 28,599 atendimentos únicos encontrados
[pipeline] usando vocabulário pré-compartilhado — 38 tokens
[pipeline] construindo tensores para 28,599 sequências...
[pipeline] tensores: 2,859/28,599 (10%)
[pipeline] tensores: 5,718/28,599 (20%)
[pipeline] tensores: 8,577/28,599 (30%)
[pipeline] tensores: 11,436/28,599 (40%)
[pipeline] tensores: 14,295/28,599 (50%)
[pipeline] tensores: 17,154/28,599 (60%)
[pipeline] tensores: 20,013/28,599 (70%)
[pipeline] tensores: 22,872/28,599 (80%)
[pipeline] tensores: 25,731/28,599 (90%)
[pipeline] tensores: 28,590/28,599 (100%)
[pipeline] tensores prontos em 3.6s
[pipeline] concluído em 11.1s total — 28,599 pacientes | dist={0: 15892, 1: 318, 2: 120, 3: 9448, 4: 2821} | demográficos: age_mean=0.51 sex_M=13664/28599
[92mINFO [0m:      
[92mINFO [0m:      
[92mINFO [0m:      [RUN 3963248972974576500, ROUND 73]
[92mINFO [0m:      Sending: evaluate message (ID: 8ee2bb53abaeb7c8b15c4ee13ae39f0cc9275fc70e2260689de6f98c6eb4581f)
[92mINFO [0m:      Sent successfully
[92mINFO [0m:      
[92mINFO [0m:      [RUN 3963248972974576500, ROUND 74]
[92mINFO [0m:      Receiving: train message (ID: 7a960b1d86cf0265f2cffc6bd69a6bc293b6e413be94a2a4b5140afe51d3abe7)
[92mINFO [0m:      Received successfully
[92mINFO [0m:      Start `flwr-clientapp` process
[pipeline] conectando ao banco: postgresql://mosaicfl:senhaForte@localhost:5432/mo...
[pipeline] conexão OK
[pipeline] executando query (max_seq_len=128 — pode levar alguns minutos)...
[pipeline] query concluída em 7.1s — 1,518,538 linhas
[pipeline] filtrado para hospital_id='BPSP' — 1,518,538 linhas
[pipeline] 28,599 atendimentos únicos encontrados
[pipeline] usando vocabulário pré-compartilhado — 38 tokens
[pipeline] construindo tensores para 28,599 sequências...
[pipeline] tensores: 2,859/28,599 (10%)
[pipeline] tensores: 5,718/28,599 (20%)
[pipeline] tensores: 8,577/28,599 (30%)
[pipeline] tensores: 11,436/28,599 (40%)
[pipeline] tensores: 14,295/28,599 (50%)
[pipeline] tensores: 17,154/28,599 (60%)
[pipeline] tensores: 20,013/28,599 (70%)
[pipeline] tensores: 22,872/28,599 (80%)
[pipeline] tensores: 25,731/28,599 (90%)
[pipeline] tensores: 28,590/28,599 (100%)
[pipeline] tensores prontos em 3.5s
[pipeline] concluído em 11.0s total — 28,599 pacientes | dist={0: 15892, 1: 318, 2: 120, 3: 9448, 4: 2821} | demográficos: age_mean=0.51 sex_M=13664/28599
[92mINFO [0m:      
[92mINFO [0m:      
[92mINFO [0m:      [RUN 3963248972974576500, ROUND 74]
[92mINFO [0m:      Sending: train message (ID: 7fcded56b652167ef838ac40929f8a877e885ad2b18426fe2721a4d3af3e764e)
[92mINFO [0m:      Sent successfully
[92mINFO [0m:      
[92mINFO [0m:      [RUN 3963248972974576500, ROUND 74]
[92mINFO [0m:      Receiving: evaluate message (ID: ad9878d674164b8283ca0e47c8b4416b199f08e06aebaed999740eaa7b1fe7e3)
[92mINFO [0m:      Received successfully
[92mINFO [0m:      Start `flwr-clientapp` process
[pipeline] conectando ao banco: postgresql://mosaicfl:senhaForte@localhost:5432/mo...
[pipeline] conexão OK
[pipeline] executando query (max_seq_len=128 — pode levar alguns minutos)...
[pipeline] query concluída em 7.1s — 1,518,538 linhas
[pipeline] filtrado para hospital_id='BPSP' — 1,518,538 linhas
[pipeline] 28,599 atendimentos únicos encontrados
[pipeline] usando vocabulário pré-compartilhado — 38 tokens
[pipeline] construindo tensores para 28,599 sequências...
[pipeline] tensores: 2,859/28,599 (10%)
[pipeline] tensores: 5,718/28,599 (20%)
[pipeline] tensores: 8,577/28,599 (30%)
[pipeline] tensores: 11,436/28,599 (40%)
[pipeline] tensores: 14,295/28,599 (50%)
[pipeline] tensores: 17,154/28,599 (60%)
[pipeline] tensores: 20,013/28,599 (70%)
[pipeline] tensores: 22,872/28,599 (80%)
[pipeline] tensores: 25,731/28,599 (90%)
[pipeline] tensores: 28,590/28,599 (100%)
[pipeline] tensores prontos em 3.6s
[pipeline] concluído em 11.1s total — 28,599 pacientes | dist={0: 15892, 1: 318, 2: 120, 3: 9448, 4: 2821} | demográficos: age_mean=0.51 sex_M=13664/28599
[92mINFO [0m:      
[92mINFO [0m:      
[92mINFO [0m:      [RUN 3963248972974576500, ROUND 74]
[92mINFO [0m:      Sending: evaluate message (ID: 1c8ac50b1556e2a951cdd5dd7cc7c52ea38694bec4432860772ca947e2830584)
[92mINFO [0m:      Sent successfully
[92mINFO [0m:      
[92mINFO [0m:      [RUN 3963248972974576500, ROUND 75]
[92mINFO [0m:      Receiving: train message (ID: c995add5ed971632fc5fdeb79c9254be33cf4248201c63112d09da28326d9855)
[92mINFO [0m:      Received successfully
[92mINFO [0m:      Start `flwr-clientapp` process
[pipeline] conectando ao banco: postgresql://mosaicfl:senhaForte@localhost:5432/mo...
[pipeline] conexão OK
[pipeline] executando query (max_seq_len=128 — pode levar alguns minutos)...
[pipeline] query concluída em 7.1s — 1,518,538 linhas
[pipeline] filtrado para hospital_id='BPSP' — 1,518,538 linhas
[pipeline] 28,599 atendimentos únicos encontrados
[pipeline] usando vocabulário pré-compartilhado — 38 tokens
[pipeline] construindo tensores para 28,599 sequências...
[pipeline] tensores: 2,859/28,599 (10%)
[pipeline] tensores: 5,718/28,599 (20%)
[pipeline] tensores: 8,577/28,599 (30%)
[pipeline] tensores: 11,436/28,599 (40%)
[pipeline] tensores: 14,295/28,599 (50%)
[pipeline] tensores: 17,154/28,599 (60%)
[pipeline] tensores: 20,013/28,599 (70%)
[pipeline] tensores: 22,872/28,599 (80%)
[pipeline] tensores: 25,731/28,599 (90%)
[pipeline] tensores: 28,590/28,599 (100%)
[pipeline] tensores prontos em 3.5s
[pipeline] concluído em 11.0s total — 28,599 pacientes | dist={0: 15892, 1: 318, 2: 120, 3: 9448, 4: 2821} | demográficos: age_mean=0.51 sex_M=13664/28599
[92mINFO [0m:      
[92mINFO [0m:      
[92mINFO [0m:      [RUN 3963248972974576500, ROUND 75]
[92mINFO [0m:      Sending: train message (ID: 070bd6a1ef3a84a5c660143120c7b809975cb6e82a266566f01a44586097db8c)
[92mINFO [0m:      Sent successfully
[92mINFO [0m:      
[92mINFO [0m:      [RUN 3963248972974576500, ROUND 75]
[92mINFO [0m:      Receiving: evaluate message (ID: 4c71e4aaa1a157df6214ffbad1cfc2fccc9771f7525686cdc9702a77f2dbae93)
[92mINFO [0m:      Received successfully
[92mINFO [0m:      Start `flwr-clientapp` process
[pipeline] conectando ao banco: postgresql://mosaicfl:senhaForte@localhost:5432/mo...
[pipeline] conexão OK
[pipeline] executando query (max_seq_len=128 — pode levar alguns minutos)...
[pipeline] query concluída em 7.2s — 1,518,538 linhas
[pipeline] filtrado para hospital_id='BPSP' — 1,518,538 linhas
[pipeline] 28,599 atendimentos únicos encontrados
[pipeline] usando vocabulário pré-compartilhado — 38 tokens
[pipeline] construindo tensores para 28,599 sequências...
[pipeline] tensores: 2,859/28,599 (10%)
[pipeline] tensores: 5,718/28,599 (20%)
[pipeline] tensores: 8,577/28,599 (30%)
[pipeline] tensores: 11,436/28,599 (40%)
[pipeline] tensores: 14,295/28,599 (50%)
[pipeline] tensores: 17,154/28,599 (60%)
[pipeline] tensores: 20,013/28,599 (70%)
[pipeline] tensores: 22,872/28,599 (80%)
[pipeline] tensores: 25,731/28,599 (90%)
[pipeline] tensores: 28,590/28,599 (100%)
[pipeline] tensores prontos em 3.6s
[pipeline] concluído em 11.1s total — 28,599 pacientes | dist={0: 15892, 1: 318, 2: 120, 3: 9448, 4: 2821} | demográficos: age_mean=0.51 sex_M=13664/28599
[92mINFO [0m:      
[92mINFO [0m:      
[92mINFO [0m:      [RUN 3963248972974576500, ROUND 75]
[92mINFO [0m:      Sending: evaluate message (ID: 32e019c923f59b085c6ad06e81908adc34b7311449a9108c36fad65769e5cb33)
[92mINFO [0m:      Sent successfully
[92mINFO [0m:      
[92mINFO [0m:      [RUN 3963248972974576500, ROUND 76]
[92mINFO [0m:      Receiving: train message (ID: e38ec22e57797b1083779165b681be1870b9e0731e08dd147e60fbc470b9a5d7)
[92mINFO [0m:      Received successfully
[92mINFO [0m:      Start `flwr-clientapp` process
[pipeline] conectando ao banco: postgresql://mosaicfl:senhaForte@localhost:5432/mo...
[pipeline] conexão OK
[pipeline] executando query (max_seq_len=128 — pode levar alguns minutos)...
[pipeline] query concluída em 7.2s — 1,518,538 linhas
[pipeline] filtrado para hospital_id='BPSP' — 1,518,538 linhas
[pipeline] 28,599 atendimentos únicos encontrados
[pipeline] usando vocabulário pré-compartilhado — 38 tokens
[pipeline] construindo tensores para 28,599 sequências...
[pipeline] tensores: 2,859/28,599 (10%)
[pipeline] tensores: 5,718/28,599 (20%)
[pipeline] tensores: 8,577/28,599 (30%)
[pipeline] tensores: 11,436/28,599 (40%)
[pipeline] tensores: 14,295/28,599 (50%)
[pipeline] tensores: 17,154/28,599 (60%)
[pipeline] tensores: 20,013/28,599 (70%)
[pipeline] tensores: 22,872/28,599 (80%)
[pipeline] tensores: 25,731/28,599 (90%)
[pipeline] tensores: 28,590/28,599 (100%)
[pipeline] tensores prontos em 3.5s
[pipeline] concluído em 11.1s total — 28,599 pacientes | dist={0: 15892, 1: 318, 2: 120, 3: 9448, 4: 2821} | demográficos: age_mean=0.51 sex_M=13664/28599
[92mINFO [0m:      
[92mINFO [0m:      
[92mINFO [0m:      [RUN 3963248972974576500, ROUND 76]
[92mINFO [0m:      Sending: train message (ID: 29c02c89cfa642f03eb48593b508e6ed102f1f3735eecb07d42c60f3ff32fda3)
[92mINFO [0m:      Sent successfully
[92mINFO [0m:      
[92mINFO [0m:      [RUN 3963248972974576500, ROUND 76]
[92mINFO [0m:      Receiving: evaluate message (ID: 7757a992d6d42bc7536c3b1c4ac0d7561b54dee0987723d266e550a8d0cbce8d)
[92mINFO [0m:      Received successfully
[92mINFO [0m:      Start `flwr-clientapp` process
[pipeline] conectando ao banco: postgresql://mosaicfl:senhaForte@localhost:5432/mo...
[pipeline] conexão OK
[pipeline] executando query (max_seq_len=128 — pode levar alguns minutos)...
[pipeline] query concluída em 7.1s — 1,518,538 linhas
[pipeline] filtrado para hospital_id='BPSP' — 1,518,538 linhas
[pipeline] 28,599 atendimentos únicos encontrados
[pipeline] usando vocabulário pré-compartilhado — 38 tokens
[pipeline] construindo tensores para 28,599 sequências...
[pipeline] tensores: 2,859/28,599 (10%)
[pipeline] tensores: 5,718/28,599 (20%)
[pipeline] tensores: 8,577/28,599 (30%)
[pipeline] tensores: 11,436/28,599 (40%)
[pipeline] tensores: 14,295/28,599 (50%)
[pipeline] tensores: 17,154/28,599 (60%)
[pipeline] tensores: 20,013/28,599 (70%)
[pipeline] tensores: 22,872/28,599 (80%)
[pipeline] tensores: 25,731/28,599 (90%)
[pipeline] tensores: 28,590/28,599 (100%)
[pipeline] tensores prontos em 3.6s
[pipeline] concluído em 11.1s total — 28,599 pacientes | dist={0: 15892, 1: 318, 2: 120, 3: 9448, 4: 2821} | demográficos: age_mean=0.51 sex_M=13664/28599
[92mINFO [0m:      
[92mINFO [0m:      [RUN 3963248972974576500, ROUND 76]
[92mINFO [0m:      Sending: evaluate message (ID: 6b2d594f718b9caae11fa2b8b898ce4ac23dcb2b29d867c0f81e25cf8dc672fc)
[92mINFO [0m:      
[92mINFO [0m:      Sent successfully
[92mINFO [0m:      
[92mINFO [0m:      [RUN 3963248972974576500, ROUND 77]
[92mINFO [0m:      Receiving: train message (ID: 7398545a8bb12221a32c96944e6210369613db62d61bcd495763a4545b8ae38f)
[92mINFO [0m:      Received successfully
[92mINFO [0m:      Start `flwr-clientapp` process
[pipeline] conectando ao banco: postgresql://mosaicfl:senhaForte@localhost:5432/mo...
[pipeline] conexão OK
[pipeline] executando query (max_seq_len=128 — pode levar alguns minutos)...
[pipeline] query concluída em 7.2s — 1,518,538 linhas
[pipeline] filtrado para hospital_id='BPSP' — 1,518,538 linhas
[pipeline] 28,599 atendimentos únicos encontrados
[pipeline] usando vocabulário pré-compartilhado — 38 tokens
[pipeline] construindo tensores para 28,599 sequências...
[pipeline] tensores: 2,859/28,599 (10%)
[pipeline] tensores: 5,718/28,599 (20%)
[pipeline] tensores: 8,577/28,599 (30%)
[pipeline] tensores: 11,436/28,599 (40%)
[pipeline] tensores: 14,295/28,599 (50%)
[pipeline] tensores: 17,154/28,599 (60%)
[pipeline] tensores: 20,013/28,599 (70%)
[pipeline] tensores: 22,872/28,599 (80%)
[pipeline] tensores: 25,731/28,599 (90%)
[pipeline] tensores: 28,590/28,599 (100%)
[pipeline] tensores prontos em 3.6s
[pipeline] concluído em 11.2s total — 28,599 pacientes | dist={0: 15892, 1: 318, 2: 120, 3: 9448, 4: 2821} | demográficos: age_mean=0.51 sex_M=13664/28599
[92mINFO [0m:      
[92mINFO [0m:      [RUN 3963248972974576500, ROUND 77]
[92mINFO [0m:      Sending: train message (ID: 2b3eeae7fa5b3753025145360781cf0a5b163bc045e39ba9ce02fd6b1c73ea57)
[92mINFO [0m:      
[92mINFO [0m:      Sent successfully
[92mINFO [0m:      
[92mINFO [0m:      [RUN 3963248972974576500, ROUND 77]
[92mINFO [0m:      Receiving: evaluate message (ID: 6ceeb394efe7e26d235394fca0b96c7a3a2999294f60e5bd318792150f073d52)
[92mINFO [0m:      Received successfully
[92mINFO [0m:      Start `flwr-clientapp` process
[pipeline] conectando ao banco: postgresql://mosaicfl:senhaForte@localhost:5432/mo...
[pipeline] conexão OK
[pipeline] executando query (max_seq_len=128 — pode levar alguns minutos)...
[pipeline] query concluída em 7.1s — 1,518,538 linhas
[pipeline] filtrado para hospital_id='BPSP' — 1,518,538 linhas
[pipeline] 28,599 atendimentos únicos encontrados
[pipeline] usando vocabulário pré-compartilhado — 38 tokens
[pipeline] construindo tensores para 28,599 sequências...
[pipeline] tensores: 2,859/28,599 (10%)
[pipeline] tensores: 5,718/28,599 (20%)
[pipeline] tensores: 8,577/28,599 (30%)
[pipeline] tensores: 11,436/28,599 (40%)
[pipeline] tensores: 14,295/28,599 (50%)
[pipeline] tensores: 17,154/28,599 (60%)
[pipeline] tensores: 20,013/28,599 (70%)
[pipeline] tensores: 22,872/28,599 (80%)
[pipeline] tensores: 25,731/28,599 (90%)
[pipeline] tensores: 28,590/28,599 (100%)
[pipeline] tensores prontos em 3.6s
[pipeline] concluído em 11.1s total — 28,599 pacientes | dist={0: 15892, 1: 318, 2: 120, 3: 9448, 4: 2821} | demográficos: age_mean=0.51 sex_M=13664/28599
[92mINFO [0m:      
[92mINFO [0m:      
[92mINFO [0m:      [RUN 3963248972974576500, ROUND 77]
[92mINFO [0m:      Sending: evaluate message (ID: a38d2eb50c4d02229a92e3a265ab19bdaa4b208ddbfae39d9175497e3c5bc35b)
[92mINFO [0m:      Sent successfully
[92mINFO [0m:      
[92mINFO [0m:      [RUN 3963248972974576500, ROUND 78]
[92mINFO [0m:      Receiving: train message (ID: 55642c418fd18371df23f987b783725a48d86755e50c471151ef5e5746570a38)
[92mINFO [0m:      Received successfully
[92mINFO [0m:      Start `flwr-clientapp` process
[pipeline] conectando ao banco: postgresql://mosaicfl:senhaForte@localhost:5432/mo...
[pipeline] conexão OK
[pipeline] executando query (max_seq_len=128 — pode levar alguns minutos)...
[pipeline] query concluída em 7.2s — 1,518,538 linhas
[pipeline] filtrado para hospital_id='BPSP' — 1,518,538 linhas
[pipeline] 28,599 atendimentos únicos encontrados
[pipeline] usando vocabulário pré-compartilhado — 38 tokens
[pipeline] construindo tensores para 28,599 sequências...
[pipeline] tensores: 2,859/28,599 (10%)
[pipeline] tensores: 5,718/28,599 (20%)
[pipeline] tensores: 8,577/28,599 (30%)
[pipeline] tensores: 11,436/28,599 (40%)
[pipeline] tensores: 14,295/28,599 (50%)
[pipeline] tensores: 17,154/28,599 (60%)
[pipeline] tensores: 20,013/28,599 (70%)
[pipeline] tensores: 22,872/28,599 (80%)
[pipeline] tensores: 25,731/28,599 (90%)
[pipeline] tensores: 28,590/28,599 (100%)
[pipeline] tensores prontos em 3.6s
[pipeline] concluído em 11.2s total — 28,599 pacientes | dist={0: 15892, 1: 318, 2: 120, 3: 9448, 4: 2821} | demográficos: age_mean=0.51 sex_M=13664/28599
[92mINFO [0m:      
[92mINFO [0m:      [RUN 3963248972974576500, ROUND 78]
[92mINFO [0m:      Sending: train message (ID: f3b52fe5e99cb24b61e3adde7200f3376773f8ca5efdf52bda190299f8c7804d)
[92mINFO [0m:      
[92mINFO [0m:      Sent successfully
[92mINFO [0m:      
[92mINFO [0m:      [RUN 3963248972974576500, ROUND 78]
[92mINFO [0m:      Receiving: evaluate message (ID: 3f873cf22479b9774e1099b07a95363f3ae46e7159167ab991b67e5a265458a6)
[92mINFO [0m:      Received successfully
[92mINFO [0m:      Start `flwr-clientapp` process
[pipeline] conectando ao banco: postgresql://mosaicfl:senhaForte@localhost:5432/mo...
[pipeline] conexão OK
[pipeline] executando query (max_seq_len=128 — pode levar alguns minutos)...
[pipeline] query concluída em 7.2s — 1,518,538 linhas
[pipeline] filtrado para hospital_id='BPSP' — 1,518,538 linhas
[pipeline] 28,599 atendimentos únicos encontrados
[pipeline] usando vocabulário pré-compartilhado — 38 tokens
[pipeline] construindo tensores para 28,599 sequências...
[pipeline] tensores: 2,859/28,599 (10%)
[pipeline] tensores: 5,718/28,599 (20%)
[pipeline] tensores: 8,577/28,599 (30%)
[pipeline] tensores: 11,436/28,599 (40%)
[pipeline] tensores: 14,295/28,599 (50%)
[pipeline] tensores: 17,154/28,599 (60%)
[pipeline] tensores: 20,013/28,599 (70%)
[pipeline] tensores: 22,872/28,599 (80%)
[pipeline] tensores: 25,731/28,599 (90%)
[pipeline] tensores: 28,590/28,599 (100%)
[pipeline] tensores prontos em 3.6s
[pipeline] concluído em 11.0s total — 28,599 pacientes | dist={0: 15892, 1: 318, 2: 120, 3: 9448, 4: 2821} | demográficos: age_mean=0.51 sex_M=13664/28599
[92mINFO [0m:      
[92mINFO [0m:      
[92mINFO [0m:      [RUN 3963248972974576500, ROUND 78]
[92mINFO [0m:      Sending: evaluate message (ID: 6de3143f0188f1ea54320adc4d41c1997172cf076a9fe3f9d82dcd0a456d2dac)
[92mINFO [0m:      Sent successfully
[92mINFO [0m:      
[92mINFO [0m:      [RUN 3963248972974576500, ROUND 79]
[92mINFO [0m:      Receiving: train message (ID: d297f74ab4828c0cb20b27ed1cab31d7c11453db6797d0bd73632fb030cd167f)
[92mINFO [0m:      Received successfully
[92mINFO [0m:      Start `flwr-clientapp` process
[pipeline] conectando ao banco: postgresql://mosaicfl:senhaForte@localhost:5432/mo...
[pipeline] conexão OK
[pipeline] executando query (max_seq_len=128 — pode levar alguns minutos)...
[pipeline] query concluída em 7.1s — 1,518,538 linhas
[pipeline] filtrado para hospital_id='BPSP' — 1,518,538 linhas
[pipeline] 28,599 atendimentos únicos encontrados
[pipeline] usando vocabulário pré-compartilhado — 38 tokens
[pipeline] construindo tensores para 28,599 sequências...
[pipeline] tensores: 2,859/28,599 (10%)
[pipeline] tensores: 5,718/28,599 (20%)
[pipeline] tensores: 8,577/28,599 (30%)
[pipeline] tensores: 11,436/28,599 (40%)
[pipeline] tensores: 14,295/28,599 (50%)
[pipeline] tensores: 17,154/28,599 (60%)
[pipeline] tensores: 20,013/28,599 (70%)
[pipeline] tensores: 22,872/28,599 (80%)
[pipeline] tensores: 25,731/28,599 (90%)
[pipeline] tensores: 28,590/28,599 (100%)
[pipeline] tensores prontos em 3.6s
[pipeline] concluído em 11.0s total — 28,599 pacientes | dist={0: 15892, 1: 318, 2: 120, 3: 9448, 4: 2821} | demográficos: age_mean=0.51 sex_M=13664/28599
[92mINFO [0m:      
[92mINFO [0m:      
[92mINFO [0m:      [RUN 3963248972974576500, ROUND 79]
[92mINFO [0m:      Sending: train message (ID: e72f022722f7da767370bc3d1bfac12d8ad307a5b4be6c497de4c5b9ecc3c8c3)
[92mINFO [0m:      Sent successfully
[92mINFO [0m:      
[92mINFO [0m:      [RUN 3963248972974576500, ROUND 79]
[92mINFO [0m:      Receiving: evaluate message (ID: 0e0ce4cb593724043657de68b2a999dd3479759f537066fce238d1adcc66b889)
[92mINFO [0m:      Received successfully
[92mINFO [0m:      Start `flwr-clientapp` process
[pipeline] conectando ao banco: postgresql://mosaicfl:senhaForte@localhost:5432/mo...
[pipeline] conexão OK
[pipeline] executando query (max_seq_len=128 — pode levar alguns minutos)...
[pipeline] query concluída em 7.1s — 1,518,538 linhas
[pipeline] filtrado para hospital_id='BPSP' — 1,518,538 linhas
[pipeline] 28,599 atendimentos únicos encontrados
[pipeline] usando vocabulário pré-compartilhado — 38 tokens
[pipeline] construindo tensores para 28,599 sequências...
[pipeline] tensores: 2,859/28,599 (10%)
[pipeline] tensores: 5,718/28,599 (20%)
[pipeline] tensores: 8,577/28,599 (30%)
[pipeline] tensores: 11,436/28,599 (40%)
[pipeline] tensores: 14,295/28,599 (50%)
[pipeline] tensores: 17,154/28,599 (60%)
[pipeline] tensores: 20,013/28,599 (70%)
[pipeline] tensores: 22,872/28,599 (80%)
[pipeline] tensores: 25,731/28,599 (90%)
[pipeline] tensores: 28,590/28,599 (100%)
[pipeline] tensores prontos em 3.6s
[pipeline] concluído em 11.0s total — 28,599 pacientes | dist={0: 15892, 1: 318, 2: 120, 3: 9448, 4: 2821} | demográficos: age_mean=0.51 sex_M=13664/28599
[92mINFO [0m:      
[92mINFO [0m:      
[92mINFO [0m:      [RUN 3963248972974576500, ROUND 79]
[92mINFO [0m:      Sending: evaluate message (ID: b045b0c677f476ced51a9c4fe72d40cd6241e7133a84f108f9f27b8a52d61a17)
[92mINFO [0m:      Sent successfully
[92mINFO [0m:      
[92mINFO [0m:      [RUN 3963248972974576500, ROUND 80]
[92mINFO [0m:      Receiving: train message (ID: 1b3f5bf8f2ff2177783ba2f88d2b9a56420ce3fffccb5d2ffa3c2065f62fa6ee)
[92mINFO [0m:      Received successfully
[92mINFO [0m:      Start `flwr-clientapp` process
[pipeline] conectando ao banco: postgresql://mosaicfl:senhaForte@localhost:5432/mo...
[pipeline] conexão OK
[pipeline] executando query (max_seq_len=128 — pode levar alguns minutos)...
[pipeline] query concluída em 7.2s — 1,518,538 linhas
[pipeline] filtrado para hospital_id='BPSP' — 1,518,538 linhas
[pipeline] 28,599 atendimentos únicos encontrados
[pipeline] usando vocabulário pré-compartilhado — 38 tokens
[pipeline] construindo tensores para 28,599 sequências...
[pipeline] tensores: 2,859/28,599 (10%)
[pipeline] tensores: 5,718/28,599 (20%)
[pipeline] tensores: 8,577/28,599 (30%)
[pipeline] tensores: 11,436/28,599 (40%)
[pipeline] tensores: 14,295/28,599 (50%)
[pipeline] tensores: 17,154/28,599 (60%)
[pipeline] tensores: 20,013/28,599 (70%)
[pipeline] tensores: 22,872/28,599 (80%)
[pipeline] tensores: 25,731/28,599 (90%)
[pipeline] tensores: 28,590/28,599 (100%)
[pipeline] tensores prontos em 3.6s
[pipeline] concluído em 11.2s total — 28,599 pacientes | dist={0: 15892, 1: 318, 2: 120, 3: 9448, 4: 2821} | demográficos: age_mean=0.51 sex_M=13664/28599
[92mINFO [0m:      
[92mINFO [0m:      
[92mINFO [0m:      [RUN 3963248972974576500, ROUND 80]
[92mINFO [0m:      Sending: train message (ID: b951812e311be93bed29808ff2f38e2a9f1fc34db77dc4c71401b761d61a5a1d)
[92mINFO [0m:      Sent successfully
[92mINFO [0m:      
[92mINFO [0m:      [RUN 3963248972974576500, ROUND 80]
[92mINFO [0m:      Receiving: evaluate message (ID: 0a245728bfac6defaad472b55b08b03b9052cf1b449c23a8c4f520b9deed95d6)
[92mINFO [0m:      Received successfully
[92mINFO [0m:      Start `flwr-clientapp` process
[pipeline] conectando ao banco: postgresql://mosaicfl:senhaForte@localhost:5432/mo...
[pipeline] conexão OK
[pipeline] executando query (max_seq_len=128 — pode levar alguns minutos)...
[pipeline] query concluída em 7.2s — 1,518,538 linhas
[pipeline] filtrado para hospital_id='BPSP' — 1,518,538 linhas
[pipeline] 28,599 atendimentos únicos encontrados
[pipeline] usando vocabulário pré-compartilhado — 38 tokens
[pipeline] construindo tensores para 28,599 sequências...
[pipeline] tensores: 2,859/28,599 (10%)
[pipeline] tensores: 5,718/28,599 (20%)
[pipeline] tensores: 8,577/28,599 (30%)
[pipeline] tensores: 11,436/28,599 (40%)
[pipeline] tensores: 14,295/28,599 (50%)
[pipeline] tensores: 17,154/28,599 (60%)
[pipeline] tensores: 20,013/28,599 (70%)
[pipeline] tensores: 22,872/28,599 (80%)
[pipeline] tensores: 25,731/28,599 (90%)
[pipeline] tensores: 28,590/28,599 (100%)
[pipeline] tensores prontos em 3.6s
[pipeline] concluído em 11.2s total — 28,599 pacientes | dist={0: 15892, 1: 318, 2: 120, 3: 9448, 4: 2821} | demográficos: age_mean=0.51 sex_M=13664/28599
[92mINFO [0m:      
[92mINFO [0m:      
[92mINFO [0m:      [RUN 3963248972974576500, ROUND 80]
[92mINFO [0m:      Sending: evaluate message (ID: 631272c652662169ed1831cddd0241bf6dc7c3b0e0874815809640aa06399b7d)
[92mINFO [0m:      Sent successfully
[92mINFO [0m:      
[92mINFO [0m:      [RUN 3963248972974576500, ROUND 81]
[92mINFO [0m:      Receiving: train message (ID: 45f41bac1cea7cd9235366e0de5941201e6f511564d96833599c053831080141)
[92mINFO [0m:      Received successfully
[92mINFO [0m:      Start `flwr-clientapp` process
[pipeline] conectando ao banco: postgresql://mosaicfl:senhaForte@localhost:5432/mo...
[pipeline] conexão OK
[pipeline] executando query (max_seq_len=128 — pode levar alguns minutos)...
[pipeline] query concluída em 7.2s — 1,518,538 linhas
[pipeline] filtrado para hospital_id='BPSP' — 1,518,538 linhas
[pipeline] 28,599 atendimentos únicos encontrados
[pipeline] usando vocabulário pré-compartilhado — 38 tokens
[pipeline] construindo tensores para 28,599 sequências...
[pipeline] tensores: 2,859/28,599 (10%)
[pipeline] tensores: 5,718/28,599 (20%)
[pipeline] tensores: 8,577/28,599 (30%)
[pipeline] tensores: 11,436/28,599 (40%)
[pipeline] tensores: 14,295/28,599 (50%)
[pipeline] tensores: 17,154/28,599 (60%)
[pipeline] tensores: 20,013/28,599 (70%)
[pipeline] tensores: 22,872/28,599 (80%)
[pipeline] tensores: 25,731/28,599 (90%)
[pipeline] tensores: 28,590/28,599 (100%)
[pipeline] tensores prontos em 3.6s
[pipeline] concluído em 11.2s total — 28,599 pacientes | dist={0: 15892, 1: 318, 2: 120, 3: 9448, 4: 2821} | demográficos: age_mean=0.51 sex_M=13664/28599
[92mINFO [0m:      
[92mINFO [0m:      [RUN 3963248972974576500, ROUND 81]
[92mINFO [0m:      Sending: train message (ID: 62c046a0f4104c63d023528e9e9d91b5034a1851edf44b3b62ec11b7ecf58163)
[92mINFO [0m:      
[92mINFO [0m:      Sent successfully
[92mINFO [0m:      
[92mINFO [0m:      [RUN 3963248972974576500, ROUND 81]
[92mINFO [0m:      Receiving: evaluate message (ID: 541f8d727e6acab82d749b6bebdc888dc43c8dc1b413b6c8235d761fdfb74b9e)
[92mINFO [0m:      Received successfully
[92mINFO [0m:      Start `flwr-clientapp` process
[pipeline] conectando ao banco: postgresql://mosaicfl:senhaForte@localhost:5432/mo...
[pipeline] conexão OK
[pipeline] executando query (max_seq_len=128 — pode levar alguns minutos)...
[pipeline] query concluída em 7.1s — 1,518,538 linhas
[pipeline] filtrado para hospital_id='BPSP' — 1,518,538 linhas
[pipeline] 28,599 atendimentos únicos encontrados
[pipeline] usando vocabulário pré-compartilhado — 38 tokens
[pipeline] construindo tensores para 28,599 sequências...
[pipeline] tensores: 2,859/28,599 (10%)
[pipeline] tensores: 5,718/28,599 (20%)
[pipeline] tensores: 8,577/28,599 (30%)
[pipeline] tensores: 11,436/28,599 (40%)
[pipeline] tensores: 14,295/28,599 (50%)
[pipeline] tensores: 17,154/28,599 (60%)
[pipeline] tensores: 20,013/28,599 (70%)
[pipeline] tensores: 22,872/28,599 (80%)
[pipeline] tensores: 25,731/28,599 (90%)
[pipeline] tensores: 28,590/28,599 (100%)
[pipeline] tensores prontos em 3.6s
[pipeline] concluído em 11.0s total — 28,599 pacientes | dist={0: 15892, 1: 318, 2: 120, 3: 9448, 4: 2821} | demográficos: age_mean=0.51 sex_M=13664/28599
[92mINFO [0m:      
[92mINFO [0m:      
[92mINFO [0m:      [RUN 3963248972974576500, ROUND 81]
[92mINFO [0m:      Sending: evaluate message (ID: d524f62a58e52dacb964ab286ca8b0d1601ea5788b0c838f7b320c971a3587f4)
[92mINFO [0m:      Sent successfully
[92mINFO [0m:      
[92mINFO [0m:      [RUN 3963248972974576500, ROUND 82]
[92mINFO [0m:      Receiving: train message (ID: a6d835171420ef4541a4cfe893f4e51e33f508bbbffd837437798f6b75f97b32)
[92mINFO [0m:      Received successfully
[92mINFO [0m:      Start `flwr-clientapp` process
[pipeline] conectando ao banco: postgresql://mosaicfl:senhaForte@localhost:5432/mo...
[pipeline] conexão OK
[pipeline] executando query (max_seq_len=128 — pode levar alguns minutos)...
[pipeline] query concluída em 7.1s — 1,518,538 linhas
[pipeline] filtrado para hospital_id='BPSP' — 1,518,538 linhas
[pipeline] 28,599 atendimentos únicos encontrados
[pipeline] usando vocabulário pré-compartilhado — 38 tokens
[pipeline] construindo tensores para 28,599 sequências...
[pipeline] tensores: 2,859/28,599 (10%)
[pipeline] tensores: 5,718/28,599 (20%)
[pipeline] tensores: 8,577/28,599 (30%)
[pipeline] tensores: 11,436/28,599 (40%)
[pipeline] tensores: 14,295/28,599 (50%)
[pipeline] tensores: 17,154/28,599 (60%)
[pipeline] tensores: 20,013/28,599 (70%)
[pipeline] tensores: 22,872/28,599 (80%)
[pipeline] tensores: 25,731/28,599 (90%)
[pipeline] tensores: 28,590/28,599 (100%)
[pipeline] tensores prontos em 3.5s
[pipeline] concluído em 11.0s total — 28,599 pacientes | dist={0: 15892, 1: 318, 2: 120, 3: 9448, 4: 2821} | demográficos: age_mean=0.51 sex_M=13664/28599
[92mINFO [0m:      
[92mINFO [0m:      
[92mINFO [0m:      [RUN 3963248972974576500, ROUND 82]
[92mINFO [0m:      Sending: train message (ID: 05ad70e66c03aeeea7757355f0fa184008b88317a18fd24dfc7d980c7e953056)
[92mINFO [0m:      Sent successfully
[92mINFO [0m:      
[92mINFO [0m:      [RUN 3963248972974576500, ROUND 82]
[92mINFO [0m:      Receiving: evaluate message (ID: 073f6f1789ed4467bf5bf1ea9dd356ecbd2328a8915a31022e8a82d3112827a2)
[92mINFO [0m:      Received successfully
[92mINFO [0m:      Start `flwr-clientapp` process
[pipeline] conectando ao banco: postgresql://mosaicfl:senhaForte@localhost:5432/mo...
[pipeline] conexão OK
[pipeline] executando query (max_seq_len=128 — pode levar alguns minutos)...
[pipeline] query concluída em 7.1s — 1,518,538 linhas
[pipeline] filtrado para hospital_id='BPSP' — 1,518,538 linhas
[pipeline] 28,599 atendimentos únicos encontrados
[pipeline] usando vocabulário pré-compartilhado — 38 tokens
[pipeline] construindo tensores para 28,599 sequências...
[pipeline] tensores: 2,859/28,599 (10%)
[pipeline] tensores: 5,718/28,599 (20%)
[pipeline] tensores: 8,577/28,599 (30%)
[pipeline] tensores: 11,436/28,599 (40%)
[pipeline] tensores: 14,295/28,599 (50%)
[pipeline] tensores: 17,154/28,599 (60%)
[pipeline] tensores: 20,013/28,599 (70%)
[pipeline] tensores: 22,872/28,599 (80%)
[pipeline] tensores: 25,731/28,599 (90%)
[pipeline] tensores: 28,590/28,599 (100%)
[pipeline] tensores prontos em 3.6s
[pipeline] concluído em 11.0s total — 28,599 pacientes | dist={0: 15892, 1: 318, 2: 120, 3: 9448, 4: 2821} | demográficos: age_mean=0.51 sex_M=13664/28599
[92mINFO [0m:      
[92mINFO [0m:      
[92mINFO [0m:      [RUN 3963248972974576500, ROUND 82]
[92mINFO [0m:      Sending: evaluate message (ID: e1dc26ebffe9884d0a7518ce48b955c3bb9828206152d8851ef18fb6a2c265bf)
[92mINFO [0m:      Sent successfully
[92mINFO [0m:      
[92mINFO [0m:      [RUN 3963248972974576500, ROUND 83]
[92mINFO [0m:      Receiving: train message (ID: 5b3524f359aae47f30f3da2f31bacf42604964810d99703b02cecfc3f82a6667)
[92mINFO [0m:      Received successfully
[92mINFO [0m:      Start `flwr-clientapp` process
[pipeline] conectando ao banco: postgresql://mosaicfl:senhaForte@localhost:5432/mo...
[pipeline] conexão OK
[pipeline] executando query (max_seq_len=128 — pode levar alguns minutos)...
[pipeline] query concluída em 7.2s — 1,518,538 linhas
[pipeline] filtrado para hospital_id='BPSP' — 1,518,538 linhas
[pipeline] 28,599 atendimentos únicos encontrados
[pipeline] usando vocabulário pré-compartilhado — 38 tokens
[pipeline] construindo tensores para 28,599 sequências...
[pipeline] tensores: 2,859/28,599 (10%)
[pipeline] tensores: 5,718/28,599 (20%)
[pipeline] tensores: 8,577/28,599 (30%)
[pipeline] tensores: 11,436/28,599 (40%)
[pipeline] tensores: 14,295/28,599 (50%)
[pipeline] tensores: 17,154/28,599 (60%)
[pipeline] tensores: 20,013/28,599 (70%)
[pipeline] tensores: 22,872/28,599 (80%)
[pipeline] tensores: 25,731/28,599 (90%)
[pipeline] tensores: 28,590/28,599 (100%)
[pipeline] tensores prontos em 3.6s
[pipeline] concluído em 11.2s total — 28,599 pacientes | dist={0: 15892, 1: 318, 2: 120, 3: 9448, 4: 2821} | demográficos: age_mean=0.51 sex_M=13664/28599
[92mINFO [0m:      
[92mINFO [0m:      
[92mINFO [0m:      [RUN 3963248972974576500, ROUND 83]
[92mINFO [0m:      Sending: train message (ID: 54b14bc45c60e1585aaa6f5d71de60abc19afb84b34737e70b405d7d2bf2c1e5)
[92mINFO [0m:      Sent successfully
[92mINFO [0m:      
[92mINFO [0m:      [RUN 3963248972974576500, ROUND 83]
[92mINFO [0m:      Receiving: evaluate message (ID: 5023f1310dd802d31c1ae3f1840c39603e5222e15b4ecde8782ee5631f9ccb55)
[92mINFO [0m:      Received successfully
[92mINFO [0m:      Start `flwr-clientapp` process
[pipeline] conectando ao banco: postgresql://mosaicfl:senhaForte@localhost:5432/mo...
[pipeline] conexão OK
[pipeline] executando query (max_seq_len=128 — pode levar alguns minutos)...
[pipeline] query concluída em 7.2s — 1,518,538 linhas
[pipeline] filtrado para hospital_id='BPSP' — 1,518,538 linhas
[pipeline] 28,599 atendimentos únicos encontrados
[pipeline] usando vocabulário pré-compartilhado — 38 tokens
[pipeline] construindo tensores para 28,599 sequências...
[pipeline] tensores: 2,859/28,599 (10%)
[pipeline] tensores: 5,718/28,599 (20%)
[pipeline] tensores: 8,577/28,599 (30%)
[pipeline] tensores: 11,436/28,599 (40%)
[pipeline] tensores: 14,295/28,599 (50%)
[pipeline] tensores: 17,154/28,599 (60%)
[pipeline] tensores: 20,013/28,599 (70%)
[pipeline] tensores: 22,872/28,599 (80%)
[pipeline] tensores: 25,731/28,599 (90%)
[pipeline] tensores: 28,590/28,599 (100%)
[pipeline] tensores prontos em 3.6s
[pipeline] concluído em 11.1s total — 28,599 pacientes | dist={0: 15892, 1: 318, 2: 120, 3: 9448, 4: 2821} | demográficos: age_mean=0.51 sex_M=13664/28599
[92mINFO [0m:      
[92mINFO [0m:      
[92mINFO [0m:      [RUN 3963248972974576500, ROUND 83]
[92mINFO [0m:      Sending: evaluate message (ID: 18b2a62171ec5b39f3f7e9d7521e49679c6f4aec5817d14785196f31aeb12df3)
[92mINFO [0m:      Sent successfully
[92mINFO [0m:      
[92mINFO [0m:      [RUN 3963248972974576500, ROUND 84]
[92mINFO [0m:      Receiving: train message (ID: 3be6f14dd63722706c3514baa10680c02562240c8f71375bc08aa6f8f72d5748)
[92mINFO [0m:      Received successfully
[92mINFO [0m:      Start `flwr-clientapp` process
[pipeline] conectando ao banco: postgresql://mosaicfl:senhaForte@localhost:5432/mo...
[pipeline] conexão OK
[pipeline] executando query (max_seq_len=128 — pode levar alguns minutos)...
[pipeline] query concluída em 7.1s — 1,518,538 linhas
[pipeline] filtrado para hospital_id='BPSP' — 1,518,538 linhas
[pipeline] 28,599 atendimentos únicos encontrados
[pipeline] usando vocabulário pré-compartilhado — 38 tokens
[pipeline] construindo tensores para 28,599 sequências...
[pipeline] tensores: 2,859/28,599 (10%)
[pipeline] tensores: 5,718/28,599 (20%)
[pipeline] tensores: 8,577/28,599 (30%)
[pipeline] tensores: 11,436/28,599 (40%)
[pipeline] tensores: 14,295/28,599 (50%)
[pipeline] tensores: 17,154/28,599 (60%)
[pipeline] tensores: 20,013/28,599 (70%)
[pipeline] tensores: 22,872/28,599 (80%)
[pipeline] tensores: 25,731/28,599 (90%)
[pipeline] tensores: 28,590/28,599 (100%)
[pipeline] tensores prontos em 3.6s
[pipeline] concluído em 11.1s total — 28,599 pacientes | dist={0: 15892, 1: 318, 2: 120, 3: 9448, 4: 2821} | demográficos: age_mean=0.51 sex_M=13664/28599
[92mINFO [0m:      
[92mINFO [0m:      
[92mINFO [0m:      [RUN 3963248972974576500, ROUND 84]
[92mINFO [0m:      Sending: train message (ID: c7f681728d8b5787df3ea8d8d803349914e0f34c17cea2ac27ca1a91c2944334)
[92mINFO [0m:      Sent successfully
[92mINFO [0m:      
[92mINFO [0m:      [RUN 3963248972974576500, ROUND 84]
[92mINFO [0m:      Receiving: evaluate message (ID: 3d405442dabca0e43581ec845831409474818d0dfc3e3011e449a163c515ee6f)
[92mINFO [0m:      Received successfully
[92mINFO [0m:      Start `flwr-clientapp` process
[pipeline] conectando ao banco: postgresql://mosaicfl:senhaForte@localhost:5432/mo...
[pipeline] conexão OK
[pipeline] executando query (max_seq_len=128 — pode levar alguns minutos)...
[pipeline] query concluída em 7.2s — 1,518,538 linhas
[pipeline] filtrado para hospital_id='BPSP' — 1,518,538 linhas
[pipeline] 28,599 atendimentos únicos encontrados
[pipeline] usando vocabulário pré-compartilhado — 38 tokens
[pipeline] construindo tensores para 28,599 sequências...
[pipeline] tensores: 2,859/28,599 (10%)
[pipeline] tensores: 5,718/28,599 (20%)
[pipeline] tensores: 8,577/28,599 (30%)
[pipeline] tensores: 11,436/28,599 (40%)
[pipeline] tensores: 14,295/28,599 (50%)
[pipeline] tensores: 17,154/28,599 (60%)
[pipeline] tensores: 20,013/28,599 (70%)
[pipeline] tensores: 22,872/28,599 (80%)
[pipeline] tensores: 25,731/28,599 (90%)
[pipeline] tensores: 28,590/28,599 (100%)
[pipeline] tensores prontos em 3.6s
[pipeline] concluído em 11.1s total — 28,599 pacientes | dist={0: 15892, 1: 318, 2: 120, 3: 9448, 4: 2821} | demográficos: age_mean=0.51 sex_M=13664/28599
[92mINFO [0m:      
[92mINFO [0m:      
[92mINFO [0m:      [RUN 3963248972974576500, ROUND 84]
[92mINFO [0m:      Sending: evaluate message (ID: ecbea2d26d5bb3cca9feb0a34a5343df408f6397087782e4c8fd012e8007d4a2)
[92mINFO [0m:      Sent successfully
[92mINFO [0m:      
[92mINFO [0m:      [RUN 3963248972974576500, ROUND 85]
[92mINFO [0m:      Receiving: train message (ID: ee1b1a9feb50266bf53bb3013d40fee2f28f08d739dc1433ca4649a6c7924c9b)
[92mINFO [0m:      Received successfully
[92mINFO [0m:      Start `flwr-clientapp` process
[pipeline] conectando ao banco: postgresql://mosaicfl:senhaForte@localhost:5432/mo...
[pipeline] conexão OK
[pipeline] executando query (max_seq_len=128 — pode levar alguns minutos)...
[pipeline] query concluída em 7.2s — 1,518,538 linhas
[pipeline] filtrado para hospital_id='BPSP' — 1,518,538 linhas
[pipeline] 28,599 atendimentos únicos encontrados
[pipeline] usando vocabulário pré-compartilhado — 38 tokens
[pipeline] construindo tensores para 28,599 sequências...
[pipeline] tensores: 2,859/28,599 (10%)
[pipeline] tensores: 5,718/28,599 (20%)
[pipeline] tensores: 8,577/28,599 (30%)
[pipeline] tensores: 11,436/28,599 (40%)
[pipeline] tensores: 14,295/28,599 (50%)
[pipeline] tensores: 17,154/28,599 (60%)
[pipeline] tensores: 20,013/28,599 (70%)
[pipeline] tensores: 22,872/28,599 (80%)
[pipeline] tensores: 25,731/28,599 (90%)
[pipeline] tensores: 28,590/28,599 (100%)
[pipeline] tensores prontos em 3.6s
[pipeline] concluído em 11.1s total — 28,599 pacientes | dist={0: 15892, 1: 318, 2: 120, 3: 9448, 4: 2821} | demográficos: age_mean=0.51 sex_M=13664/28599
[92mINFO [0m:      
[92mINFO [0m:      
[92mINFO [0m:      [RUN 3963248972974576500, ROUND 85]
[92mINFO [0m:      Sending: train message (ID: 89abb197aebfd13a828c12d0f0f5e1960a44e0e05156a926fefb0458c1e62ec8)
[92mINFO [0m:      Sent successfully
[92mINFO [0m:      
[92mINFO [0m:      [RUN 3963248972974576500, ROUND 85]
[92mINFO [0m:      Receiving: evaluate message (ID: 3fb27964aa25eac0a36c594bd7cbf251c2e416de0b26a933f6e633be850c17d0)
[92mINFO [0m:      Received successfully
[92mINFO [0m:      Start `flwr-clientapp` process
[pipeline] conectando ao banco: postgresql://mosaicfl:senhaForte@localhost:5432/mo...
[pipeline] conexão OK
[pipeline] executando query (max_seq_len=128 — pode levar alguns minutos)...
[pipeline] query concluída em 7.2s — 1,518,538 linhas
[pipeline] filtrado para hospital_id='BPSP' — 1,518,538 linhas
[pipeline] 28,599 atendimentos únicos encontrados
[pipeline] usando vocabulário pré-compartilhado — 38 tokens
[pipeline] construindo tensores para 28,599 sequências...
[pipeline] tensores: 2,859/28,599 (10%)
[pipeline] tensores: 5,718/28,599 (20%)
[pipeline] tensores: 8,577/28,599 (30%)
[pipeline] tensores: 11,436/28,599 (40%)
[pipeline] tensores: 14,295/28,599 (50%)
[pipeline] tensores: 17,154/28,599 (60%)
[pipeline] tensores: 20,013/28,599 (70%)
[pipeline] tensores: 22,872/28,599 (80%)
[pipeline] tensores: 25,731/28,599 (90%)
[pipeline] tensores: 28,590/28,599 (100%)
[pipeline] tensores prontos em 3.6s
[pipeline] concluído em 11.1s total — 28,599 pacientes | dist={0: 15892, 1: 318, 2: 120, 3: 9448, 4: 2821} | demográficos: age_mean=0.51 sex_M=13664/28599
[92mINFO [0m:      
[92mINFO [0m:      
[92mINFO [0m:      [RUN 3963248972974576500, ROUND 85]
[92mINFO [0m:      Sending: evaluate message (ID: 45a0b6c9c92fcb17f70fab7dbb2da3934f6fa4a42fdd030048c2d73a54f51c3e)
[92mINFO [0m:      Sent successfully
[92mINFO [0m:      
[92mINFO [0m:      [RUN 3963248972974576500, ROUND 86]
[92mINFO [0m:      Receiving: train message (ID: 43bac5d10c6187868e5c7d46631d82853ccdaddff2b14efd3298dfd355e74bd4)
[92mINFO [0m:      Received successfully
[92mINFO [0m:      Start `flwr-clientapp` process
[pipeline] conectando ao banco: postgresql://mosaicfl:senhaForte@localhost:5432/mo...
[pipeline] conexão OK
[pipeline] executando query (max_seq_len=128 — pode levar alguns minutos)...
[pipeline] query concluída em 7.2s — 1,518,538 linhas
[pipeline] filtrado para hospital_id='BPSP' — 1,518,538 linhas
[pipeline] 28,599 atendimentos únicos encontrados
[pipeline] usando vocabulário pré-compartilhado — 38 tokens
[pipeline] construindo tensores para 28,599 sequências...
[pipeline] tensores: 2,859/28,599 (10%)
[pipeline] tensores: 5,718/28,599 (20%)
[pipeline] tensores: 8,577/28,599 (30%)
[pipeline] tensores: 11,436/28,599 (40%)
[pipeline] tensores: 14,295/28,599 (50%)
[pipeline] tensores: 17,154/28,599 (60%)
[pipeline] tensores: 20,013/28,599 (70%)
[pipeline] tensores: 22,872/28,599 (80%)
[pipeline] tensores: 25,731/28,599 (90%)
[pipeline] tensores: 28,590/28,599 (100%)
[pipeline] tensores prontos em 3.6s
[pipeline] concluído em 11.2s total — 28,599 pacientes | dist={0: 15892, 1: 318, 2: 120, 3: 9448, 4: 2821} | demográficos: age_mean=0.51 sex_M=13664/28599
[92mINFO [0m:      
[92mINFO [0m:      [RUN 3963248972974576500, ROUND 86]
[92mINFO [0m:      Sending: train message (ID: 7664c8e4e44b548ab939d48f6b34212587c2676e573c259a2bf6e1b2ce0400d3)
[92mINFO [0m:      
[92mINFO [0m:      Sent successfully
[92mINFO [0m:      
[92mINFO [0m:      [RUN 3963248972974576500, ROUND 86]
[92mINFO [0m:      Receiving: evaluate message (ID: 41d70916dec5a29e30d6d2ac7466ea23aefaedb89f25e22d47d77eaf3ee93180)
[92mINFO [0m:      Received successfully
[92mINFO [0m:      Start `flwr-clientapp` process
[pipeline] conectando ao banco: postgresql://mosaicfl:senhaForte@localhost:5432/mo...
[pipeline] conexão OK
[pipeline] executando query (max_seq_len=128 — pode levar alguns minutos)...
[pipeline] query concluída em 7.2s — 1,518,538 linhas
[pipeline] filtrado para hospital_id='BPSP' — 1,518,538 linhas
[pipeline] 28,599 atendimentos únicos encontrados
[pipeline] usando vocabulário pré-compartilhado — 38 tokens
[pipeline] construindo tensores para 28,599 sequências...
[pipeline] tensores: 2,859/28,599 (10%)
[pipeline] tensores: 5,718/28,599 (20%)
[pipeline] tensores: 8,577/28,599 (30%)
[pipeline] tensores: 11,436/28,599 (40%)
[pipeline] tensores: 14,295/28,599 (50%)
[pipeline] tensores: 17,154/28,599 (60%)
[pipeline] tensores: 20,013/28,599 (70%)
[pipeline] tensores: 22,872/28,599 (80%)
[pipeline] tensores: 25,731/28,599 (90%)
[pipeline] tensores: 28,590/28,599 (100%)
[pipeline] tensores prontos em 3.6s
[pipeline] concluído em 11.2s total — 28,599 pacientes | dist={0: 15892, 1: 318, 2: 120, 3: 9448, 4: 2821} | demográficos: age_mean=0.51 sex_M=13664/28599
[92mINFO [0m:      
[92mINFO [0m:      
[92mINFO [0m:      [RUN 3963248972974576500, ROUND 86]
[92mINFO [0m:      Sending: evaluate message (ID: c67adb49214fac6f411bffae85523f93e27ff0c145f5a476dc4d0a38b1d7a34a)
[92mINFO [0m:      Sent successfully
[92mINFO [0m:      
[92mINFO [0m:      [RUN 3963248972974576500, ROUND 87]
[92mINFO [0m:      Receiving: train message (ID: 32629f00a7adec9023935214eb96aac258d53b69074e272bba0451a73f68e5f1)
[92mINFO [0m:      Received successfully
[92mINFO [0m:      Start `flwr-clientapp` process
[pipeline] conectando ao banco: postgresql://mosaicfl:senhaForte@localhost:5432/mo...
[pipeline] conexão OK
[pipeline] executando query (max_seq_len=128 — pode levar alguns minutos)...
[pipeline] query concluída em 7.2s — 1,518,538 linhas
[pipeline] filtrado para hospital_id='BPSP' — 1,518,538 linhas
[pipeline] 28,599 atendimentos únicos encontrados
[pipeline] usando vocabulário pré-compartilhado — 38 tokens
[pipeline] construindo tensores para 28,599 sequências...
[pipeline] tensores: 2,859/28,599 (10%)
[pipeline] tensores: 5,718/28,599 (20%)
[pipeline] tensores: 8,577/28,599 (30%)
[pipeline] tensores: 11,436/28,599 (40%)
[pipeline] tensores: 14,295/28,599 (50%)
[pipeline] tensores: 17,154/28,599 (60%)
[pipeline] tensores: 20,013/28,599 (70%)
[pipeline] tensores: 22,872/28,599 (80%)
[pipeline] tensores: 25,731/28,599 (90%)
[pipeline] tensores: 28,590/28,599 (100%)
[pipeline] tensores prontos em 3.6s
[pipeline] concluído em 11.1s total — 28,599 pacientes | dist={0: 15892, 1: 318, 2: 120, 3: 9448, 4: 2821} | demográficos: age_mean=0.51 sex_M=13664/28599
[92mINFO [0m:      
[92mINFO [0m:      
[92mINFO [0m:      [RUN 3963248972974576500, ROUND 87]
[92mINFO [0m:      Sending: train message (ID: be3fd2bd063d112f2cea6882278f595c1f976741ca27ec2c47a14cf784afc8d4)
[92mINFO [0m:      Sent successfully
[92mINFO [0m:      
[92mINFO [0m:      [RUN 3963248972974576500, ROUND 87]
[92mINFO [0m:      Receiving: evaluate message (ID: 33afcc31604e98f309b541b29f3a061bf04acbd2a438a4c3ecfd47441e26f9e1)
[92mINFO [0m:      Received successfully
[92mINFO [0m:      Start `flwr-clientapp` process
[pipeline] conectando ao banco: postgresql://mosaicfl:senhaForte@localhost:5432/mo...
[pipeline] conexão OK
[pipeline] executando query (max_seq_len=128 — pode levar alguns minutos)...
[pipeline] query concluída em 7.1s — 1,518,538 linhas
[pipeline] filtrado para hospital_id='BPSP' — 1,518,538 linhas
[pipeline] 28,599 atendimentos únicos encontrados
[pipeline] usando vocabulário pré-compartilhado — 38 tokens
[pipeline] construindo tensores para 28,599 sequências...
[pipeline] tensores: 2,859/28,599 (10%)
[pipeline] tensores: 5,718/28,599 (20%)
[pipeline] tensores: 8,577/28,599 (30%)
[pipeline] tensores: 11,436/28,599 (40%)
[pipeline] tensores: 14,295/28,599 (50%)
[pipeline] tensores: 17,154/28,599 (60%)
[pipeline] tensores: 20,013/28,599 (70%)
[pipeline] tensores: 22,872/28,599 (80%)
[pipeline] tensores: 25,731/28,599 (90%)
[pipeline] tensores: 28,590/28,599 (100%)
[pipeline] tensores prontos em 3.6s
[pipeline] concluído em 11.1s total — 28,599 pacientes | dist={0: 15892, 1: 318, 2: 120, 3: 9448, 4: 2821} | demográficos: age_mean=0.51 sex_M=13664/28599
[92mINFO [0m:      
[92mINFO [0m:      [RUN 3963248972974576500, ROUND 87]
[92mINFO [0m:      Sending: evaluate message (ID: e6e5e3078e3a6b1015b0ca26b19958faaadd0e54008409e632706bcb7de0d19c)
[92mINFO [0m:      Sent successfully
[92mINFO [0m:      
[92mINFO [0m:      
[92mINFO [0m:      [RUN 3963248972974576500, ROUND 88]
[92mINFO [0m:      Receiving: train message (ID: 8de6092b0a00f9b1996a14f2093c3c007f5670b826813fc2c1741825ff929f6d)
[92mINFO [0m:      Start `flwr-clientapp` process
[92mINFO [0m:      Received successfully
[pipeline] conectando ao banco: postgresql://mosaicfl:senhaForte@localhost:5432/mo...
[pipeline] conexão OK
[pipeline] executando query (max_seq_len=128 — pode levar alguns minutos)...
[pipeline] query concluída em 7.2s — 1,518,538 linhas
[pipeline] filtrado para hospital_id='BPSP' — 1,518,538 linhas
[pipeline] 28,599 atendimentos únicos encontrados
[pipeline] usando vocabulário pré-compartilhado — 38 tokens
[pipeline] construindo tensores para 28,599 sequências...
[pipeline] tensores: 2,859/28,599 (10%)
[pipeline] tensores: 5,718/28,599 (20%)
[pipeline] tensores: 8,577/28,599 (30%)
[pipeline] tensores: 11,436/28,599 (40%)
[pipeline] tensores: 14,295/28,599 (50%)
[pipeline] tensores: 17,154/28,599 (60%)
[pipeline] tensores: 20,013/28,599 (70%)
[pipeline] tensores: 22,872/28,599 (80%)
[pipeline] tensores: 25,731/28,599 (90%)
[pipeline] tensores: 28,590/28,599 (100%)
[pipeline] tensores prontos em 3.6s
[pipeline] concluído em 11.1s total — 28,599 pacientes | dist={0: 15892, 1: 318, 2: 120, 3: 9448, 4: 2821} | demográficos: age_mean=0.51 sex_M=13664/28599
[92mINFO [0m:      
[92mINFO [0m:      
[92mINFO [0m:      [RUN 3963248972974576500, ROUND 88]
[92mINFO [0m:      Sending: train message (ID: 48873c19656625d8e677b99a2b45e1078a8dd9b26e027fd04bcda72f7c88000c)
[92mINFO [0m:      Sent successfully
[92mINFO [0m:      
[92mINFO [0m:      [RUN 3963248972974576500, ROUND 88]
[92mINFO [0m:      Receiving: evaluate message (ID: 086eb12245db857b44cfbcbd823583dfb61f0f00c6382b5f939005e13544d841)
[92mINFO [0m:      Received successfully
[92mINFO [0m:      Start `flwr-clientapp` process
[pipeline] conectando ao banco: postgresql://mosaicfl:senhaForte@localhost:5432/mo...
[pipeline] conexão OK
[pipeline] executando query (max_seq_len=128 — pode levar alguns minutos)...
[pipeline] query concluída em 7.1s — 1,518,538 linhas
[pipeline] filtrado para hospital_id='BPSP' — 1,518,538 linhas
[pipeline] 28,599 atendimentos únicos encontrados
[pipeline] usando vocabulário pré-compartilhado — 38 tokens
[pipeline] construindo tensores para 28,599 sequências...
[pipeline] tensores: 2,859/28,599 (10%)
[pipeline] tensores: 5,718/28,599 (20%)
[pipeline] tensores: 8,577/28,599 (30%)
[pipeline] tensores: 11,436/28,599 (40%)
[pipeline] tensores: 14,295/28,599 (50%)
[pipeline] tensores: 17,154/28,599 (60%)
[pipeline] tensores: 20,013/28,599 (70%)
[pipeline] tensores: 22,872/28,599 (80%)
[pipeline] tensores: 25,731/28,599 (90%)
[pipeline] tensores: 28,590/28,599 (100%)
[pipeline] tensores prontos em 3.6s
[pipeline] concluído em 11.0s total — 28,599 pacientes | dist={0: 15892, 1: 318, 2: 120, 3: 9448, 4: 2821} | demográficos: age_mean=0.51 sex_M=13664/28599
[92mINFO [0m:      
[92mINFO [0m:      
[92mINFO [0m:      [RUN 3963248972974576500, ROUND 88]
[92mINFO [0m:      Sending: evaluate message (ID: b9a115fc4a86b2fa5a7a6f54e91bd2eb0eb2f3e86fe18e7088847c0477701ed1)
[92mINFO [0m:      Sent successfully
[92mINFO [0m:      
[92mINFO [0m:      [RUN 3963248972974576500, ROUND 89]
[92mINFO [0m:      Receiving: train message (ID: ddb4d73c7395b8bd660f6ad01561de1a62f90f73f5461b72715578814e74bb82)
[92mINFO [0m:      Received successfully
[92mINFO [0m:      Start `flwr-clientapp` process
[pipeline] conectando ao banco: postgresql://mosaicfl:senhaForte@localhost:5432/mo...
[pipeline] conexão OK
[pipeline] executando query (max_seq_len=128 — pode levar alguns minutos)...
[pipeline] query concluída em 7.2s — 1,518,538 linhas
[pipeline] filtrado para hospital_id='BPSP' — 1,518,538 linhas
[pipeline] 28,599 atendimentos únicos encontrados
[pipeline] usando vocabulário pré-compartilhado — 38 tokens
[pipeline] construindo tensores para 28,599 sequências...
[pipeline] tensores: 2,859/28,599 (10%)
[pipeline] tensores: 5,718/28,599 (20%)
[pipeline] tensores: 8,577/28,599 (30%)
[pipeline] tensores: 11,436/28,599 (40%)
[pipeline] tensores: 14,295/28,599 (50%)
[pipeline] tensores: 17,154/28,599 (60%)
[pipeline] tensores: 20,013/28,599 (70%)
[pipeline] tensores: 22,872/28,599 (80%)
[pipeline] tensores: 25,731/28,599 (90%)
[pipeline] tensores: 28,590/28,599 (100%)
[pipeline] tensores prontos em 3.7s
[pipeline] concluído em 11.2s total — 28,599 pacientes | dist={0: 15892, 1: 318, 2: 120, 3: 9448, 4: 2821} | demográficos: age_mean=0.51 sex_M=13664/28599
[92mINFO [0m:      
[92mINFO [0m:      
[92mINFO [0m:      [RUN 3963248972974576500, ROUND 89]
[92mINFO [0m:      Sending: train message (ID: 1aba0133b1983ac36634952bbb18916cc6e1f231d94e6242ae7925fc635a52ec)
[92mINFO [0m:      Sent successfully
[92mINFO [0m:      
[92mINFO [0m:      [RUN 3963248972974576500, ROUND 89]
[92mINFO [0m:      Receiving: evaluate message (ID: 35e6c434218b35d083b19f95293136e59ca575bd8bd04a40e4dd3fa6b5162054)
[92mINFO [0m:      Received successfully
[92mINFO [0m:      Start `flwr-clientapp` process
[pipeline] conectando ao banco: postgresql://mosaicfl:senhaForte@localhost:5432/mo...
[pipeline] conexão OK
[pipeline] executando query (max_seq_len=128 — pode levar alguns minutos)...
[pipeline] query concluída em 7.3s — 1,518,538 linhas
[pipeline] filtrado para hospital_id='BPSP' — 1,518,538 linhas
[pipeline] 28,599 atendimentos únicos encontrados
[pipeline] usando vocabulário pré-compartilhado — 38 tokens
[pipeline] construindo tensores para 28,599 sequências...
[pipeline] tensores: 2,859/28,599 (10%)
[pipeline] tensores: 5,718/28,599 (20%)
[pipeline] tensores: 8,577/28,599 (30%)
[pipeline] tensores: 11,436/28,599 (40%)
[pipeline] tensores: 14,295/28,599 (50%)
[pipeline] tensores: 17,154/28,599 (60%)
[pipeline] tensores: 20,013/28,599 (70%)
[pipeline] tensores: 22,872/28,599 (80%)
[pipeline] tensores: 25,731/28,599 (90%)
[pipeline] tensores: 28,590/28,599 (100%)
[pipeline] tensores prontos em 3.7s
[pipeline] concluído em 11.4s total — 28,599 pacientes | dist={0: 15892, 1: 318, 2: 120, 3: 9448, 4: 2821} | demográficos: age_mean=0.51 sex_M=13664/28599
[92mINFO [0m:      
[92mINFO [0m:      
[92mINFO [0m:      [RUN 3963248972974576500, ROUND 89]
[92mINFO [0m:      Sending: evaluate message (ID: 83985e4e89e56dea575070f4f46f162dd50461e3c1efa9f724eac7d00ea0cea8)
[92mINFO [0m:      Sent successfully
[92mINFO [0m:      
[92mINFO [0m:      [RUN 3963248972974576500, ROUND 90]
[92mINFO [0m:      Receiving: train message (ID: c6d9cb5eed1adbf9a7e0afc3837f01f3fe39bdf84b7b701a8e165423c51888e6)
[92mINFO [0m:      Received successfully
[92mINFO [0m:      Start `flwr-clientapp` process
[pipeline] conectando ao banco: postgresql://mosaicfl:senhaForte@localhost:5432/mo...
[pipeline] conexão OK
[pipeline] executando query (max_seq_len=128 — pode levar alguns minutos)...
[pipeline] query concluída em 7.2s — 1,518,538 linhas
[pipeline] filtrado para hospital_id='BPSP' — 1,518,538 linhas
[pipeline] 28,599 atendimentos únicos encontrados
[pipeline] usando vocabulário pré-compartilhado — 38 tokens
[pipeline] construindo tensores para 28,599 sequências...
[pipeline] tensores: 2,859/28,599 (10%)
[pipeline] tensores: 5,718/28,599 (20%)
[pipeline] tensores: 8,577/28,599 (30%)
[pipeline] tensores: 11,436/28,599 (40%)
[pipeline] tensores: 14,295/28,599 (50%)
[pipeline] tensores: 17,154/28,599 (60%)
[pipeline] tensores: 20,013/28,599 (70%)
[pipeline] tensores: 22,872/28,599 (80%)
[pipeline] tensores: 25,731/28,599 (90%)
[pipeline] tensores: 28,590/28,599 (100%)
[pipeline] tensores prontos em 3.6s
[pipeline] concluído em 11.2s total — 28,599 pacientes | dist={0: 15892, 1: 318, 2: 120, 3: 9448, 4: 2821} | demográficos: age_mean=0.51 sex_M=13664/28599
[92mINFO [0m:      
[92mINFO [0m:      
[92mINFO [0m:      [RUN 3963248972974576500, ROUND 90]
[92mINFO [0m:      Sending: train message (ID: 91ab5a45e3108b12b94fa5d10cec4d13f9b0db10afec7baffba2ae035b816f9e)
[92mINFO [0m:      Sent successfully
[92mINFO [0m:      
[92mINFO [0m:      [RUN 3963248972974576500, ROUND 90]
[92mINFO [0m:      Receiving: evaluate message (ID: 57ea5991996dcd3aea1d836624bb88de285a48006f54a539fac6f6d486f7a79b)
[92mINFO [0m:      Received successfully
[92mINFO [0m:      Start `flwr-clientapp` process
[pipeline] conectando ao banco: postgresql://mosaicfl:senhaForte@localhost:5432/mo...
[pipeline] conexão OK
[pipeline] executando query (max_seq_len=128 — pode levar alguns minutos)...
[pipeline] query concluída em 7.2s — 1,518,538 linhas
[pipeline] filtrado para hospital_id='BPSP' — 1,518,538 linhas
[pipeline] 28,599 atendimentos únicos encontrados
[pipeline] usando vocabulário pré-compartilhado — 38 tokens
[pipeline] construindo tensores para 28,599 sequências...
[pipeline] tensores: 2,859/28,599 (10%)
[pipeline] tensores: 5,718/28,599 (20%)
[pipeline] tensores: 8,577/28,599 (30%)
[pipeline] tensores: 11,436/28,599 (40%)
[pipeline] tensores: 14,295/28,599 (50%)
[pipeline] tensores: 17,154/28,599 (60%)
[pipeline] tensores: 20,013/28,599 (70%)
[pipeline] tensores: 22,872/28,599 (80%)
[pipeline] tensores: 25,731/28,599 (90%)
[pipeline] tensores: 28,590/28,599 (100%)
[pipeline] tensores prontos em 3.7s
[pipeline] concluído em 11.3s total — 28,599 pacientes | dist={0: 15892, 1: 318, 2: 120, 3: 9448, 4: 2821} | demográficos: age_mean=0.51 sex_M=13664/28599
[92mINFO [0m:      
[92mINFO [0m:      
[92mINFO [0m:      [RUN 3963248972974576500, ROUND 90]
[92mINFO [0m:      Sending: evaluate message (ID: 9b80dce1a56642d1b201e5d301ae4199c29ec3b3185dd8501c1ceea65c8f5bb6)
[92mINFO [0m:      Sent successfully
[92mINFO [0m:      
[92mINFO [0m:      [RUN 3963248972974576500, ROUND 91]
[92mINFO [0m:      Receiving: train message (ID: 2ff5c8272346a9117fc471d6404a438d46aaf4e05f2b2ca582c26a0b11d10349)
[92mINFO [0m:      Received successfully
[92mINFO [0m:      Start `flwr-clientapp` process
[pipeline] conectando ao banco: postgresql://mosaicfl:senhaForte@localhost:5432/mo...
[pipeline] conexão OK
[pipeline] executando query (max_seq_len=128 — pode levar alguns minutos)...
[pipeline] query concluída em 7.1s — 1,518,538 linhas
[pipeline] filtrado para hospital_id='BPSP' — 1,518,538 linhas
[pipeline] 28,599 atendimentos únicos encontrados
[pipeline] usando vocabulário pré-compartilhado — 38 tokens
[pipeline] construindo tensores para 28,599 sequências...
[pipeline] tensores: 2,859/28,599 (10%)
[pipeline] tensores: 5,718/28,599 (20%)
[pipeline] tensores: 8,577/28,599 (30%)
[pipeline] tensores: 11,436/28,599 (40%)
[pipeline] tensores: 14,295/28,599 (50%)
[pipeline] tensores: 17,154/28,599 (60%)
[pipeline] tensores: 20,013/28,599 (70%)
[pipeline] tensores: 22,872/28,599 (80%)
[pipeline] tensores: 25,731/28,599 (90%)
[pipeline] tensores: 28,590/28,599 (100%)
[pipeline] tensores prontos em 3.5s
[pipeline] concluído em 11.0s total — 28,599 pacientes | dist={0: 15892, 1: 318, 2: 120, 3: 9448, 4: 2821} | demográficos: age_mean=0.51 sex_M=13664/28599
[92mINFO [0m:      
[92mINFO [0m:      
[92mINFO [0m:      [RUN 3963248972974576500, ROUND 91]
[92mINFO [0m:      Sending: train message (ID: 205a55b96ac23ccdd6eb711662b915f61ebb78436bc18df43098a7751c416397)
[92mINFO [0m:      Sent successfully
[92mINFO [0m:      
[92mINFO [0m:      [RUN 3963248972974576500, ROUND 91]
[92mINFO [0m:      Receiving: evaluate message (ID: 5f0eedf3430477518783cacd24d2d25c230d8a29bdd3a4e8ca3bf9ec5e3d7416)
[92mINFO [0m:      Received successfully
[92mINFO [0m:      Start `flwr-clientapp` process
[pipeline] conectando ao banco: postgresql://mosaicfl:senhaForte@localhost:5432/mo...
[pipeline] conexão OK
[pipeline] executando query (max_seq_len=128 — pode levar alguns minutos)...
[pipeline] query concluída em 7.2s — 1,518,538 linhas
[pipeline] filtrado para hospital_id='BPSP' — 1,518,538 linhas
[pipeline] 28,599 atendimentos únicos encontrados
[pipeline] usando vocabulário pré-compartilhado — 38 tokens
[pipeline] construindo tensores para 28,599 sequências...
[pipeline] tensores: 2,859/28,599 (10%)
[pipeline] tensores: 5,718/28,599 (20%)
[pipeline] tensores: 8,577/28,599 (30%)
[pipeline] tensores: 11,436/28,599 (40%)
[pipeline] tensores: 14,295/28,599 (50%)
[pipeline] tensores: 17,154/28,599 (60%)
[pipeline] tensores: 20,013/28,599 (70%)
[pipeline] tensores: 22,872/28,599 (80%)
[pipeline] tensores: 25,731/28,599 (90%)
[pipeline] tensores: 28,590/28,599 (100%)
[pipeline] tensores prontos em 3.6s
[pipeline] concluído em 11.2s total — 28,599 pacientes | dist={0: 15892, 1: 318, 2: 120, 3: 9448, 4: 2821} | demográficos: age_mean=0.51 sex_M=13664/28599
[92mINFO [0m:      
[92mINFO [0m:      
[92mINFO [0m:      [RUN 3963248972974576500, ROUND 91]
[92mINFO [0m:      Sending: evaluate message (ID: c43801966dd1ca92060114459a509bcb19959d2b32626ea7963ecd192cd36ab3)
[92mINFO [0m:      Sent successfully
[92mINFO [0m:      
[92mINFO [0m:      [RUN 3963248972974576500, ROUND 92]
[92mINFO [0m:      Receiving: train message (ID: dd16ad32b33242d37310b90f16f06a91232e9bb31c59ae4fc7aee103941848c8)
[92mINFO [0m:      Received successfully
[92mINFO [0m:      Start `flwr-clientapp` process
[pipeline] conectando ao banco: postgresql://mosaicfl:senhaForte@localhost:5432/mo...
[pipeline] conexão OK
[pipeline] executando query (max_seq_len=128 — pode levar alguns minutos)...
[pipeline] query concluída em 7.2s — 1,518,538 linhas
[pipeline] filtrado para hospital_id='BPSP' — 1,518,538 linhas
[pipeline] 28,599 atendimentos únicos encontrados
[pipeline] usando vocabulário pré-compartilhado — 38 tokens
[pipeline] construindo tensores para 28,599 sequências...
[pipeline] tensores: 2,859/28,599 (10%)
[pipeline] tensores: 5,718/28,599 (20%)
[pipeline] tensores: 8,577/28,599 (30%)
[pipeline] tensores: 11,436/28,599 (40%)
[pipeline] tensores: 14,295/28,599 (50%)
[pipeline] tensores: 17,154/28,599 (60%)
[pipeline] tensores: 20,013/28,599 (70%)
[pipeline] tensores: 22,872/28,599 (80%)
[pipeline] tensores: 25,731/28,599 (90%)
[pipeline] tensores: 28,590/28,599 (100%)
[pipeline] tensores prontos em 3.6s
[pipeline] concluído em 11.1s total — 28,599 pacientes | dist={0: 15892, 1: 318, 2: 120, 3: 9448, 4: 2821} | demográficos: age_mean=0.51 sex_M=13664/28599
[92mINFO [0m:      
[92mINFO [0m:      
[92mINFO [0m:      [RUN 3963248972974576500, ROUND 92]
[92mINFO [0m:      Sending: train message (ID: 5be2357253fddbeffc399c5836c0d96d766f029b4d4c6f9db29caae7b29b25d9)
[92mINFO [0m:      Sent successfully
[92mINFO [0m:      
[92mINFO [0m:      [RUN 3963248972974576500, ROUND 92]
[92mINFO [0m:      Receiving: evaluate message (ID: 61a9d8bde651d6bb341c6ae9c9714ced54a155d8f12b32e4057a640b8fe3ac8f)
[92mINFO [0m:      Received successfully
[92mINFO [0m:      Start `flwr-clientapp` process
[pipeline] conectando ao banco: postgresql://mosaicfl:senhaForte@localhost:5432/mo...
[pipeline] conexão OK
[pipeline] executando query (max_seq_len=128 — pode levar alguns minutos)...
[pipeline] query concluída em 7.1s — 1,518,538 linhas
[pipeline] filtrado para hospital_id='BPSP' — 1,518,538 linhas
[pipeline] 28,599 atendimentos únicos encontrados
[pipeline] usando vocabulário pré-compartilhado — 38 tokens
[pipeline] construindo tensores para 28,599 sequências...
[pipeline] tensores: 2,859/28,599 (10%)
[pipeline] tensores: 5,718/28,599 (20%)
[pipeline] tensores: 8,577/28,599 (30%)
[pipeline] tensores: 11,436/28,599 (40%)
[pipeline] tensores: 14,295/28,599 (50%)
[pipeline] tensores: 17,154/28,599 (60%)
[pipeline] tensores: 20,013/28,599 (70%)
[pipeline] tensores: 22,872/28,599 (80%)
[pipeline] tensores: 25,731/28,599 (90%)
[pipeline] tensores: 28,590/28,599 (100%)
[pipeline] tensores prontos em 3.5s
[pipeline] concluído em 11.0s total — 28,599 pacientes | dist={0: 15892, 1: 318, 2: 120, 3: 9448, 4: 2821} | demográficos: age_mean=0.51 sex_M=13664/28599
[92mINFO [0m:      
[92mINFO [0m:      
[92mINFO [0m:      [RUN 3963248972974576500, ROUND 92]
[92mINFO [0m:      Sending: evaluate message (ID: a8311025b92a9be19c2ee35486168e388e0572800dd1423ec1e2c72b3965989a)
[92mINFO [0m:      Sent successfully
[92mINFO [0m:      
[92mINFO [0m:      [RUN 3963248972974576500, ROUND 93]
[92mINFO [0m:      Receiving: train message (ID: f200fd35e333c9f0b32b8f01c518a9c84405c783b18102b88f2676c0dce7dcc8)
[92mINFO [0m:      Received successfully
[92mINFO [0m:      Start `flwr-clientapp` process
[pipeline] conectando ao banco: postgresql://mosaicfl:senhaForte@localhost:5432/mo...
[pipeline] conexão OK
[pipeline] executando query (max_seq_len=128 — pode levar alguns minutos)...
[pipeline] query concluída em 7.1s — 1,518,538 linhas
[pipeline] filtrado para hospital_id='BPSP' — 1,518,538 linhas
[pipeline] 28,599 atendimentos únicos encontrados
[pipeline] usando vocabulário pré-compartilhado — 38 tokens
[pipeline] construindo tensores para 28,599 sequências...
[pipeline] tensores: 2,859/28,599 (10%)
[pipeline] tensores: 5,718/28,599 (20%)
[pipeline] tensores: 8,577/28,599 (30%)
[pipeline] tensores: 11,436/28,599 (40%)
[pipeline] tensores: 14,295/28,599 (50%)
[pipeline] tensores: 17,154/28,599 (60%)
[pipeline] tensores: 20,013/28,599 (70%)
[pipeline] tensores: 22,872/28,599 (80%)
[pipeline] tensores: 25,731/28,599 (90%)
[pipeline] tensores: 28,590/28,599 (100%)
[pipeline] tensores prontos em 3.6s
[pipeline] concluído em 11.0s total — 28,599 pacientes | dist={0: 15892, 1: 318, 2: 120, 3: 9448, 4: 2821} | demográficos: age_mean=0.51 sex_M=13664/28599
[92mINFO [0m:      
[92mINFO [0m:      [RUN 3963248972974576500, ROUND 93]
[92mINFO [0m:      Sending: train message (ID: e8181659ed91e11c83c4ed32f68796d6344075bcae6c6f8d9e9e7510725dd77e)
[92mINFO [0m:      
[92mINFO [0m:      Sent successfully
[92mINFO [0m:      
[92mINFO [0m:      [RUN 3963248972974576500, ROUND 93]
[92mINFO [0m:      Receiving: evaluate message (ID: 914b620b8c1f7a052454baadb627b7d82dfacb183f6e8e664b8c5c868a91d427)
[92mINFO [0m:      Received successfully
[92mINFO [0m:      Start `flwr-clientapp` process
[pipeline] conectando ao banco: postgresql://mosaicfl:senhaForte@localhost:5432/mo...
[pipeline] conexão OK
[pipeline] executando query (max_seq_len=128 — pode levar alguns minutos)...
[pipeline] query concluída em 7.5s — 1,518,538 linhas
[pipeline] filtrado para hospital_id='BPSP' — 1,518,538 linhas
[pipeline] 28,599 atendimentos únicos encontrados
[pipeline] usando vocabulário pré-compartilhado — 38 tokens
[pipeline] construindo tensores para 28,599 sequências...
[pipeline] tensores: 2,859/28,599 (10%)
[pipeline] tensores: 5,718/28,599 (20%)
[pipeline] tensores: 8,577/28,599 (30%)
[pipeline] tensores: 11,436/28,599 (40%)
[pipeline] tensores: 14,295/28,599 (50%)
[pipeline] tensores: 17,154/28,599 (60%)
[pipeline] tensores: 20,013/28,599 (70%)
[pipeline] tensores: 22,872/28,599 (80%)
[pipeline] tensores: 25,731/28,599 (90%)
[pipeline] tensores: 28,590/28,599 (100%)
[pipeline] tensores prontos em 3.6s
[pipeline] concluído em 11.5s total — 28,599 pacientes | dist={0: 15892, 1: 318, 2: 120, 3: 9448, 4: 2821} | demográficos: age_mean=0.51 sex_M=13664/28599
[92mINFO [0m:      
[92mINFO [0m:      
[92mINFO [0m:      [RUN 3963248972974576500, ROUND 93]
[92mINFO [0m:      Sending: evaluate message (ID: da346285a7b47b37bcaebe4d315a130f8f40f8cc0b8eb1791e0726e7fcee34ac)
[92mINFO [0m:      Sent successfully
[92mINFO [0m:      
[92mINFO [0m:      [RUN 3963248972974576500, ROUND 94]
[92mINFO [0m:      Receiving: train message (ID: be148b1d9619cc77e954f90cd6b0a47d37d8933837bc3f2844845c174a34a4bc)
[92mINFO [0m:      Received successfully
[92mINFO [0m:      Start `flwr-clientapp` process
[pipeline] conectando ao banco: postgresql://mosaicfl:senhaForte@localhost:5432/mo...
[pipeline] conexão OK
[pipeline] executando query (max_seq_len=128 — pode levar alguns minutos)...
[pipeline] query concluída em 7.1s — 1,518,538 linhas
[pipeline] filtrado para hospital_id='BPSP' — 1,518,538 linhas
[pipeline] 28,599 atendimentos únicos encontrados
[pipeline] usando vocabulário pré-compartilhado — 38 tokens
[pipeline] construindo tensores para 28,599 sequências...
[pipeline] tensores: 2,859/28,599 (10%)
[pipeline] tensores: 5,718/28,599 (20%)
[pipeline] tensores: 8,577/28,599 (30%)
[pipeline] tensores: 11,436/28,599 (40%)
[pipeline] tensores: 14,295/28,599 (50%)
[pipeline] tensores: 17,154/28,599 (60%)
[pipeline] tensores: 20,013/28,599 (70%)
[pipeline] tensores: 22,872/28,599 (80%)
[pipeline] tensores: 25,731/28,599 (90%)
[pipeline] tensores: 28,590/28,599 (100%)
[pipeline] tensores prontos em 3.6s
[pipeline] concluído em 11.0s total — 28,599 pacientes | dist={0: 15892, 1: 318, 2: 120, 3: 9448, 4: 2821} | demográficos: age_mean=0.51 sex_M=13664/28599
[92mINFO [0m:      
[92mINFO [0m:      
[92mINFO [0m:      [RUN 3963248972974576500, ROUND 94]
[92mINFO [0m:      Sending: train message (ID: ac20778777a9c962889a3e8367b17f846129405b239cd9a6611749f8c39566d1)
[92mINFO [0m:      Sent successfully
[92mINFO [0m:      
[92mINFO [0m:      [RUN 3963248972974576500, ROUND 94]
[92mINFO [0m:      Receiving: evaluate message (ID: 368356ee3dffda1727aa18ed8a6593dad925e6a25473665ad7bc324e6dca7af7)
[92mINFO [0m:      Received successfully
[92mINFO [0m:      Start `flwr-clientapp` process
[pipeline] conectando ao banco: postgresql://mosaicfl:senhaForte@localhost:5432/mo...
[pipeline] conexão OK
[pipeline] executando query (max_seq_len=128 — pode levar alguns minutos)...
[pipeline] query concluída em 7.2s — 1,518,538 linhas
[pipeline] filtrado para hospital_id='BPSP' — 1,518,538 linhas
[pipeline] 28,599 atendimentos únicos encontrados
[pipeline] usando vocabulário pré-compartilhado — 38 tokens
[pipeline] construindo tensores para 28,599 sequências...
[pipeline] tensores: 2,859/28,599 (10%)
[pipeline] tensores: 5,718/28,599 (20%)
[pipeline] tensores: 8,577/28,599 (30%)
[pipeline] tensores: 11,436/28,599 (40%)
[pipeline] tensores: 14,295/28,599 (50%)
[pipeline] tensores: 17,154/28,599 (60%)
[pipeline] tensores: 20,013/28,599 (70%)
[pipeline] tensores: 22,872/28,599 (80%)
[pipeline] tensores: 25,731/28,599 (90%)
[pipeline] tensores: 28,590/28,599 (100%)
[pipeline] tensores prontos em 3.6s
[pipeline] concluído em 11.1s total — 28,599 pacientes | dist={0: 15892, 1: 318, 2: 120, 3: 9448, 4: 2821} | demográficos: age_mean=0.51 sex_M=13664/28599
[92mINFO [0m:      
[92mINFO [0m:      
[92mINFO [0m:      [RUN 3963248972974576500, ROUND 94]
[92mINFO [0m:      Sending: evaluate message (ID: 38e78f83777167bb2b4323aa95832bf64927cbe41040145949587f8e552ae698)
[92mINFO [0m:      Sent successfully
[92mINFO [0m:      
[92mINFO [0m:      [RUN 3963248972974576500, ROUND 95]
[92mINFO [0m:      Receiving: train message (ID: f3dc78609096d6c4bef332ef3525fdde2af784091cbf017a55165818e8b919bc)
[92mINFO [0m:      Received successfully
[92mINFO [0m:      Start `flwr-clientapp` process
[pipeline] conectando ao banco: postgresql://mosaicfl:senhaForte@localhost:5432/mo...
[pipeline] conexão OK
[pipeline] executando query (max_seq_len=128 — pode levar alguns minutos)...
[pipeline] query concluída em 7.2s — 1,518,538 linhas
[pipeline] filtrado para hospital_id='BPSP' — 1,518,538 linhas
[pipeline] 28,599 atendimentos únicos encontrados
[pipeline] usando vocabulário pré-compartilhado — 38 tokens
[pipeline] construindo tensores para 28,599 sequências...
[pipeline] tensores: 2,859/28,599 (10%)
[pipeline] tensores: 5,718/28,599 (20%)
[pipeline] tensores: 8,577/28,599 (30%)
[pipeline] tensores: 11,436/28,599 (40%)
[pipeline] tensores: 14,295/28,599 (50%)
[pipeline] tensores: 17,154/28,599 (60%)
[pipeline] tensores: 20,013/28,599 (70%)
[pipeline] tensores: 22,872/28,599 (80%)
[pipeline] tensores: 25,731/28,599 (90%)
[pipeline] tensores: 28,590/28,599 (100%)
[pipeline] tensores prontos em 3.6s
[pipeline] concluído em 11.1s total — 28,599 pacientes | dist={0: 15892, 1: 318, 2: 120, 3: 9448, 4: 2821} | demográficos: age_mean=0.51 sex_M=13664/28599
[92mINFO [0m:      
[92mINFO [0m:      
[92mINFO [0m:      [RUN 3963248972974576500, ROUND 95]
[92mINFO [0m:      Sending: train message (ID: 4a537cc62b3898f1e9df1ace15b59a722f092b1039d46f85fa340ca8961dd882)
[92mINFO [0m:      Sent successfully
[92mINFO [0m:      
[92mINFO [0m:      [RUN 3963248972974576500, ROUND 95]
[92mINFO [0m:      Receiving: evaluate message (ID: e378c3995c5f8fcb7c27a710811356e642b843b7c148451f9a43d23213ec4793)
[92mINFO [0m:      Received successfully
[92mINFO [0m:      Start `flwr-clientapp` process
[pipeline] conectando ao banco: postgresql://mosaicfl:senhaForte@localhost:5432/mo...
[pipeline] conexão OK
[pipeline] executando query (max_seq_len=128 — pode levar alguns minutos)...
[pipeline] query concluída em 7.1s — 1,518,538 linhas
[pipeline] filtrado para hospital_id='BPSP' — 1,518,538 linhas
[pipeline] 28,599 atendimentos únicos encontrados
[pipeline] usando vocabulário pré-compartilhado — 38 tokens
[pipeline] construindo tensores para 28,599 sequências...
[pipeline] tensores: 2,859/28,599 (10%)
[pipeline] tensores: 5,718/28,599 (20%)
[pipeline] tensores: 8,577/28,599 (30%)
[pipeline] tensores: 11,436/28,599 (40%)
[pipeline] tensores: 14,295/28,599 (50%)
[pipeline] tensores: 17,154/28,599 (60%)
[pipeline] tensores: 20,013/28,599 (70%)
[pipeline] tensores: 22,872/28,599 (80%)
[pipeline] tensores: 25,731/28,599 (90%)
[pipeline] tensores: 28,590/28,599 (100%)
[pipeline] tensores prontos em 3.6s
[pipeline] concluído em 11.1s total — 28,599 pacientes | dist={0: 15892, 1: 318, 2: 120, 3: 9448, 4: 2821} | demográficos: age_mean=0.51 sex_M=13664/28599
[92mINFO [0m:      
[92mINFO [0m:      
[92mINFO [0m:      [RUN 3963248972974576500, ROUND 95]
[92mINFO [0m:      Sending: evaluate message (ID: c335c4d8b9f9f5f2af2cd9e2b674a2702426e6895f9c7b8ba10843c0d042e632)
[92mINFO [0m:      Sent successfully
[92mINFO [0m:      
[92mINFO [0m:      [RUN 3963248972974576500, ROUND 96]
[92mINFO [0m:      Receiving: train message (ID: ad02d8c4de077fb16b4e9974419d7d59430e22baac4723b43e4d4dddd99b4b3f)
[92mINFO [0m:      Received successfully
[92mINFO [0m:      Start `flwr-clientapp` process
[pipeline] conectando ao banco: postgresql://mosaicfl:senhaForte@localhost:5432/mo...
[pipeline] conexão OK
[pipeline] executando query (max_seq_len=128 — pode levar alguns minutos)...
[pipeline] query concluída em 7.2s — 1,518,538 linhas
[pipeline] filtrado para hospital_id='BPSP' — 1,518,538 linhas
[pipeline] 28,599 atendimentos únicos encontrados
[pipeline] usando vocabulário pré-compartilhado — 38 tokens
[pipeline] construindo tensores para 28,599 sequências...
[pipeline] tensores: 2,859/28,599 (10%)
[pipeline] tensores: 5,718/28,599 (20%)
[pipeline] tensores: 8,577/28,599 (30%)
[pipeline] tensores: 11,436/28,599 (40%)
[pipeline] tensores: 14,295/28,599 (50%)
[pipeline] tensores: 17,154/28,599 (60%)
[pipeline] tensores: 20,013/28,599 (70%)
[pipeline] tensores: 22,872/28,599 (80%)
[pipeline] tensores: 25,731/28,599 (90%)
[pipeline] tensores: 28,590/28,599 (100%)
[pipeline] tensores prontos em 3.6s
[pipeline] concluído em 11.2s total — 28,599 pacientes | dist={0: 15892, 1: 318, 2: 120, 3: 9448, 4: 2821} | demográficos: age_mean=0.51 sex_M=13664/28599
[92mINFO [0m:      
[92mINFO [0m:      
[92mINFO [0m:      [RUN 3963248972974576500, ROUND 96]
[92mINFO [0m:      Sending: train message (ID: 99505f5a4120fce9087ff1721a16f4625992d322bf4ea18ba07f5326e9364c23)
[92mINFO [0m:      Sent successfully
[92mINFO [0m:      
[92mINFO [0m:      [RUN 3963248972974576500, ROUND 96]
[92mINFO [0m:      Receiving: evaluate message (ID: b728a65415554ce84c69351f26d443cff8d3bf28d284323817042dd2af775224)
[92mINFO [0m:      Received successfully
[92mINFO [0m:      Start `flwr-clientapp` process
[pipeline] conectando ao banco: postgresql://mosaicfl:senhaForte@localhost:5432/mo...
[pipeline] conexão OK
[pipeline] executando query (max_seq_len=128 — pode levar alguns minutos)...
[pipeline] query concluída em 7.1s — 1,518,538 linhas
[pipeline] filtrado para hospital_id='BPSP' — 1,518,538 linhas
[pipeline] 28,599 atendimentos únicos encontrados
[pipeline] usando vocabulário pré-compartilhado — 38 tokens
[pipeline] construindo tensores para 28,599 sequências...
[pipeline] tensores: 2,859/28,599 (10%)
[pipeline] tensores: 5,718/28,599 (20%)
[pipeline] tensores: 8,577/28,599 (30%)
[pipeline] tensores: 11,436/28,599 (40%)
[pipeline] tensores: 14,295/28,599 (50%)
[pipeline] tensores: 17,154/28,599 (60%)
[pipeline] tensores: 20,013/28,599 (70%)
[pipeline] tensores: 22,872/28,599 (80%)
[pipeline] tensores: 25,731/28,599 (90%)
[pipeline] tensores: 28,590/28,599 (100%)
[pipeline] tensores prontos em 3.5s
[pipeline] concluído em 11.0s total — 28,599 pacientes | dist={0: 15892, 1: 318, 2: 120, 3: 9448, 4: 2821} | demográficos: age_mean=0.51 sex_M=13664/28599
[92mINFO [0m:      
[92mINFO [0m:      
[92mINFO [0m:      [RUN 3963248972974576500, ROUND 96]
[92mINFO [0m:      Sending: evaluate message (ID: 290bf37e6fb66e9eeae6de1e4ef01c8ed36423c118b6acbf7cda675d5a848446)
[92mINFO [0m:      Sent successfully
[92mINFO [0m:      
[92mINFO [0m:      [RUN 3963248972974576500, ROUND 97]
[92mINFO [0m:      Receiving: train message (ID: c7c4dade82b24cbd45401ba252629a8851fecc23e96e210cc74210385cd4a93d)
[92mINFO [0m:      Received successfully
[92mINFO [0m:      Start `flwr-clientapp` process
[pipeline] conectando ao banco: postgresql://mosaicfl:senhaForte@localhost:5432/mo...
[pipeline] conexão OK
[pipeline] executando query (max_seq_len=128 — pode levar alguns minutos)...
[pipeline] query concluída em 7.2s — 1,518,538 linhas
[pipeline] filtrado para hospital_id='BPSP' — 1,518,538 linhas
[pipeline] 28,599 atendimentos únicos encontrados
[pipeline] usando vocabulário pré-compartilhado — 38 tokens
[pipeline] construindo tensores para 28,599 sequências...
[pipeline] tensores: 2,859/28,599 (10%)
[pipeline] tensores: 5,718/28,599 (20%)
[pipeline] tensores: 8,577/28,599 (30%)
[pipeline] tensores: 11,436/28,599 (40%)
[pipeline] tensores: 14,295/28,599 (50%)
[pipeline] tensores: 17,154/28,599 (60%)
[pipeline] tensores: 20,013/28,599 (70%)
[pipeline] tensores: 22,872/28,599 (80%)
[pipeline] tensores: 25,731/28,599 (90%)
[pipeline] tensores: 28,590/28,599 (100%)
[pipeline] tensores prontos em 3.7s
[pipeline] concluído em 11.3s total — 28,599 pacientes | dist={0: 15892, 1: 318, 2: 120, 3: 9448, 4: 2821} | demográficos: age_mean=0.51 sex_M=13664/28599
[92mINFO [0m:      
[92mINFO [0m:      
[92mINFO [0m:      [RUN 3963248972974576500, ROUND 97]
[92mINFO [0m:      Sending: train message (ID: 8c2cdaa53ab302c2846b88faec319dc556aa211840a7a8df02427430345ff37f)
[92mINFO [0m:      Sent successfully
[92mINFO [0m:      
[92mINFO [0m:      [RUN 3963248972974576500, ROUND 97]
[92mINFO [0m:      Receiving: evaluate message (ID: 7f10c2c45c3c6f3f7914e9e4407f4ca7eda39d0a01c6ea3cda68be1f489b8119)
[92mINFO [0m:      Received successfully
[92mINFO [0m:      Start `flwr-clientapp` process
[pipeline] conectando ao banco: postgresql://mosaicfl:senhaForte@localhost:5432/mo...
[pipeline] conexão OK
[pipeline] executando query (max_seq_len=128 — pode levar alguns minutos)...
[pipeline] query concluída em 7.3s — 1,518,538 linhas
[pipeline] filtrado para hospital_id='BPSP' — 1,518,538 linhas
[pipeline] 28,599 atendimentos únicos encontrados
[pipeline] usando vocabulário pré-compartilhado — 38 tokens
[pipeline] construindo tensores para 28,599 sequências...
[pipeline] tensores: 2,859/28,599 (10%)
[pipeline] tensores: 5,718/28,599 (20%)
[pipeline] tensores: 8,577/28,599 (30%)
[pipeline] tensores: 11,436/28,599 (40%)
[pipeline] tensores: 14,295/28,599 (50%)
[pipeline] tensores: 17,154/28,599 (60%)
[pipeline] tensores: 20,013/28,599 (70%)
[pipeline] tensores: 22,872/28,599 (80%)
[pipeline] tensores: 25,731/28,599 (90%)
[pipeline] tensores: 28,590/28,599 (100%)
[pipeline] tensores prontos em 3.6s
[pipeline] concluído em 11.2s total — 28,599 pacientes | dist={0: 15892, 1: 318, 2: 120, 3: 9448, 4: 2821} | demográficos: age_mean=0.51 sex_M=13664/28599
[92mINFO [0m:      
[92mINFO [0m:      
[92mINFO [0m:      [RUN 3963248972974576500, ROUND 97]
[92mINFO [0m:      Sending: evaluate message (ID: ba0f79271c2ecdc800ff0df2fb582a12d4a7900e1a79672f181665d3d9450c9d)
[92mINFO [0m:      Sent successfully
[92mINFO [0m:      
[92mINFO [0m:      [RUN 3963248972974576500, ROUND 98]
[92mINFO [0m:      Receiving: train message (ID: e8c32aaf360fbc39080b7cf80e45dd9f323428e84d5bac92f7beb288bbb91e79)
[92mINFO [0m:      Received successfully
[92mINFO [0m:      Start `flwr-clientapp` process
[pipeline] conectando ao banco: postgresql://mosaicfl:senhaForte@localhost:5432/mo...
[pipeline] conexão OK
[pipeline] executando query (max_seq_len=128 — pode levar alguns minutos)...
[pipeline] query concluída em 7.1s — 1,518,538 linhas
[pipeline] filtrado para hospital_id='BPSP' — 1,518,538 linhas
[pipeline] 28,599 atendimentos únicos encontrados
[pipeline] usando vocabulário pré-compartilhado — 38 tokens
[pipeline] construindo tensores para 28,599 sequências...
[pipeline] tensores: 2,859/28,599 (10%)
[pipeline] tensores: 5,718/28,599 (20%)
[pipeline] tensores: 8,577/28,599 (30%)
[pipeline] tensores: 11,436/28,599 (40%)
[pipeline] tensores: 14,295/28,599 (50%)
[pipeline] tensores: 17,154/28,599 (60%)
[pipeline] tensores: 20,013/28,599 (70%)
[pipeline] tensores: 22,872/28,599 (80%)
[pipeline] tensores: 25,731/28,599 (90%)
[pipeline] tensores: 28,590/28,599 (100%)
[pipeline] tensores prontos em 3.5s
[pipeline] concluído em 10.9s total — 28,599 pacientes | dist={0: 15892, 1: 318, 2: 120, 3: 9448, 4: 2821} | demográficos: age_mean=0.51 sex_M=13664/28599
[92mINFO [0m:      
[92mINFO [0m:      
[92mINFO [0m:      [RUN 3963248972974576500, ROUND 98]
[92mINFO [0m:      Sending: train message (ID: a1549973d94360428e007db44747c8ad605ac5aceb950c870cddee16cf7dcb6c)
[92mINFO [0m:      Sent successfully
[92mINFO [0m:      
[92mINFO [0m:      [RUN 3963248972974576500, ROUND 98]
[92mINFO [0m:      Receiving: evaluate message (ID: d3f4b0830cdb1d0e137416fe07f5bcc79e650da0b54c299384da350bff69e1b6)
[92mINFO [0m:      Received successfully
[92mINFO [0m:      Start `flwr-clientapp` process
[pipeline] conectando ao banco: postgresql://mosaicfl:senhaForte@localhost:5432/mo...
[pipeline] conexão OK
[pipeline] executando query (max_seq_len=128 — pode levar alguns minutos)...
[pipeline] query concluída em 7.3s — 1,518,538 linhas
[pipeline] filtrado para hospital_id='BPSP' — 1,518,538 linhas
[pipeline] 28,599 atendimentos únicos encontrados
[pipeline] usando vocabulário pré-compartilhado — 38 tokens
[pipeline] construindo tensores para 28,599 sequências...
[pipeline] tensores: 2,859/28,599 (10%)
[pipeline] tensores: 5,718/28,599 (20%)
[pipeline] tensores: 8,577/28,599 (30%)
[pipeline] tensores: 11,436/28,599 (40%)
[pipeline] tensores: 14,295/28,599 (50%)
[pipeline] tensores: 17,154/28,599 (60%)
[pipeline] tensores: 20,013/28,599 (70%)
[pipeline] tensores: 22,872/28,599 (80%)
[pipeline] tensores: 25,731/28,599 (90%)
[pipeline] tensores: 28,590/28,599 (100%)
[pipeline] tensores prontos em 3.6s
[pipeline] concluído em 11.3s total — 28,599 pacientes | dist={0: 15892, 1: 318, 2: 120, 3: 9448, 4: 2821} | demográficos: age_mean=0.51 sex_M=13664/28599
[92mINFO [0m:      
[92mINFO [0m:      
[92mINFO [0m:      [RUN 3963248972974576500, ROUND 98]
[92mINFO [0m:      Sending: evaluate message (ID: 106f85760e25aca88abbec33dea8cbd22ced56c63ac289f0269667c47d9c78f1)
[92mINFO [0m:      Sent successfully
[92mINFO [0m:      
[92mINFO [0m:      [RUN 3963248972974576500, ROUND 99]
[92mINFO [0m:      Receiving: train message (ID: d1d4689ab922004fb2a61b71514ced7271dde5fb66b746e2d4360c2260d06c38)
[92mINFO [0m:      Received successfully
[92mINFO [0m:      Start `flwr-clientapp` process
[pipeline] conectando ao banco: postgresql://mosaicfl:senhaForte@localhost:5432/mo...
[pipeline] conexão OK
[pipeline] executando query (max_seq_len=128 — pode levar alguns minutos)...
[pipeline] query concluída em 7.1s — 1,518,538 linhas
[pipeline] filtrado para hospital_id='BPSP' — 1,518,538 linhas
[pipeline] 28,599 atendimentos únicos encontrados
[pipeline] usando vocabulário pré-compartilhado — 38 tokens
[pipeline] construindo tensores para 28,599 sequências...
[pipeline] tensores: 2,859/28,599 (10%)
[pipeline] tensores: 5,718/28,599 (20%)
[pipeline] tensores: 8,577/28,599 (30%)
[pipeline] tensores: 11,436/28,599 (40%)
[pipeline] tensores: 14,295/28,599 (50%)
[pipeline] tensores: 17,154/28,599 (60%)
[pipeline] tensores: 20,013/28,599 (70%)
[pipeline] tensores: 22,872/28,599 (80%)
[pipeline] tensores: 25,731/28,599 (90%)
[pipeline] tensores: 28,590/28,599 (100%)
[pipeline] tensores prontos em 3.6s
[pipeline] concluído em 11.1s total — 28,599 pacientes | dist={0: 15892, 1: 318, 2: 120, 3: 9448, 4: 2821} | demográficos: age_mean=0.51 sex_M=13664/28599
[92mINFO [0m:      
[92mINFO [0m:      
[92mINFO [0m:      [RUN 3963248972974576500, ROUND 99]
[92mINFO [0m:      Sending: train message (ID: 075cc4419d28e0d7f499e0df3cf7cbd9aadca877a3c1aa59621ba0f74651ae36)
[92mINFO [0m:      Sent successfully
[92mINFO [0m:      
[92mINFO [0m:      [RUN 3963248972974576500, ROUND 99]
[92mINFO [0m:      Receiving: evaluate message (ID: b2e8487e079ec3fa80bbd49f1d8f5b2caba1dd896d25953b2022b3736b419936)
[92mINFO [0m:      Received successfully
[92mINFO [0m:      Start `flwr-clientapp` process
[pipeline] conectando ao banco: postgresql://mosaicfl:senhaForte@localhost:5432/mo...
[pipeline] conexão OK
[pipeline] executando query (max_seq_len=128 — pode levar alguns minutos)...
[pipeline] query concluída em 7.2s — 1,518,538 linhas
[pipeline] filtrado para hospital_id='BPSP' — 1,518,538 linhas
[pipeline] 28,599 atendimentos únicos encontrados
[pipeline] usando vocabulário pré-compartilhado — 38 tokens
[pipeline] construindo tensores para 28,599 sequências...
[pipeline] tensores: 2,859/28,599 (10%)
[pipeline] tensores: 5,718/28,599 (20%)
[pipeline] tensores: 8,577/28,599 (30%)
[pipeline] tensores: 11,436/28,599 (40%)
[pipeline] tensores: 14,295/28,599 (50%)
[pipeline] tensores: 17,154/28,599 (60%)
[pipeline] tensores: 20,013/28,599 (70%)
[pipeline] tensores: 22,872/28,599 (80%)
[pipeline] tensores: 25,731/28,599 (90%)
[pipeline] tensores: 28,590/28,599 (100%)
[pipeline] tensores prontos em 3.6s
[pipeline] concluído em 11.1s total — 28,599 pacientes | dist={0: 15892, 1: 318, 2: 120, 3: 9448, 4: 2821} | demográficos: age_mean=0.51 sex_M=13664/28599
[92mINFO [0m:      
[92mINFO [0m:      
[92mINFO [0m:      [RUN 3963248972974576500, ROUND 99]
[92mINFO [0m:      Sending: evaluate message (ID: 46429b0ea1a14c58e5442b8227fa62cefb96442aebf025eb440cc4b92f899607)
[92mINFO [0m:      Sent successfully
[92mINFO [0m:      
[92mINFO [0m:      [RUN 3963248972974576500, ROUND 100]
[92mINFO [0m:      Receiving: train message (ID: f0228d9004b7622f0ef1b9eb9ce0ec21830169c8118797d9d2348e62ab2dde56)
[92mINFO [0m:      Received successfully
[92mINFO [0m:      Start `flwr-clientapp` process
[pipeline] conectando ao banco: postgresql://mosaicfl:senhaForte@localhost:5432/mo...
[pipeline] conexão OK
[pipeline] executando query (max_seq_len=128 — pode levar alguns minutos)...
[pipeline] query concluída em 7.2s — 1,518,538 linhas
[pipeline] filtrado para hospital_id='BPSP' — 1,518,538 linhas
[pipeline] 28,599 atendimentos únicos encontrados
[pipeline] usando vocabulário pré-compartilhado — 38 tokens
[pipeline] construindo tensores para 28,599 sequências...
[pipeline] tensores: 2,859/28,599 (10%)
[pipeline] tensores: 5,718/28,599 (20%)
[pipeline] tensores: 8,577/28,599 (30%)
[pipeline] tensores: 11,436/28,599 (40%)
[pipeline] tensores: 14,295/28,599 (50%)
[pipeline] tensores: 17,154/28,599 (60%)
[pipeline] tensores: 20,013/28,599 (70%)
[pipeline] tensores: 22,872/28,599 (80%)
[pipeline] tensores: 25,731/28,599 (90%)
[pipeline] tensores: 28,590/28,599 (100%)
[pipeline] tensores prontos em 3.6s
[pipeline] concluído em 11.1s total — 28,599 pacientes | dist={0: 15892, 1: 318, 2: 120, 3: 9448, 4: 2821} | demográficos: age_mean=0.51 sex_M=13664/28599
[92mINFO [0m:      
[92mINFO [0m:      [RUN 3963248972974576500, ROUND 100]
[92mINFO [0m:      Sending: train message (ID: df87f55a11dc20c0fb9022a55ad5e78fa6fe76fede1bb63aae4021b349159b8c)
[92mINFO [0m:      
[92mINFO [0m:      Sent successfully
[92mINFO [0m:      
[92mINFO [0m:      [RUN 3963248972974576500, ROUND 100]
[92mINFO [0m:      Receiving: evaluate message (ID: 15c8e62fc04383feef3c70fcd5a9b99d651c62d8e07981bf3afef6b2ac461da4)
[92mINFO [0m:      Received successfully
[92mINFO [0m:      Start `flwr-clientapp` process
[pipeline] conectando ao banco: postgresql://mosaicfl:senhaForte@localhost:5432/mo...
[pipeline] conexão OK
[pipeline] executando query (max_seq_len=128 — pode levar alguns minutos)...
[pipeline] query concluída em 7.1s — 1,518,538 linhas
[pipeline] filtrado para hospital_id='BPSP' — 1,518,538 linhas
[pipeline] 28,599 atendimentos únicos encontrados
[pipeline] usando vocabulário pré-compartilhado — 38 tokens
[pipeline] construindo tensores para 28,599 sequências...
[pipeline] tensores: 2,859/28,599 (10%)
[pipeline] tensores: 5,718/28,599 (20%)
[pipeline] tensores: 8,577/28,599 (30%)
[pipeline] tensores: 11,436/28,599 (40%)
[pipeline] tensores: 14,295/28,599 (50%)
[pipeline] tensores: 17,154/28,599 (60%)
[pipeline] tensores: 20,013/28,599 (70%)
[pipeline] tensores: 22,872/28,599 (80%)
[pipeline] tensores: 25,731/28,599 (90%)
[pipeline] tensores: 28,590/28,599 (100%)
[pipeline] tensores prontos em 3.6s
[pipeline] concluído em 11.0s total — 28,599 pacientes | dist={0: 15892, 1: 318, 2: 120, 3: 9448, 4: 2821} | demográficos: age_mean=0.51 sex_M=13664/28599
[92mINFO [0m:      
[92mINFO [0m:      
[92mINFO [0m:      [RUN 3963248972974576500, ROUND 100]
[92mINFO [0m:      Sending: evaluate message (ID: 9872656771a2207a30b24c0a8644f44e9825a198e8cff68f5df426da9ba19635)
[92mINFO [0m:      Sent successfully
[92mINFO [0m:      
[92mINFO [0m:      [RUN 3963248972974576500, ROUND 101]
[92mINFO [0m:      Receiving: train message (ID: 8ef4f4ea08fff6ed65c640421894db95811313c503b919523534b5b38b6f055a)
[92mINFO [0m:      Received successfully
[92mINFO [0m:      Start `flwr-clientapp` process
[pipeline] conectando ao banco: postgresql://mosaicfl:senhaForte@localhost:5432/mo...
[pipeline] conexão OK
[pipeline] executando query (max_seq_len=128 — pode levar alguns minutos)...
[pipeline] query concluída em 7.1s — 1,518,538 linhas
[pipeline] filtrado para hospital_id='BPSP' — 1,518,538 linhas
[pipeline] 28,599 atendimentos únicos encontrados
[pipeline] usando vocabulário pré-compartilhado — 38 tokens
[pipeline] construindo tensores para 28,599 sequências...
[pipeline] tensores: 2,859/28,599 (10%)
[pipeline] tensores: 5,718/28,599 (20%)
[pipeline] tensores: 8,577/28,599 (30%)
[pipeline] tensores: 11,436/28,599 (40%)
[pipeline] tensores: 14,295/28,599 (50%)
[pipeline] tensores: 17,154/28,599 (60%)
[pipeline] tensores: 20,013/28,599 (70%)
[pipeline] tensores: 22,872/28,599 (80%)
[pipeline] tensores: 25,731/28,599 (90%)
[pipeline] tensores: 28,590/28,599 (100%)
[pipeline] tensores prontos em 3.6s
[pipeline] concluído em 11.0s total — 28,599 pacientes | dist={0: 15892, 1: 318, 2: 120, 3: 9448, 4: 2821} | demográficos: age_mean=0.51 sex_M=13664/28599
[92mINFO [0m:      
[92mINFO [0m:      [RUN 3963248972974576500, ROUND 101]
[92mINFO [0m:      Sending: train message (ID: 44e02be23cbb350a07965896912f28a05f1bb6772c3ce727be3be0e6e14b4789)
[92mINFO [0m:      
[92mINFO [0m:      Sent successfully
[92mINFO [0m:      
[92mINFO [0m:      [RUN 3963248972974576500, ROUND 101]
[92mINFO [0m:      Receiving: evaluate message (ID: 1bd59f94dc14fad220ea72f2810ef1edcd0ed141f8fa3449912ddf010e80ad88)
[92mINFO [0m:      Received successfully
[92mINFO [0m:      Start `flwr-clientapp` process
[pipeline] conectando ao banco: postgresql://mosaicfl:senhaForte@localhost:5432/mo...
[pipeline] conexão OK
[pipeline] executando query (max_seq_len=128 — pode levar alguns minutos)...
[pipeline] query concluída em 7.1s — 1,518,538 linhas
[pipeline] filtrado para hospital_id='BPSP' — 1,518,538 linhas
[pipeline] 28,599 atendimentos únicos encontrados
[pipeline] usando vocabulário pré-compartilhado — 38 tokens
[pipeline] construindo tensores para 28,599 sequências...
[pipeline] tensores: 2,859/28,599 (10%)
[pipeline] tensores: 5,718/28,599 (20%)
[pipeline] tensores: 8,577/28,599 (30%)
[pipeline] tensores: 11,436/28,599 (40%)
[pipeline] tensores: 14,295/28,599 (50%)
[pipeline] tensores: 17,154/28,599 (60%)
[pipeline] tensores: 20,013/28,599 (70%)
[pipeline] tensores: 22,872/28,599 (80%)
[pipeline] tensores: 25,731/28,599 (90%)
[pipeline] tensores: 28,590/28,599 (100%)
[pipeline] tensores prontos em 3.5s
[pipeline] concluído em 11.0s total — 28,599 pacientes | dist={0: 15892, 1: 318, 2: 120, 3: 9448, 4: 2821} | demográficos: age_mean=0.51 sex_M=13664/28599
[92mINFO [0m:      
[92mINFO [0m:      
[92mINFO [0m:      [RUN 3963248972974576500, ROUND 101]
[92mINFO [0m:      Sending: evaluate message (ID: e20740c6ceaca7c21460b27bbf69b1141abb7da0b6396fd5ba5650442c345c41)
[92mINFO [0m:      Sent successfully
[92mINFO [0m:      
[92mINFO [0m:      [RUN 3963248972974576500, ROUND 102]
[92mINFO [0m:      Receiving: train message (ID: 3630f99af047b0ee01e4d0db8c49467306ffc198b734b75cf5a4c5ea049aa2e1)
[92mINFO [0m:      Received successfully
[92mINFO [0m:      Start `flwr-clientapp` process
[pipeline] conectando ao banco: postgresql://mosaicfl:senhaForte@localhost:5432/mo...
[pipeline] conexão OK
[pipeline] executando query (max_seq_len=128 — pode levar alguns minutos)...
[pipeline] query concluída em 7.1s — 1,518,538 linhas
[pipeline] filtrado para hospital_id='BPSP' — 1,518,538 linhas
[pipeline] 28,599 atendimentos únicos encontrados
[pipeline] usando vocabulário pré-compartilhado — 38 tokens
[pipeline] construindo tensores para 28,599 sequências...
[pipeline] tensores: 2,859/28,599 (10%)
[pipeline] tensores: 5,718/28,599 (20%)
[pipeline] tensores: 8,577/28,599 (30%)
[pipeline] tensores: 11,436/28,599 (40%)
[pipeline] tensores: 14,295/28,599 (50%)
[pipeline] tensores: 17,154/28,599 (60%)
[pipeline] tensores: 20,013/28,599 (70%)
[pipeline] tensores: 22,872/28,599 (80%)
[pipeline] tensores: 25,731/28,599 (90%)
[pipeline] tensores: 28,590/28,599 (100%)
[pipeline] tensores prontos em 3.5s
[pipeline] concluído em 11.0s total — 28,599 pacientes | dist={0: 15892, 1: 318, 2: 120, 3: 9448, 4: 2821} | demográficos: age_mean=0.51 sex_M=13664/28599
[92mINFO [0m:      
[92mINFO [0m:      
[92mINFO [0m:      [RUN 3963248972974576500, ROUND 102]
[92mINFO [0m:      Sending: train message (ID: fe534eafc4f1d30317495b966c7601ec3e55b7eca50dd1f5c5f6b31c96defce9)
[92mINFO [0m:      Sent successfully
[92mINFO [0m:      
[92mINFO [0m:      [RUN 3963248972974576500, ROUND 102]
[92mINFO [0m:      Receiving: evaluate message (ID: 0a92fadb980e87ecb67081757bc415a230e575f5ad262098fc0dc9b85f8fadb8)
[92mINFO [0m:      Received successfully
[92mINFO [0m:      Start `flwr-clientapp` process
[pipeline] conectando ao banco: postgresql://mosaicfl:senhaForte@localhost:5432/mo...
[pipeline] conexão OK
[pipeline] executando query (max_seq_len=128 — pode levar alguns minutos)...
[pipeline] query concluída em 7.3s — 1,518,538 linhas
[pipeline] filtrado para hospital_id='BPSP' — 1,518,538 linhas
[pipeline] 28,599 atendimentos únicos encontrados
[pipeline] usando vocabulário pré-compartilhado — 38 tokens
[pipeline] construindo tensores para 28,599 sequências...
[pipeline] tensores: 2,859/28,599 (10%)
[pipeline] tensores: 5,718/28,599 (20%)
[pipeline] tensores: 8,577/28,599 (30%)
[pipeline] tensores: 11,436/28,599 (40%)
[pipeline] tensores: 14,295/28,599 (50%)
[pipeline] tensores: 17,154/28,599 (60%)
[pipeline] tensores: 20,013/28,599 (70%)
[pipeline] tensores: 22,872/28,599 (80%)
[pipeline] tensores: 25,731/28,599 (90%)
[pipeline] tensores: 28,590/28,599 (100%)
[pipeline] tensores prontos em 3.6s
[pipeline] concluído em 11.3s total — 28,599 pacientes | dist={0: 15892, 1: 318, 2: 120, 3: 9448, 4: 2821} | demográficos: age_mean=0.51 sex_M=13664/28599
[92mINFO [0m:      
[92mINFO [0m:      
[92mINFO [0m:      [RUN 3963248972974576500, ROUND 102]
[92mINFO [0m:      Sending: evaluate message (ID: d611258d45809af766489db6ef7d9ee59ed5133b82ceb62dcc8f8af0d3bec746)
[92mINFO [0m:      Sent successfully
[92mINFO [0m:      
[92mINFO [0m:      [RUN 3963248972974576500, ROUND 103]
[92mINFO [0m:      Receiving: train message (ID: 516023f73b70bb8e9cbc5cdab4fc619173e3f5cdbfcd0a11a31db01eed25522f)
[92mINFO [0m:      Received successfully
[92mINFO [0m:      Start `flwr-clientapp` process
[pipeline] conectando ao banco: postgresql://mosaicfl:senhaForte@localhost:5432/mo...
[pipeline] conexão OK
[pipeline] executando query (max_seq_len=128 — pode levar alguns minutos)...
[pipeline] query concluída em 7.1s — 1,518,538 linhas
[pipeline] filtrado para hospital_id='BPSP' — 1,518,538 linhas
[pipeline] 28,599 atendimentos únicos encontrados
[pipeline] usando vocabulário pré-compartilhado — 38 tokens
[pipeline] construindo tensores para 28,599 sequências...
[pipeline] tensores: 2,859/28,599 (10%)
[pipeline] tensores: 5,718/28,599 (20%)
[pipeline] tensores: 8,577/28,599 (30%)
[pipeline] tensores: 11,436/28,599 (40%)
[pipeline] tensores: 14,295/28,599 (50%)
[pipeline] tensores: 17,154/28,599 (60%)
[pipeline] tensores: 20,013/28,599 (70%)
[pipeline] tensores: 22,872/28,599 (80%)
[pipeline] tensores: 25,731/28,599 (90%)
[pipeline] tensores: 28,590/28,599 (100%)
[pipeline] tensores prontos em 3.5s
[pipeline] concluído em 11.0s total — 28,599 pacientes | dist={0: 15892, 1: 318, 2: 120, 3: 9448, 4: 2821} | demográficos: age_mean=0.51 sex_M=13664/28599
[92mINFO [0m:      
[92mINFO [0m:      
[92mINFO [0m:      [RUN 3963248972974576500, ROUND 103]
[92mINFO [0m:      Sending: train message (ID: 69f728495fc70652ecf6be63b30002c45f2cdae04761417963c9c1f81f6a6826)
[92mINFO [0m:      Sent successfully
[92mINFO [0m:      
[92mINFO [0m:      [RUN 3963248972974576500, ROUND 103]
[92mINFO [0m:      Receiving: evaluate message (ID: 619e26f4c3150d89934bd329466903827f6c5ab48a2b6a38da3ce13a3eab1523)
[92mINFO [0m:      Received successfully
[92mINFO [0m:      Start `flwr-clientapp` process
[pipeline] conectando ao banco: postgresql://mosaicfl:senhaForte@localhost:5432/mo...
[pipeline] conexão OK
[pipeline] executando query (max_seq_len=128 — pode levar alguns minutos)...
[pipeline] query concluída em 7.1s — 1,518,538 linhas
[pipeline] filtrado para hospital_id='BPSP' — 1,518,538 linhas
[pipeline] 28,599 atendimentos únicos encontrados
[pipeline] usando vocabulário pré-compartilhado — 38 tokens
[pipeline] construindo tensores para 28,599 sequências...
[pipeline] tensores: 2,859/28,599 (10%)
[pipeline] tensores: 5,718/28,599 (20%)
[pipeline] tensores: 8,577/28,599 (30%)
[pipeline] tensores: 11,436/28,599 (40%)
[pipeline] tensores: 14,295/28,599 (50%)
[pipeline] tensores: 17,154/28,599 (60%)
[pipeline] tensores: 20,013/28,599 (70%)
[pipeline] tensores: 22,872/28,599 (80%)
[pipeline] tensores: 25,731/28,599 (90%)
[pipeline] tensores: 28,590/28,599 (100%)
[pipeline] tensores prontos em 3.6s
[pipeline] concluído em 11.1s total — 28,599 pacientes | dist={0: 15892, 1: 318, 2: 120, 3: 9448, 4: 2821} | demográficos: age_mean=0.51 sex_M=13664/28599
[92mINFO [0m:      
[92mINFO [0m:      [RUN 3963248972974576500, ROUND 103]
[92mINFO [0m:      Sending: evaluate message (ID: 8f09aabe561ea399a3235b268dc3f989cab96a5d40c3361ae22fbe3170bf7f65)
[92mINFO [0m:      
[92mINFO [0m:      Sent successfully
[92mINFO [0m:      
[92mINFO [0m:      [RUN 3963248972974576500, ROUND 104]
[92mINFO [0m:      Receiving: train message (ID: a9b568d41fcf149f5aa3e613dcfea81d925ddafcff763f43e60079e89bedd389)
[92mINFO [0m:      Received successfully
[92mINFO [0m:      Start `flwr-clientapp` process
[pipeline] conectando ao banco: postgresql://mosaicfl:senhaForte@localhost:5432/mo...
[pipeline] conexão OK
[pipeline] executando query (max_seq_len=128 — pode levar alguns minutos)...
[pipeline] query concluída em 7.1s — 1,518,538 linhas
[pipeline] filtrado para hospital_id='BPSP' — 1,518,538 linhas
[pipeline] 28,599 atendimentos únicos encontrados
[pipeline] usando vocabulário pré-compartilhado — 38 tokens
[pipeline] construindo tensores para 28,599 sequências...
[pipeline] tensores: 2,859/28,599 (10%)
[pipeline] tensores: 5,718/28,599 (20%)
[pipeline] tensores: 8,577/28,599 (30%)
[pipeline] tensores: 11,436/28,599 (40%)
[pipeline] tensores: 14,295/28,599 (50%)
[pipeline] tensores: 17,154/28,599 (60%)
[pipeline] tensores: 20,013/28,599 (70%)
[pipeline] tensores: 22,872/28,599 (80%)
[pipeline] tensores: 25,731/28,599 (90%)
[pipeline] tensores: 28,590/28,599 (100%)
[pipeline] tensores prontos em 3.6s
[pipeline] concluído em 11.1s total — 28,599 pacientes | dist={0: 15892, 1: 318, 2: 120, 3: 9448, 4: 2821} | demográficos: age_mean=0.51 sex_M=13664/28599
[92mINFO [0m:      
[92mINFO [0m:      [RUN 3963248972974576500, ROUND 104]
[92mINFO [0m:      Sending: train message (ID: 622c2bff272cd883c7d1692d401be76a0d7dafeece575fc921947dd1602f17bf)
[92mINFO [0m:      
[92mINFO [0m:      Sent successfully
[92mINFO [0m:      
[92mINFO [0m:      [RUN 3963248972974576500, ROUND 104]
[92mINFO [0m:      Receiving: evaluate message (ID: 0a39496058f1c9b586b9155c9240616f707b58de00b6a4f17d8b5279bb2ed4fd)
[92mINFO [0m:      Received successfully
[92mINFO [0m:      Start `flwr-clientapp` process
[pipeline] conectando ao banco: postgresql://mosaicfl:senhaForte@localhost:5432/mo...
[pipeline] conexão OK
[pipeline] executando query (max_seq_len=128 — pode levar alguns minutos)...
[pipeline] query concluída em 7.2s — 1,518,538 linhas
[pipeline] filtrado para hospital_id='BPSP' — 1,518,538 linhas
[pipeline] 28,599 atendimentos únicos encontrados
[pipeline] usando vocabulário pré-compartilhado — 38 tokens
[pipeline] construindo tensores para 28,599 sequências...
[pipeline] tensores: 2,859/28,599 (10%)
[pipeline] tensores: 5,718/28,599 (20%)
[pipeline] tensores: 8,577/28,599 (30%)
[pipeline] tensores: 11,436/28,599 (40%)
[pipeline] tensores: 14,295/28,599 (50%)
[pipeline] tensores: 17,154/28,599 (60%)
[pipeline] tensores: 20,013/28,599 (70%)
[pipeline] tensores: 22,872/28,599 (80%)
[pipeline] tensores: 25,731/28,599 (90%)
[pipeline] tensores: 28,590/28,599 (100%)
[pipeline] tensores prontos em 3.6s
[pipeline] concluído em 11.2s total — 28,599 pacientes | dist={0: 15892, 1: 318, 2: 120, 3: 9448, 4: 2821} | demográficos: age_mean=0.51 sex_M=13664/28599
[92mINFO [0m:      
[92mINFO [0m:      
[92mINFO [0m:      [RUN 3963248972974576500, ROUND 104]
[92mINFO [0m:      Sending: evaluate message (ID: 509ff3e22300bdfdd1af4a233cbf399bf4fcc513ec3069172b960f504ebcf42f)
[92mINFO [0m:      Sent successfully
[92mINFO [0m:      
[92mINFO [0m:      [RUN 3963248972974576500, ROUND 105]
[92mINFO [0m:      Receiving: train message (ID: ed8f89a8b668a81d130bc1fbaa88a0450739db533e5f6bf2e0917a03edd095eb)
[92mINFO [0m:      Received successfully
[92mINFO [0m:      Start `flwr-clientapp` process
[pipeline] conectando ao banco: postgresql://mosaicfl:senhaForte@localhost:5432/mo...
[pipeline] conexão OK
[pipeline] executando query (max_seq_len=128 — pode levar alguns minutos)...
[pipeline] query concluída em 7.2s — 1,518,538 linhas
[pipeline] filtrado para hospital_id='BPSP' — 1,518,538 linhas
[pipeline] 28,599 atendimentos únicos encontrados
[pipeline] usando vocabulário pré-compartilhado — 38 tokens
[pipeline] construindo tensores para 28,599 sequências...
[pipeline] tensores: 2,859/28,599 (10%)
[pipeline] tensores: 5,718/28,599 (20%)
[pipeline] tensores: 8,577/28,599 (30%)
[pipeline] tensores: 11,436/28,599 (40%)
[pipeline] tensores: 14,295/28,599 (50%)
[pipeline] tensores: 17,154/28,599 (60%)
[pipeline] tensores: 20,013/28,599 (70%)
[pipeline] tensores: 22,872/28,599 (80%)
[pipeline] tensores: 25,731/28,599 (90%)
[pipeline] tensores: 28,590/28,599 (100%)
[pipeline] tensores prontos em 3.6s
[pipeline] concluído em 11.2s total — 28,599 pacientes | dist={0: 15892, 1: 318, 2: 120, 3: 9448, 4: 2821} | demográficos: age_mean=0.51 sex_M=13664/28599
[92mINFO [0m:      
[92mINFO [0m:      
[92mINFO [0m:      [RUN 3963248972974576500, ROUND 105]
[92mINFO [0m:      Sending: train message (ID: d480738610abcc5edb7e146bd908bbdfc8ed3fdf1dbc0b36ffda36270fc27c5b)
[92mINFO [0m:      Sent successfully
[92mINFO [0m:      
[92mINFO [0m:      [RUN 3963248972974576500, ROUND 105]
[92mINFO [0m:      Receiving: evaluate message (ID: bd8b14c320e1c94d85e0cc10cc9393a0809ee433f732b093dc8085bf24bd2226)
[92mINFO [0m:      Received successfully
[92mINFO [0m:      Start `flwr-clientapp` process
[pipeline] conectando ao banco: postgresql://mosaicfl:senhaForte@localhost:5432/mo...
[pipeline] conexão OK
[pipeline] executando query (max_seq_len=128 — pode levar alguns minutos)...
[pipeline] query concluída em 7.1s — 1,518,538 linhas
[pipeline] filtrado para hospital_id='BPSP' — 1,518,538 linhas
[pipeline] 28,599 atendimentos únicos encontrados
[pipeline] usando vocabulário pré-compartilhado — 38 tokens
[pipeline] construindo tensores para 28,599 sequências...
[pipeline] tensores: 2,859/28,599 (10%)
[pipeline] tensores: 5,718/28,599 (20%)
[pipeline] tensores: 8,577/28,599 (30%)
[pipeline] tensores: 11,436/28,599 (40%)
[pipeline] tensores: 14,295/28,599 (50%)
[pipeline] tensores: 17,154/28,599 (60%)
[pipeline] tensores: 20,013/28,599 (70%)
[pipeline] tensores: 22,872/28,599 (80%)
[pipeline] tensores: 25,731/28,599 (90%)
[pipeline] tensores: 28,590/28,599 (100%)
[pipeline] tensores prontos em 3.6s
[pipeline] concluído em 11.1s total — 28,599 pacientes | dist={0: 15892, 1: 318, 2: 120, 3: 9448, 4: 2821} | demográficos: age_mean=0.51 sex_M=13664/28599
[92mINFO [0m:      
[92mINFO [0m:      
[92mINFO [0m:      [RUN 3963248972974576500, ROUND 105]
[92mINFO [0m:      Sending: evaluate message (ID: 1db1c35e6440cdfc0bad2c652ad1d3691f4100424b36473edd0f21d43b1e9101)
[92mINFO [0m:      Sent successfully
[92mINFO [0m:      
[92mINFO [0m:      [RUN 3963248972974576500, ROUND 106]
[92mINFO [0m:      Receiving: train message (ID: 682be73b20608f89b0b00dec14a7daf4f5cb89cd9d3582e2a3183313834add3d)
[92mINFO [0m:      Received successfully
[92mINFO [0m:      Start `flwr-clientapp` process
[pipeline] conectando ao banco: postgresql://mosaicfl:senhaForte@localhost:5432/mo...
[pipeline] conexão OK
[pipeline] executando query (max_seq_len=128 — pode levar alguns minutos)...
[pipeline] query concluída em 7.1s — 1,518,538 linhas
[pipeline] filtrado para hospital_id='BPSP' — 1,518,538 linhas
[pipeline] 28,599 atendimentos únicos encontrados
[pipeline] usando vocabulário pré-compartilhado — 38 tokens
[pipeline] construindo tensores para 28,599 sequências...
[pipeline] tensores: 2,859/28,599 (10%)
[pipeline] tensores: 5,718/28,599 (20%)
[pipeline] tensores: 8,577/28,599 (30%)
[pipeline] tensores: 11,436/28,599 (40%)
[pipeline] tensores: 14,295/28,599 (50%)
[pipeline] tensores: 17,154/28,599 (60%)
[pipeline] tensores: 20,013/28,599 (70%)
[pipeline] tensores: 22,872/28,599 (80%)
[pipeline] tensores: 25,731/28,599 (90%)
[pipeline] tensores: 28,590/28,599 (100%)
[pipeline] tensores prontos em 3.6s
[pipeline] concluído em 11.1s total — 28,599 pacientes | dist={0: 15892, 1: 318, 2: 120, 3: 9448, 4: 2821} | demográficos: age_mean=0.51 sex_M=13664/28599
[92mINFO [0m:      
[92mINFO [0m:      
[92mINFO [0m:      [RUN 3963248972974576500, ROUND 106]
[92mINFO [0m:      Sending: train message (ID: b06104b70a2df44e3d0e5adb33465be765929ed2cd6990d4b3ad2a2ee36c7047)
[92mINFO [0m:      Sent successfully
[92mINFO [0m:      
[92mINFO [0m:      [RUN 3963248972974576500, ROUND 106]
[92mINFO [0m:      Receiving: evaluate message (ID: 5f57d27b81fffd2cd168ac3b7206661a18bc9a5012a07d1b01394b5de5081059)
[92mINFO [0m:      Received successfully
[92mINFO [0m:      Start `flwr-clientapp` process
[pipeline] conectando ao banco: postgresql://mosaicfl:senhaForte@localhost:5432/mo...
[pipeline] conexão OK
[pipeline] executando query (max_seq_len=128 — pode levar alguns minutos)...
[pipeline] query concluída em 7.1s — 1,518,538 linhas
[pipeline] filtrado para hospital_id='BPSP' — 1,518,538 linhas
[pipeline] 28,599 atendimentos únicos encontrados
[pipeline] usando vocabulário pré-compartilhado — 38 tokens
[pipeline] construindo tensores para 28,599 sequências...
[pipeline] tensores: 2,859/28,599 (10%)
[pipeline] tensores: 5,718/28,599 (20%)
[pipeline] tensores: 8,577/28,599 (30%)
[pipeline] tensores: 11,436/28,599 (40%)
[pipeline] tensores: 14,295/28,599 (50%)
[pipeline] tensores: 17,154/28,599 (60%)
[pipeline] tensores: 20,013/28,599 (70%)
[pipeline] tensores: 22,872/28,599 (80%)
[pipeline] tensores: 25,731/28,599 (90%)
[pipeline] tensores: 28,590/28,599 (100%)
[pipeline] tensores prontos em 3.5s
[pipeline] concluído em 11.0s total — 28,599 pacientes | dist={0: 15892, 1: 318, 2: 120, 3: 9448, 4: 2821} | demográficos: age_mean=0.51 sex_M=13664/28599
[92mINFO [0m:      
[92mINFO [0m:      [RUN 3963248972974576500, ROUND 106]
[92mINFO [0m:      Sending: evaluate message (ID: 5206e89e86ab79769b58dc62e2768c10efc081744fb71f87aaf02a50bd712d84)
[92mINFO [0m:      Sent successfully
[92mINFO [0m:      
[92mINFO [0m:      
[92mINFO [0m:      [RUN 3963248972974576500, ROUND 107]
[92mINFO [0m:      Receiving: train message (ID: 8bf3193da41854a706d03701e85c0100d53e85f55dc64e9c1e5844fdf4d023db)
[92mINFO [0m:      Received successfully
[92mINFO [0m:      Start `flwr-clientapp` process
[pipeline] conectando ao banco: postgresql://mosaicfl:senhaForte@localhost:5432/mo...
[pipeline] conexão OK
[pipeline] executando query (max_seq_len=128 — pode levar alguns minutos)...
[pipeline] query concluída em 7.2s — 1,518,538 linhas
[pipeline] filtrado para hospital_id='BPSP' — 1,518,538 linhas
[pipeline] 28,599 atendimentos únicos encontrados
[pipeline] usando vocabulário pré-compartilhado — 38 tokens
[pipeline] construindo tensores para 28,599 sequências...
[pipeline] tensores: 2,859/28,599 (10%)
[pipeline] tensores: 5,718/28,599 (20%)
[pipeline] tensores: 8,577/28,599 (30%)
[pipeline] tensores: 11,436/28,599 (40%)
[pipeline] tensores: 14,295/28,599 (50%)
[pipeline] tensores: 17,154/28,599 (60%)
[pipeline] tensores: 20,013/28,599 (70%)
[pipeline] tensores: 22,872/28,599 (80%)
[pipeline] tensores: 25,731/28,599 (90%)
[pipeline] tensores: 28,590/28,599 (100%)
[pipeline] tensores prontos em 3.6s
[pipeline] concluído em 11.2s total — 28,599 pacientes | dist={0: 15892, 1: 318, 2: 120, 3: 9448, 4: 2821} | demográficos: age_mean=0.51 sex_M=13664/28599
[92mINFO [0m:      
[92mINFO [0m:      [RUN 3963248972974576500, ROUND 107]
[92mINFO [0m:      Sending: train message (ID: 703b1523f21b354bcfab4eeea0adeb7f2434eed432b8de3e3f9f64d03fcbb175)
[92mINFO [0m:      
[92mINFO [0m:      Sent successfully
[92mINFO [0m:      
[92mINFO [0m:      [RUN 3963248972974576500, ROUND 107]
[92mINFO [0m:      Receiving: evaluate message (ID: 5022b08f96aa5bf0e5eaaf441af51dd4be6abfbbec81bbf426476353de0cf058)
[92mINFO [0m:      Received successfully
[92mINFO [0m:      Start `flwr-clientapp` process
[pipeline] conectando ao banco: postgresql://mosaicfl:senhaForte@localhost:5432/mo...
[pipeline] conexão OK
[pipeline] executando query (max_seq_len=128 — pode levar alguns minutos)...
[pipeline] query concluída em 7.1s — 1,518,538 linhas
[pipeline] filtrado para hospital_id='BPSP' — 1,518,538 linhas
[pipeline] 28,599 atendimentos únicos encontrados
[pipeline] usando vocabulário pré-compartilhado — 38 tokens
[pipeline] construindo tensores para 28,599 sequências...
[pipeline] tensores: 2,859/28,599 (10%)
[pipeline] tensores: 5,718/28,599 (20%)
[pipeline] tensores: 8,577/28,599 (30%)
[pipeline] tensores: 11,436/28,599 (40%)
[pipeline] tensores: 14,295/28,599 (50%)
[pipeline] tensores: 17,154/28,599 (60%)
[pipeline] tensores: 20,013/28,599 (70%)
[pipeline] tensores: 22,872/28,599 (80%)
[pipeline] tensores: 25,731/28,599 (90%)
[pipeline] tensores: 28,590/28,599 (100%)
[pipeline] tensores prontos em 3.6s
[pipeline] concluído em 11.1s total — 28,599 pacientes | dist={0: 15892, 1: 318, 2: 120, 3: 9448, 4: 2821} | demográficos: age_mean=0.51 sex_M=13664/28599
[92mINFO [0m:      
[92mINFO [0m:      
[92mINFO [0m:      [RUN 3963248972974576500, ROUND 107]
[92mINFO [0m:      Sending: evaluate message (ID: e4f8b505a95449fcd36be6e475179927524f1fe44337661493303f005d963c4e)
[92mINFO [0m:      Sent successfully
[92mINFO [0m:      
[92mINFO [0m:      [RUN 3963248972974576500, ROUND 108]
[92mINFO [0m:      Receiving: train message (ID: b93139aee5d2d2d76c7fdb8d12761b40e15ca08b677c19d50bbbc813bf109394)
[92mINFO [0m:      Received successfully
[92mINFO [0m:      Start `flwr-clientapp` process
[pipeline] conectando ao banco: postgresql://mosaicfl:senhaForte@localhost:5432/mo...
[pipeline] conexão OK
[pipeline] executando query (max_seq_len=128 — pode levar alguns minutos)...
[pipeline] query concluída em 7.1s — 1,518,538 linhas
[pipeline] filtrado para hospital_id='BPSP' — 1,518,538 linhas
[pipeline] 28,599 atendimentos únicos encontrados
[pipeline] usando vocabulário pré-compartilhado — 38 tokens
[pipeline] construindo tensores para 28,599 sequências...
[pipeline] tensores: 2,859/28,599 (10%)
[pipeline] tensores: 5,718/28,599 (20%)
[pipeline] tensores: 8,577/28,599 (30%)
[pipeline] tensores: 11,436/28,599 (40%)
[pipeline] tensores: 14,295/28,599 (50%)
[pipeline] tensores: 17,154/28,599 (60%)
[pipeline] tensores: 20,013/28,599 (70%)
[pipeline] tensores: 22,872/28,599 (80%)
[pipeline] tensores: 25,731/28,599 (90%)
[pipeline] tensores: 28,590/28,599 (100%)
[pipeline] tensores prontos em 3.7s
[pipeline] concluído em 11.2s total — 28,599 pacientes | dist={0: 15892, 1: 318, 2: 120, 3: 9448, 4: 2821} | demográficos: age_mean=0.51 sex_M=13664/28599
[92mINFO [0m:      
[92mINFO [0m:      
[92mINFO [0m:      [RUN 3963248972974576500, ROUND 108]
[92mINFO [0m:      Sending: train message (ID: 6f27d954b9e613c522d95bfcf68a08a2e25bc1e8b5b90e4e2958fc433eef009c)
[92mINFO [0m:      Sent successfully
[92mINFO [0m:      
[92mINFO [0m:      [RUN 3963248972974576500, ROUND 108]
[92mINFO [0m:      Receiving: evaluate message (ID: c216c9210f00ccd96a939125fbc24062eb52b7bb2d06b594e666060f8ee50824)
[92mINFO [0m:      Received successfully
[92mINFO [0m:      Start `flwr-clientapp` process
[pipeline] conectando ao banco: postgresql://mosaicfl:senhaForte@localhost:5432/mo...
[pipeline] conexão OK
[pipeline] executando query (max_seq_len=128 — pode levar alguns minutos)...
[pipeline] query concluída em 7.2s — 1,518,538 linhas
[pipeline] filtrado para hospital_id='BPSP' — 1,518,538 linhas
[pipeline] 28,599 atendimentos únicos encontrados
[pipeline] usando vocabulário pré-compartilhado — 38 tokens
[pipeline] construindo tensores para 28,599 sequências...
[pipeline] tensores: 2,859/28,599 (10%)
[pipeline] tensores: 5,718/28,599 (20%)
[pipeline] tensores: 8,577/28,599 (30%)
[pipeline] tensores: 11,436/28,599 (40%)
[pipeline] tensores: 14,295/28,599 (50%)
[pipeline] tensores: 17,154/28,599 (60%)
[pipeline] tensores: 20,013/28,599 (70%)
[pipeline] tensores: 22,872/28,599 (80%)
[pipeline] tensores: 25,731/28,599 (90%)
[pipeline] tensores: 28,590/28,599 (100%)
[pipeline] tensores prontos em 3.5s
[pipeline] concluído em 11.0s total — 28,599 pacientes | dist={0: 15892, 1: 318, 2: 120, 3: 9448, 4: 2821} | demográficos: age_mean=0.51 sex_M=13664/28599
[92mINFO [0m:      
[92mINFO [0m:      
[92mINFO [0m:      [RUN 3963248972974576500, ROUND 108]
[92mINFO [0m:      Sending: evaluate message (ID: 051db2654be3cf5197c2d169d35c73d0b7710237c3870b474c9f7c21787b8373)
[92mINFO [0m:      Sent successfully
[92mINFO [0m:      
[92mINFO [0m:      [RUN 3963248972974576500, ROUND 109]
[92mINFO [0m:      Receiving: train message (ID: 8756c5b63ff9d16256d3e9f09258e2da9465d503b4b3916b668d3b20c088c3a1)
[92mINFO [0m:      Received successfully
[92mINFO [0m:      Start `flwr-clientapp` process
[pipeline] conectando ao banco: postgresql://mosaicfl:senhaForte@localhost:5432/mo...
[pipeline] conexão OK
[pipeline] executando query (max_seq_len=128 — pode levar alguns minutos)...
[pipeline] query concluída em 7.2s — 1,518,538 linhas
[pipeline] filtrado para hospital_id='BPSP' — 1,518,538 linhas
[pipeline] 28,599 atendimentos únicos encontrados
[pipeline] usando vocabulário pré-compartilhado — 38 tokens
[pipeline] construindo tensores para 28,599 sequências...
[pipeline] tensores: 2,859/28,599 (10%)
[pipeline] tensores: 5,718/28,599 (20%)
[pipeline] tensores: 8,577/28,599 (30%)
[pipeline] tensores: 11,436/28,599 (40%)
[pipeline] tensores: 14,295/28,599 (50%)
[pipeline] tensores: 17,154/28,599 (60%)
[pipeline] tensores: 20,013/28,599 (70%)
[pipeline] tensores: 22,872/28,599 (80%)
[pipeline] tensores: 25,731/28,599 (90%)
[pipeline] tensores: 28,590/28,599 (100%)
[pipeline] tensores prontos em 3.7s
[pipeline] concluído em 11.2s total — 28,599 pacientes | dist={0: 15892, 1: 318, 2: 120, 3: 9448, 4: 2821} | demográficos: age_mean=0.51 sex_M=13664/28599
[92mINFO [0m:      
[92mINFO [0m:      [RUN 3963248972974576500, ROUND 109]
[92mINFO [0m:      Sending: train message (ID: 98752c120b145bad6f1c3f0be4039f899a621f972ed9ffa3639a32834ae49aa4)
[92mINFO [0m:      
[92mINFO [0m:      Sent successfully
[92mINFO [0m:      
[92mINFO [0m:      [RUN 3963248972974576500, ROUND 109]
[92mINFO [0m:      Receiving: evaluate message (ID: a2f9c96600e01e40723c518254891537df94dd8034ab1b8b4b70e14788a2578d)
[92mINFO [0m:      Received successfully
[92mINFO [0m:      Start `flwr-clientapp` process
[pipeline] conectando ao banco: postgresql://mosaicfl:senhaForte@localhost:5432/mo...
[pipeline] conexão OK
[pipeline] executando query (max_seq_len=128 — pode levar alguns minutos)...
[pipeline] query concluída em 7.1s — 1,518,538 linhas
[pipeline] filtrado para hospital_id='BPSP' — 1,518,538 linhas
[pipeline] 28,599 atendimentos únicos encontrados
[pipeline] usando vocabulário pré-compartilhado — 38 tokens
[pipeline] construindo tensores para 28,599 sequências...
[pipeline] tensores: 2,859/28,599 (10%)
[pipeline] tensores: 5,718/28,599 (20%)
[pipeline] tensores: 8,577/28,599 (30%)
[pipeline] tensores: 11,436/28,599 (40%)
[pipeline] tensores: 14,295/28,599 (50%)
[pipeline] tensores: 17,154/28,599 (60%)
[pipeline] tensores: 20,013/28,599 (70%)
[pipeline] tensores: 22,872/28,599 (80%)
[pipeline] tensores: 25,731/28,599 (90%)
[pipeline] tensores: 28,590/28,599 (100%)
[pipeline] tensores prontos em 3.6s
[pipeline] concluído em 11.1s total — 28,599 pacientes | dist={0: 15892, 1: 318, 2: 120, 3: 9448, 4: 2821} | demográficos: age_mean=0.51 sex_M=13664/28599
[92mINFO [0m:      
[92mINFO [0m:      
[92mINFO [0m:      [RUN 3963248972974576500, ROUND 109]
[92mINFO [0m:      Sending: evaluate message (ID: cd319e750aeebdd5bd642c389988627f90268704a7c1236d913492c3d843fd27)
[92mINFO [0m:      Sent successfully
[92mINFO [0m:      
[92mINFO [0m:      [RUN 3963248972974576500, ROUND 110]
[92mINFO [0m:      Receiving: train message (ID: ad0bfd49fb5a7f9bc79c1772ea648595a98ea08d53ed38d325ebc48a7c84a1a0)
[92mINFO [0m:      Received successfully
[92mINFO [0m:      Start `flwr-clientapp` process
[pipeline] conectando ao banco: postgresql://mosaicfl:senhaForte@localhost:5432/mo...
[pipeline] conexão OK
[pipeline] executando query (max_seq_len=128 — pode levar alguns minutos)...
[pipeline] query concluída em 7.1s — 1,518,538 linhas
[pipeline] filtrado para hospital_id='BPSP' — 1,518,538 linhas
[pipeline] 28,599 atendimentos únicos encontrados
[pipeline] usando vocabulário pré-compartilhado — 38 tokens
[pipeline] construindo tensores para 28,599 sequências...
[pipeline] tensores: 2,859/28,599 (10%)
[pipeline] tensores: 5,718/28,599 (20%)
[pipeline] tensores: 8,577/28,599 (30%)
[pipeline] tensores: 11,436/28,599 (40%)
[pipeline] tensores: 14,295/28,599 (50%)
[pipeline] tensores: 17,154/28,599 (60%)
[pipeline] tensores: 20,013/28,599 (70%)
[pipeline] tensores: 22,872/28,599 (80%)
[pipeline] tensores: 25,731/28,599 (90%)
[pipeline] tensores: 28,590/28,599 (100%)
[pipeline] tensores prontos em 3.5s
[pipeline] concluído em 11.0s total — 28,599 pacientes | dist={0: 15892, 1: 318, 2: 120, 3: 9448, 4: 2821} | demográficos: age_mean=0.51 sex_M=13664/28599
[92mINFO [0m:      
[92mINFO [0m:      
[92mINFO [0m:      [RUN 3963248972974576500, ROUND 110]
[92mINFO [0m:      Sending: train message (ID: 967f1921d9670446fd674fa08cecd4bc8f60968f22ed184cf238702a80596875)
[92mINFO [0m:      Sent successfully
[92mINFO [0m:      
[92mINFO [0m:      [RUN 3963248972974576500, ROUND 110]
[92mINFO [0m:      Receiving: evaluate message (ID: df4fd22df3ea3febeabe3fecbeee623cf8e69d7dd9ad48916529a7811a180174)
[92mINFO [0m:      Received successfully
[92mINFO [0m:      Start `flwr-clientapp` process
[pipeline] conectando ao banco: postgresql://mosaicfl:senhaForte@localhost:5432/mo...
[pipeline] conexão OK
[pipeline] executando query (max_seq_len=128 — pode levar alguns minutos)...
[pipeline] query concluída em 7.1s — 1,518,538 linhas
[pipeline] filtrado para hospital_id='BPSP' — 1,518,538 linhas
[pipeline] 28,599 atendimentos únicos encontrados
[pipeline] usando vocabulário pré-compartilhado — 38 tokens
[pipeline] construindo tensores para 28,599 sequências...
[pipeline] tensores: 2,859/28,599 (10%)
[pipeline] tensores: 5,718/28,599 (20%)
[pipeline] tensores: 8,577/28,599 (30%)
[pipeline] tensores: 11,436/28,599 (40%)
[pipeline] tensores: 14,295/28,599 (50%)
[pipeline] tensores: 17,154/28,599 (60%)
[pipeline] tensores: 20,013/28,599 (70%)
[pipeline] tensores: 22,872/28,599 (80%)
[pipeline] tensores: 25,731/28,599 (90%)
[pipeline] tensores: 28,590/28,599 (100%)
[pipeline] tensores prontos em 3.6s
[pipeline] concluído em 11.1s total — 28,599 pacientes | dist={0: 15892, 1: 318, 2: 120, 3: 9448, 4: 2821} | demográficos: age_mean=0.51 sex_M=13664/28599
[92mINFO [0m:      
[92mINFO [0m:      [RUN 3963248972974576500, ROUND 110]
[92mINFO [0m:      Sending: evaluate message (ID: 3909e4dac0913fe40791ad386419b9a117f3f2b9527852a7e9204e7cbf766e87)
[92mINFO [0m:      
[92mINFO [0m:      Sent successfully
[93mWARNING [0m:   Connection attempt failed, retrying in 0.20 seconds
