{
  "rounds": [
    1,
    2,
    3,
    4,
    5,
    6,
    7,
    8,
    9,
    10,
    11,
    12,
    13,
    14,
    15,
    16,
    17,
    18,
    19,
    20,
    21,
    22,
    23,
    24,
    25,
    26,
    27,
    28,
    29,
    30,
    31,
    32,
    33,
    34,
    35,
    36,
    37,
    38,
    39,
    40,
    41,
    42,
    43,
    44
  ],
  "accuracy": [
    0.6722863058266785,
    0.639751552795031,
    0.6489204377403135,
    0.6574977817213842,
    0.6583850931677019,
    0.6474415853297841,
    0.6577935522034901,
    0.6483288967761017,
    0.660455486542443,
    0.663413191363502,
    0.6693286010056196,
    0.6749482401656315,
    0.6921029281277729,
    0.6861875184856552,
    0.6625258799171843,
    0.7024548950014788,
    0.6870748299319728,
    0.6808636498077492,
    0.6252587991718427,
    0.6829340431824904,
    0.6619343389529725,
    0.6746524696835255,
    0.6773144040224786,
    0.6663708961845608,
    0.6654835847382431,
    0.6835255841467022,
    0.7042295178941141,
    0.6515823720792665,
    0.6977225672877847,
    0.7169476486246673,
    0.712511091393079,
    0.6900325347530316,
    0.7092576160899142,
    0.702159124519373,
    0.6906240757172434,
    0.6909198461993493,
    0.676131322094055,
    0.6669624371487726,
    0.7074829931972789,
    0.6971310263235729,
    0.69949719018042,
    0.6974267968056788,
    0.702159124519373,
    0.6965394853593612
  ],
  "loss": [
    0.882910677946661,
    0.9084825553650053,
    0.8528805402600882,
    0.8747014947735815,
    0.8381362324616359,
    0.8600260979217454,
    0.8390384536986871,
    0.8391138362888048,
    0.8183087432430327,
    0.8248048492417255,
    0.8123200603118136,
    0.8083344337256905,
    0.8004199732111531,
    0.805757919453686,
    0.8205231707923266,
    0.782668912112801,
    0.7920658135777287,
    0.7897636694197329,
    0.8412040834312642,
    0.810723011379445,
    0.8039733531453207,
    0.7825389475344342,
    0.7715930199524383,
    0.7838520439409427,
    0.8217722344983791,
    0.7831937755680902,
    0.7733355629236096,
    0.7898689016051914,
    0.7644677595762909,
    0.7638719123219357,
    0.78106832928257,
    0.7697767559168995,
    0.7748074933503091,
    0.7721120908358364,
    0.7860013511416405,
    0.7786743188884546,
    0.7985128861970713,
    0.7912566560466273,
    0.7494825878569235,
    0.7756523866073086,
    0.769632951011322,
    0.7718784700780534,
    0.7572106166338646,
    0.7598343097803967
  ],
  "communication_mb": [
    10.919021606445312,
    10.919021606445312,
    10.919021606445312,
    10.919021606445312,
    10.919021606445312,
    10.919021606445312,
    10.919021606445312,
    10.919021606445312,
    10.919021606445312,
    10.919021606445312,
    10.919021606445312,
    10.919021606445312,
    10.919021606445312,
    10.919021606445312,
    10.919021606445312,
    10.919021606445312,
    10.919021606445312,
    10.919021606445312,
    10.919021606445312,
    10.919021606445312,
    10.919021606445312,
    10.919021606445312,
    10.919021606445312,
    10.919021606445312,
    10.919021606445312,
    10.919021606445312,
    10.919021606445312,
    10.919021606445312,
    10.919021606445312,
    10.919021606445312,
    10.919021606445312,
    10.919021606445312,
    10.919021606445312,
    10.919021606445312,
    10.919021606445312,
    10.919021606445312,
    10.919021606445312,
    10.919021606445312,
    10.919021606445312,
    10.919021606445312,
    10.919021606445312,
    10.919021606445312,
    10.919021606445312,
    10.919021606445312
  ],
  "client_losses": [
    [
      1.3315004252338571,
      1.2871638312557627
    ],
    [
      1.20428976252196,
      1.1688826159979082
    ],
    [
      1.1886089585961022,
      1.1628681430558465
    ],
    [
      1.1735138860047367,
      1.1497538155105513
    ],
    [
      1.163823898835029,
      1.1329322294131956
    ],
    [
      1.1604880958644266,
      1.1222541523060419
    ],
    [
      1.1487765617983796,
      1.1163424476149117
    ],
    [
      1.1432336030272663,
      1.1046562628294208
    ],
    [
      1.1366929179924192,
      1.0994347008553456
    ],
    [
      1.1421003661179905,
      1.0987271278340198
    ],
    [
      1.121603313799437,
      1.0882596072004935
    ],
    [
      1.1201355851846297,
      1.0987781324765806
    ],
    [
      1.112909110770411,
      1.0799759510204876
    ],
    [
      1.1207549428375037,
      1.0891268482063023
    ],
    [
      1.11245251785075,
      1.0742457011427775
    ],
    [
      1.1180608942625687,
      1.0811201025991874
    ],
    [
      1.1235540854144217,
      1.0709883221716647
    ],
    [
      1.109904319259721,
      1.0762480363426272
    ],
    [
      1.1050494043960184,
      1.0648421976973765
    ],
    [
      1.1111375154779244,
      1.070002381612
    ],
    [
      1.098431069939673,
      1.0664551770626591
    ],
    [
      1.0910053488768499,
      1.062899363504852
    ],
    [
      1.1079675970142062,
      1.0621229925131435
    ],
    [
      1.0896753445494598,
      1.059414937673688
    ],
    [
      1.0998608917754313,
      1.0584349430152002
    ],
    [
      1.0811308646363453,
      1.0509659952318609
    ],
    [
      1.1000812217467126,
      1.0617926897332954
    ],
    [
      1.072418077100957,
      1.0438118259515456
    ],
    [
      1.086984755797233,
      1.0382238230931173
    ],
    [
      1.0877652893211636,
      1.0506294697876106
    ],
    [
      1.0860041080795972,
      1.0454200284331785
    ],
    [
      1.08003633298648,
      1.044225691982534
    ],
    [
      1.0768923809483975,
      1.0602366460559736
    ],
    [
      1.0783075504093202,
      1.0453881826900993
    ],
    [
      1.0717526025981872,
      1.0489773249263086
    ],
    [
      1.0871204922243625,
      1.044901260708391
    ],
    [
      1.0748522195719221,
      1.0544638841890441
    ],
    [
      1.0742231305581462,
      1.0428226038485815
    ],
    [
      1.075316508106774,
      1.037797635743259
    ],
    [
      1.0940395354821193,
      1.0546709305945587
    ],
    [
      1.0729810996709137,
      1.0419772475705735
    ],
    [
      1.0818905407603823,
      1.0543373516973504
    ],
    [
      1.0724462348394184,
      1.0312409926186963
    ],
    [
      1.0812774547868977,
      1.0365682171080923
    ]
  ],
  "tau_eff": [
    739.0,
    739.0,
    739.0,
    739.0,
    739.0,
    739.0,
    739.0,
    739.0,
    739.0,
    739.0,
    739.0,
    739.0,
    739.0,
    739.0,
    739.0,
    739.0,
    739.0,
    739.0,
    739.0,
    739.0,
    739.0,
    739.0,
    739.0,
    739.0,
    739.0,
    739.0,
    739.0,
    739.0,
    739.0,
    739.0,
    739.0,
    739.0,
    739.0,
    739.0,
    739.0,
    739.0,
    739.0,
    739.0,
    739.0,
    739.0,
    739.0,
    739.0,
    739.0,
    739.0
  ],
  "f1_macro": [
    0.4830461329587763,
    0.46496167282297474,
    0.4792353758235214,
    0.4845461756294548,
    0.4866845178174759,
    0.47609128876050855,
    0.47951003069397424,
    0.4805858494119625,
    0.48896650411940357,
    0.4929501673371628,
    0.48555951777839895,
    0.5013308945593582,
    0.5168749078779384,
    0.5059087416786424,
    0.4938880244614321,
    0.5129221789717715,
    0.513641638474893,
    0.5086907684847156,
    0.45649776573799333,
    0.5120502898555505,
    0.49064053783801304,
    0.4972058976288056,
    0.499316954434977,
    0.4881107581708576,
    0.4882705428643419,
    0.5068666719174607,
    0.5161565031568325,
    0.48031238392109843,
    0.5191132487209639,
    0.5262268763192254,
    0.5238337081472101,
    0.5108547044263015,
    0.522439936497176,
    0.520905651244266,
    0.5068469622872461,
    0.5183758495107723,
    0.5053639958476304,
    0.490359751283579,
    0.524840166936824,
    0.5159991651560201,
    0.5219665089249483,
    0.5205306832013883,
    0.5245998969583875,
    0.5208426766367201
  ],