{
  "rounds": [
    1,
    2,
    3,
    4,
    5,
    6,
    7,
    8,
    9,
    10,
    11,
    12,
    13,
    14,
    15,
    16,
    17,
    18,
    19,
    20
  ],
  "accuracy": [
    0.5527950310559007,
    0.5190771960958296,
    0.5859213250517599,
    0.507837917775806,
    0.530908015380065,
    0.5693581780538303,
    0.5400769003253475,
    0.5190771960958296,
    0.5406684412895593,
    0.5306122448979592,
    0.515527950310559,
    0.4986690328305235,
    0.5368234250221828,
    0.5267672286305827,
    0.5448092280390417,
    0.5241052942916297,
    0.5102040816326531,
    0.5099083111505471,
    0.5249926057379474,
    0.5474711623779946
  ],
  "loss": [
    1.2557075934380477,
    1.2848991130238205,
    1.1841509122532594,
    1.1687976345794506,
    1.2471870647242562,
    1.1895803395053826,
    1.1619206450811261,
    1.1983724221503442,
    1.1601036803604619,
    1.1541167828007868,
    1.1308503223572635,
    1.1510301215237535,
    1.2048426683539295,
    1.119070831610232,
    1.1196520458273336,
    1.109477065082698,
    1.179053904388967,
    1.1686767195851377,
    1.1213027700380755,
    1.1602619651928698
  ],
  "communication_mb": [
    10.858474731445312,
    10.858474731445312,
    10.858474731445312,
    10.858474731445312,
    10.858474731445312,
    10.858474731445312,
    10.858474731445312,
    10.858474731445312,
    10.858474731445312,
    10.858474731445312,
    10.858474731445312,
    10.858474731445312,
    10.858474731445312,
    10.858474731445312,
    10.858474731445312,
    10.858474731445312,
    10.858474731445312,
    10.858474731445312,
    10.858474731445312,
    10.858474731445312
  ],
  "client_losses": [
    [
      1.4490059188770077,
      1.411010423012117
    ],
    [
      1.3724394394501183,
      1.3797599338046491
    ],
    [
      1.347481311436472,
      1.352948752778961
    ],
    [
      1.3344030820353951,
      1.371454690214482
    ],
    [
      1.3213690377489373,
      1.3579497848696815
    ],
    [
      1.3104062116082371,
      1.3461449189151198
    ],
    [
      1.291368414444716,
      1.3435295876367617
    ],
    [
      1.293214657240692,
      1.3449605517017351
    ],
    [
      1.2818159346867766,
      1.3536092448353076
    ],
    [
      1.2906702258181482,
      1.3488332898996707
    ],
    [
      1.279114688634932,
      1.340826185269436
    ],
    [
      1.278640205956963,
      1.3392289671589084
    ],
    [
      1.2835030347634353,
      1.3637315736015143
    ],
    [
      1.279738092100628,
      1.3613934921843016
    ],
    [
      1.2580701819880573,
      1.3289486918700266
    ],
    [
      1.2669205441866265,
      1.3295835010816432
    ],
    [
      1.2562457327614882,
      1.3431539998730058
    ],
    [
      1.2544325948255786,
      1.3311428981932183
    ],
    [
      1.2539563739452813,
      1.3310135653814998
    ],
    [
      1.2554051025632296,
      1.3198817699069445
    ]
  ]
}