{
  "rounds": [
    1,
    2,
    3,
    4,
    5,
    6,
    7,
    8,
    9,
    10,
    11,
    12,
    13,
    14,
    15,
    16,
    17,
    18,
    19,
    20,
    21,
    22,
    23,
    24,
    25,
    26,
    27,
    28,
    29,
    30,
    31,
    32,
    33,
    34,
    35,
    36,
    37,
    38,
    39,
    40,
    41,
    42,
    43,
    44,
    45,
    46,
    47,
    48,
    49,
    50,
    51,
    52,
    53,
    54,
    55,
    56,
    57,
    58,
    59,
    60,
    61,
    62,
    63,
    64,
    65,
    66,
    67,
    68,
    69,
    70,
    71,
    72,
    73,
    74,
    75,
    76,
    77,
    78,
    79,
    80,
    81,
    82,
    83,
    84,
    85,
    86,
    87,
    88,
    89,
    90,
    91,
    92,
    93,
    94,
    95,
    96,
    97,
    98,
    99,
    100,
    101,
    102,
    103,
    104,
    105,
    106,
    107,
    108,
    109,
    110,
    111,
    112,
    113,
    114,
    115,
    116,
    117,
    118,
    119,
    120
  ],
  "accuracy": [
    0.375628512274475,
    0.4838805087252292,
    0.5640343093759242,
    0.5563442768411713,
    0.6359065365276545,
    0.5510204081632653,
    0.46643005028098194,
    0.5028098195800059,
    0.564921620822242,
    0.5131617864537119,
    0.4057971014492754,
    0.474120082815735,
    0.5800059154096421,
    0.4501626737651582,
    0.5746820467317362,
    0.5356403430937593,
    0.6196391600118308,
    0.5187814256137238,
    0.6237799467613132,
    0.5888790298728187,
    0.4903874593315587,
    0.6072167997633836,
    0.6015971606033718,
    0.5811889973380656,
    0.6178645371191955,
    0.5770482105885832,
    0.613723750369713,
    0.5637385388938184,
    0.6149068322981367,
    0.5702454895001479,
    0.5128660159716061,
    0.6539485359361136,
    0.55427388346643,
    0.642413487133984,
    0.606329488317066,
    0.6107660455486542,
    0.6669624371487726,
    0.613723750369713,
    0.6574977817213842,
    0.5454007690032535,
    0.6095829636202307,
    0.6240757172434191,
    0.6418219461697723,
    0.64773735581189,
    0.5767524401064774,
    0.517894114167406,
    0.5743862762496302,
    0.6234841762792074,
    0.5959775214433599,
    0.6595681750961254,
    0.6613427979887607,
    0.6273291925465838,
    0.5968648328896776,
    0.6332446021887016,
    0.6054421768707483,
    0.6057379473528541,
    0.6341319136350192,
    0.6249630286897367,
    0.6092871931381248,
    0.611357586512866,
    0.614019520851819,
    0.642413487133984,
    0.5770482105885832,
    0.5353445726116534,
    0.6146110618160308,
    0.6379769299023957,
    0.6083998816918071,
    0.6225968648328897,
    0.5891748003549245,
    0.6524696835255841,
    0.6530612244897959,
    0.6060337178349601,
    0.6492162082224194,
    0.658089322685596,
    0.5791186039633245,
    0.5915409642117717,
    0.6415261756876663,
    0.6205264714581484,
    0.6131322094055013,
    0.5835551611949128,
    0.6362023070097604,
    0.6181603076013014,
    0.639751552795031,
    0.5936113575865128,
    0.5740905057675244,
    0.6314699792960663,
    0.611357586512866,
    0.6089914226560189,
    0.6566104702750666,
    0.6480331262939959,
    0.6356107660455487,
    0.6320615202602781,
    0.611357586512866,
    0.6418219461697723,
    0.6024844720496895,
    0.6308784383318545,
    0.6060337178349601,
    0.6385684708666075,
    0.6302868973676428,
    0.6335403726708074,
    0.6116533569949719,
    0.65276545400769,
    0.6364980774918663,
    0.6116533569949719,
    0.6453711919550429,
    0.6285122744750073,
    0.6335403726708074,
    0.6367938479739722,
    0.6252587991718427,
    0.5326826382727003,
    0.598343685300207,
    0.5761608991422656,
    0.6480331262939959,
    0.650103519668737,
    0.6743566992014197,
    0.6687370600414079,
    0.6563146997929606,
    0.6462585034013606,
    0.6566104702750666,
    0.611357586512866
  ],
  "loss": [
    1.3188636693613165,
    1.2413618776862418,
    1.1066991267420068,
    1.1670235079161975,
    1.1324181615230917,
    1.228510859801691,
    1.1828536367106106,
    1.257012380646799,
    1.0599591927005143,
    1.172053162426118,
    1.3637563132985884,
    1.251133435120141,
    1.0610836576477587,
    1.2135679890015745,
    1.0984898427646212,
    1.1305809616161078,
    1.0229914432727032,
    1.1359843201836126,
    1.1135786872613858,
    1.0450656710204131,
    1.2123793518003787,
    1.0520597163194454,
    1.051055799747705,
    1.1998626027929469,
    1.007281566434836,
    1.10922886816858,
    1.011447949615395,
    1.078151950607706,
    1.000945047808977,
    1.0357494570735784,
    1.156830664923543,
    0.9291354118808068,
    1.0921437735742312,
    0.9487257900762684,
    1.0055255122313094,
    0.9806228579236572,
    0.9113106229396235,
    1.0506780169412815,
    0.9504411480758924,
    1.126291440951334,
    0.982697946437891,
    0.9648747988545446,
    0.9424713650810335,
    1.0013898833550423,
    1.0703470189696196,
    1.1971048812335923,
    1.0671416473473292,
    0.9405157424683614,
    1.0602719304618733,
    0.8846599751765543,
    0.8758989766094678,
    0.9239027363701848,
    0.9722401334209154,
    0.9538935360842222,
    1.0315388437207371,
    0.9743130185554029,
    0.9568552446591011,
    0.9862738951745381,
    1.0034171861856163,
    0.9755752174080705,
    0.9941644251117407,
    1.000818168859586,
    1.0602253778415895,
    1.1184970708120436,
    0.981411306789661,
    0.9568078572917217,
    1.0359870395304993,
    1.046356077625779,
    1.0410932823949508,
    0.9506386850966888,
    0.9920461445791204,
    0.999894998299938,
    0.946628348568564,
    0.9250952652734047,
    1.0458625083631117,
    1.0349872657371957,
    0.9304211404470959,
    0.9688632627169573,
    1.0273347724580582,
    1.0218056538724858,
    0.9763899555364257,
    0.9764143569834026,
    0.9663507093236631,
    0.9995619394623363,
    1.0753475122288183,
    0.9242920217976631,
    1.042369849651532,
    1.0148787176210616,
    0.9183301945756576,
    0.9108978686901071,
    0.9221869532224942,
    1.0155707087893346,
    0.9881881566415768,
    0.9641393496418309,
    0.9906081106140218,
    1.0042874219325195,
    1.054052209402816,
    0.9977295751298049,
    1.032126880157491,
    0.962902609852777,
    0.9879789170130087,
    0.9291576041656286,
    1.0001000403934808,
    1.006571425625785,
    0.91561691022702,
    0.9248682588065598,
    0.9479577998655219,
    0.9203426296701801,
    1.0020117292528286,
    1.0835429852758418,
    1.1249443641325243,
    1.0818593515795527,
    0.9340859982996289,
    0.9389658585274512,
    0.9035310634879874,
    0.9085096859501791,
    0.9201376331659931,
    0.9068360522949142,
    0.9646305786861678,
    0.9849004422514723
  ],