{
  "rounds": [
    1,
    2,
    3,
    4,
    5,
    6,
    7,
    8,
    9,
    10,
    11,
    12,
    13,
    14,
    15,
    16,
    17,
    18,
    19,
    20
  ],
  "accuracy": [
    0.5128736312518497,
    0.5102101213376738,
    0.5327019828351583,
    0.5383249482095295,
    0.5403965670316662,
    0.4992601361349512,
    0.5270790174607872,
    0.5806451612903226,
    0.5776857058301272,
    0.5190884877182599,
    0.5395087303936076,
    0.5691032849955608,
    0.5291506362829239,
    0.5605208641609943,
    0.5652559928973069,
    0.5782775969221663,
    0.5395087303936076,
    0.5593370819769162,
    0.5871559633027523,
    0.5800532701982836
  ],
  "loss": [
    1.2325828072939373,
    1.264711365011113,
    1.2860202218485006,
    1.1517743338279802,
    1.1537531277031967,
    1.2160025557035101,
    1.2070570892397205,
    1.1190306229434728,
    1.1466445877693856,
    1.1227188844517089,
    1.2157217633904138,
    1.1271422449107986,
    1.1552117466397382,
    1.1005455840794636,
    1.0779530088306708,
    1.1001641969773923,
    1.1614099468977432,
    1.127897234455514,
    1.115835691210997,
    1.1484561702773994
  ],
  "communication_mb": [
    10.858474731445312,
    10.858474731445312,
    10.858474731445312,
    10.858474731445312,
    10.858474731445312,
    10.858474731445312,
    10.858474731445312,
    10.858474731445312,
    10.858474731445312,
    10.858474731445312,
    10.858474731445312,
    10.858474731445312,
    10.858474731445312,
    10.858474731445312,
    10.858474731445312,
    10.858474731445312,
    10.858474731445312,
    10.858474731445312,
    10.858474731445312,
    10.858474731445312
  ],
  "client_losses": [
    [
      1.4360438476149042,
      1.409971249668055
    ],
    [
      1.368607062031805,
      1.3812651894149588
    ],
    [
      1.3570120931974299,
      1.3637856753098847
    ],
    [
      1.3506362844172086,
      1.3670384785091567
    ],
    [
      1.3467467310357861,
      1.3634115262116808
    ],
    [
      1.3323574203613093,
      1.3615010406954273
    ],
    [
      1.3187432926618907,
      1.3527135276281768
    ],
    [
      1.3251809300690756,
      1.3510234540399937
    ],
    [
      1.3061178938701303,
      1.3428596777309973
    ],
    [
      1.2918445532818692,
      1.3559504313352575
    ],
    [
      1.2970578446010592,
      1.3520453063495266
    ],
    [
      1.2927601296452877,
      1.339029240677339
    ],
    [
      1.2851369526790695,
      1.3284852107773948
    ],
    [
      1.2867039949153862,
      1.3297626574018144
    ],
    [
      1.2700660780513144,
      1.3259973500727686
    ],
    [
      1.2806043001737277,
      1.3311479339984973
    ],
    [
      1.2888008070641286,
      1.3257416912929882
    ],
    [
      1.2689274634049434,
      1.3382578592681746
    ],
    [
      1.260705461829394,
      1.2975086902875086
    ],
    [
      1.2560862302011615,
      1.3219498165796044
    ]
  ]
}