{
  "rounds": [
    1,
    2,
    3,
    4,
    5,
    6,
    7,
    8,
    9,
    10,
    11,
    12,
    13,
    14,
    15,
    16,
    17,
    18,
    19,
    20,
    21,
    22,
    23,
    24,
    25,
    26,
    27,
    28,
    29,
    30,
    31,
    32,
    33,
    34,
    35,
    36,
    37,
    38,
    39,
    40,
    41,
    42,
    43,
    44,
    45,
    46,
    47,
    48,
    49,
    50,
    51,
    52,
    53,
    54,
    55,
    56,
    57,
    58,
    59
  ],
  "accuracy": [
    0.5853297840875481,
    0.5193729665779355,
    0.6066252587991718,
    0.531203785862171,
    0.541259982253771,
    0.541555752735877,
    0.5859213250517599,
    0.5868086364980775,
    0.5794143744454303,
    0.5687666370896185,
    0.5838509316770186,
    0.5770482105885832,
    0.5743862762496302,
    0.6202307009760426,
    0.5723158828748891,
    0.5598935226264419,
    0.6276249630286898,
    0.5734989648033126,
    0.6083998816918071,
    0.5876959479443952,
    0.5666962437148773,
    0.614019520851819,
    0.5752735876959479,
    0.6042590949423248,
    0.5817805383022774,
    0.6205264714581484,
    0.6051464063886424,
    0.6353149955634427,
    0.5770482105885832,
    0.6409346347234546,
    0.5752735876959479,
    0.5847382431233363,
    0.6060337178349601,
    0.6033717834960071,
    0.5950902099970423,
    0.5865128660159716,
    0.6027802425317953,
    0.6045548654244306,
    0.5628512274475007,
    0.5876959479443952,
    0.5835551611949128,
    0.6066252587991718,
    0.6039633244602188,
    0.6169772256728778,
    0.6018929310854777,
    0.577935522034901,
    0.5980479148181012,
    0.606329488317066,
    0.5808932268559598,
    0.6205264714581484,
    0.6311742088139604,
    0.6024844720496895,
    0.6001183081928424,
    0.5658089322685596,
    0.5868086364980775,
    0.6143152913339249,
    0.587991718426501,
    0.6388642413487134,
    0.613723750369713
  ],
  "loss": [
    1.1387531947045946,
    1.2486903485515632,
    1.2243277577386387,
    1.100095786487023,
    1.136284738629219,
    1.1046440663403994,
    1.1398931227291664,
    1.2390995830940938,
    1.1155436869663304,
    1.2102950702437067,
    1.09511518767514,
    1.2063655113546286,
    1.1446814219015866,
    1.1844262251731243,
    1.190669268484265,
    1.0942107344900704,
    1.2002362373558526,
    1.1869884830577526,
    1.1832071863945615,
    1.220113620430857,
    1.1606305732208044,
    1.0669482709810743,
    1.1498080090424325,
    1.0448479378798134,
    1.1634525259159543,
    1.0464178527187786,
    1.0814854769409143,
    1.079509547038108,
    1.1462790282017308,
    1.107879448204977,
    1.135668383304694,
    1.1713988474225616,
    1.150958566121257,
    1.1725273427791194,
    1.15359971650921,
    1.089022214579815,
    1.075491134953266,
    1.0520556638029968,
    1.1056223957893305,
    1.0368174601856401,
    1.0708003677372677,
    1.0918416947311496,
    1.0525855673942577,
    1.0405884086644992,
    1.1123165687277838,
    1.1286669356411851,
    1.172540399528262,
    1.0814699519495046,
    1.138233259210076,
    1.118520602852732,
    1.161178839344204,
    1.2526270161363295,
    1.2168838064616265,
    1.2603095668690052,
    1.1532553979117148,
    1.221442362007676,
    1.1849655522569613,
    1.1507601171017963,
    1.1671756146681165
  ],
  "communication_mb": [
    5.459510803222656,
    5.459510803222656,
    5.459510803222656,
    5.459510803222656,
    5.459510803222656,
    5.459510803222656,
    5.459510803222656,
    5.459510803222656,
    5.459510803222656,
    5.459510803222656,
    5.459510803222656,
    5.459510803222656,
    5.459510803222656,
    5.459510803222656,
    5.459510803222656,
    5.459510803222656,
    5.459510803222656,
    5.459510803222656,
    5.459510803222656,
    5.459510803222656,
    5.459510803222656,
    5.459510803222656,
    5.459510803222656,
    5.459510803222656,
    5.459510803222656,
    5.459510803222656,
    5.459510803222656,
    5.459510803222656,
    5.459510803222656,
    5.459510803222656,
    5.459510803222656,
    5.459510803222656,
    5.459510803222656,
    5.459510803222656,
    5.459510803222656,
    5.459510803222656,
    5.459510803222656,
    5.459510803222656,
    5.459510803222656,
    5.459510803222656,
    5.459510803222656,
    5.459510803222656,
    5.459510803222656,
    5.459510803222656,
    5.459510803222656,
    5.459510803222656,
    5.459510803222656,
    5.459510803222656,
    5.459510803222656,
    5.459510803222656,
    5.459510803222656,
    5.459510803222656,
    5.459510803222656,
    5.459510803222656,
    5.459510803222656,
    5.459510803222656,
    5.459510803222656,
    5.459510803222656,
    5.459510803222656
  ],
  "client_losses": [
    [
      1.4602188619142218
    ],
    [
      1.3870744638238386
    ],
    [
      1.391513078391025
    ],
    [
      1.3653234818210505
    ],
    [
      1.3498844836664412
    ],
    [
      1.3525117570119838
    ],
    [
      1.3531549745842475
    ],
    [
      1.3415167523172389
    ],
    [
      1.3335507463352492
    ],
    [
      1.3287335843543049
    ],
    [
      1.3278724204422656
    ],
    [
      1.3087649872547276
    ],
    [
      1.3131099496963672
    ],
    [
      1.3178257423714625
    ],
    [
      1.316556834714254
    ],
    [
      1.3073810293360175
    ],
    [
      1.3073201733152613
    ],
    [
      1.2978102051715725
    ],
    [
      1.2944710745911028
    ],
    [
      1.2956869014523427
    ],
    [
      1.2915852600100561
    ],
    [
      1.2886798237788402
    ],
    [
      1.2888269136255572
    ],
    [
      1.2868925378502913
    ],
    [
      1.283199182060002
    ],
    [
      1.2775694024962403
    ],
    [
      1.2735176322385025
    ],
    [
      1.2830876564013682
    ],
    [
      1.2790491524035177
    ],
    [
      1.2764249773130079
    ],
    [
      1.2676497124903292
    ],
    [
      1.2828297167964329
    ],
    [
      1.2597814615051244
    ],
    [
      1.2726487037786458
    ],
    [
      1.253352338325442
    ],
    [
      1.2692648174254304
    ],
    [
      1.2621219607864775
    ],
    [
      1.2570288900824311
    ],
    [
      1.256779287928402
    ],
    [
      1.2621567071993705
    ],
    [
      1.2693570101735736
    ],
    [
      1.2642917277256898
    ],
    [
      1.2631173690654365
    ],
    [
      1.2609772606444791
    ],
    [
      1.240803457386064
    ],
    [
      1.259503824300917
    ],
    [
      1.2671395768485194
    ],
    [
      1.256876748147333
    ],
    [
      1.267078795313472
    ],
    [
      1.25640521186341
    ],
    [
      1.2433414552748765
    ],
    [
      1.2418408053363976
    ],
    [
      1.2511184500304544
    ],
    [
      1.2497182578746122
    ],
    [
      1.2504154446807572
    ],
    [
      1.2500815617733887
    ],
    [
      1.2518684044543593
    ],
    [
      1.24329581709495
    ],
    [
      1.238994253399882
    ]
  ],
  "tau_eff": [
    1252.0,
    1252.0,
    1252.0,
    1252.0,
    1252.0,
    1252.0,
    1252.0,
    1252.0,
    1252.0,
    1252.0,
    1252.0,
    1252.0,
    1252.0,
    1252.0,
    1252.0,
    1252.0,
    1252.0,
    1252.0,
    1252.0,
    1252.0,
    1252.0,
    1252.0,
    1252.0,
    1252.0,
    1252.0,
    1252.0,
    1252.0,
    1252.0,
    1252.0,
    1252.0,
    1252.0,
    1252.0,
    1252.0,
    1252.0,
    1252.0,
    1252.0,
    1252.0,
    1252.0,
    1252.0,
    1252.0,
    1252.0,
    1252.0,
    1252.0,
    1252.0,
    1252.0,
    1252.0,
    1252.0,
    1252.0,
    1252.0,
    1252.0,
    1252.0,
    1252.0,
    1252.0,
    1252.0,
    1252.0,
    1252.0,
    1252.0,
    1252.0,
    1252.0
  ],