{
  "rounds": [
    1,
    2,
    3,
    4,
    5,
    6,
    7,
    8,
    9,
    10,
    11,
    12,
    13,
    14,
    15,
    16,
    17,
    18,
    19,
    20
  ],
  "accuracy": [
    0.49748595090209996,
    0.44957113280094646,
    0.49571132800946466,
    0.5489500147885241,
    0.543921916592724,
    0.525879917184265,
    0.5811889973380656,
    0.5678793256433008,
    0.5424430641821946,
    0.5303164744158533,
    0.5300207039337475,
    0.5291333924874297,
    0.5498373262348417,
    0.5560485063590653,
    0.5445134575569358,
    0.5548654244306418,
    0.567287784679089,
    0.5527950310559007,
    0.5539781129843242,
    0.5584146702159124
  ],
  "loss": [
    1.2711683350249672,
    1.3972626336401506,
    1.268788781331087,
    1.2359220267964057,
    1.2743404548360695,
    1.3781608014161755,
    1.2568264654563468,
    1.2277026504004929,
    1.2389935557216767,
    1.1620098129597969,
    1.2278652513073027,
    1.2589455361339474,
    1.3012497972292647,
    1.1101163944454808,
    1.2037965470042957,
    1.225833246814397,
    1.1461248777914739,
    1.1181717039529686,
    1.2049678716741345,
    1.151847291366478
  ],
  "communication_mb": [
    10.858474731445312,
    10.858474731445312,
    10.858474731445312,
    10.858474731445312,
    10.858474731445312,
    10.858474731445312,
    10.858474731445312,
    10.858474731445312,
    10.858474731445312,
    10.858474731445312,
    10.858474731445312,
    10.858474731445312,
    10.858474731445312,
    10.858474731445312,
    10.858474731445312,
    10.858474731445312,
    10.858474731445312,
    10.858474731445312,
    10.858474731445312,
    10.858474731445312
  ],
  "client_losses": [
    [
      1.4196387404351989,
      1.4103350227575744
    ],
    [
      1.3725647035610473,
      1.376425299450891
    ],
    [
      1.3559370114078138,
      1.3766018022196427
    ],
    [
      1.344103908165452,
      1.3447352949179066
    ],
    [
      1.3293185301210277,
      1.363846681462701
    ],
    [
      1.3250526902936925,
      1.35042837429231
    ],
    [
      1.2961257581566352,
      1.348782401343664
    ],
    [
      1.2946186342944548,
      1.3559654955704612
    ],
    [
      1.3013534177668034,
      1.3574361832916852
    ],
    [
      1.2896339169623545,
      1.3434330544824662
    ],
    [
      1.278862529855799,
      1.3436919950345905
    ],
    [
      1.2801365322839595,
      1.346683336461456
    ],
    [
      1.27830894468482,
      1.3418061090286053
    ],
    [
      1.2809926171427608,
      1.3440965863098528
    ],
    [
      1.2702469235712537,
      1.3344898633216502
    ],
    [
      1.263098416958925,
      1.3334324528617247
    ],
    [
      1.2700983238295245,
      1.341439970354124
    ],
    [
      1.2499922729600255,
      1.328537899283736
    ],
    [
      1.248161673018837,
      1.3353689162153726
    ],
    [
      1.2494684178007192,
      1.3277066130066602
    ]
  ]
}