{
  "rounds": [
    1,
    2,
    3,
    4,
    5,
    6,
    7,
    8,
    9,
    10,
    11,
    12,
    13,
    14,
    15,
    16,
    17,
    18,
    19,
    20,
    21,
    22,
    23,
    24,
    25,
    26,
    27,
    28,
    29,
    30,
    31,
    32,
    33,
    34,
    35,
    36,
    37,
    38,
    39,
    40,
    41,
    42,
    43,
    44,
    45,
    46,
    47,
    48,
    49,
    50,
    51,
    52,
    53,
    54,
    55,
    56,
    57,
    58,
    59,
    60,
    61,
    62,
    63
  ],
  "accuracy": [
    0.5664004732327713,
    0.5563442768411713,
    0.6107660455486542,
    0.5681750961254067,
    0.5199645075421473,
    0.5356403430937593,
    0.5897663413191363,
    0.5841467021591246,
    0.5850340136054422,
    0.5604850635906536,
    0.5856255545696539,
    0.5584146702159124,
    0.5764566696243715,
    0.6196391600118308,
    0.5761608991422656,
    0.5578231292517006,
    0.5953859804791481,
    0.5551611949127477,
    0.6101745045844424,
    0.5782312925170068,
    0.5826678497485951,
    0.6234841762792074,
    0.5888790298728187,
    0.582963620230701,
    0.5770482105885832,
    0.6264418811002662,
    0.6119491274770777,
    0.6296953564034309,
    0.5737947352854185,
    0.6317657497781721,
    0.5791186039633245,
    0.5912451937296658,
    0.6104702750665484,
    0.5968648328896776,
    0.6048506359065365,
    0.6024844720496895,
    0.6178645371191955,
    0.6211180124223602,
    0.5702454895001479,
    0.6039633244602188,
    0.5950902099970423,
    0.624371487725525,
    0.6110618160307602,
    0.6314699792960663,
    0.6163856847086661,
    0.590653652765454,
    0.5977521443359952,
    0.614019520851819,
    0.5817805383022774,
    0.642413487133984,
    0.6394557823129252,
    0.6205264714581484,
    0.6081041112097013,
    0.5885832593907128,
    0.5965690624075717,
    0.6285122744750073,
    0.6033717834960071,
    0.6305826678497486,
    0.6013013901212659,
    0.6081041112097013,
    0.616681455190772,
    0.613723750369713,
    0.6225968648328897
  ],
  "loss": [
    1.1428912540611802,
    1.2270944148822143,
    1.1900377515433491,
    1.070438725678253,
    1.1738934949882212,
    1.1117328055967632,
    1.1147027569951056,
    1.223762385417145,
    1.1306650557485567,
    1.2163082449720373,
    1.0868529547110566,
    1.2132112235932688,
    1.1036327853424244,
    1.189507607559028,
    1.1434791476653898,
    1.0792927837907758,
    1.1829157865671531,
    1.1875923387188418,
    1.1685212905221491,
    1.2417867325424832,
    1.115530606452899,
    1.0768482257755012,
    1.1316141124591077,
    1.0830598701143082,
    1.1886371973173677,
    1.074208346459683,
    1.065825839467177,
    1.0101184445138303,
    1.163538418800582,
    1.1130455338507141,
    1.1632096385222432,
    1.159800756263225,
    1.1491161896187467,
    1.0735113608064966,
    1.1034052591992356,
    1.0553618825000266,
    1.0507654224898964,
    1.0784851082398743,
    1.223684163250115,
    1.064201993019896,
    1.0821276001590343,
    1.0800535770535857,
    1.0384303847913452,
    1.0512998043450685,
    1.1480727172469076,
    1.1423029756447296,
    1.2632742985153085,
    1.1361425084427452,
    1.3307205302868323,
    1.142778554071304,
    1.1721681997783788,
    1.2200927894448994,
    1.1588041296515794,
    1.2696004488594397,
    1.1419585669262808,
    1.204414055143648,
    1.226584390436041,
    1.1957938327693403,
    1.2375556363469924,
    1.1310405660683993,
    1.163668079652648,
    1.097901677986603,
    1.0832314787444122
  ],
  "communication_mb": [
    5.459510803222656,
    5.459510803222656,
    5.459510803222656,
    5.459510803222656,
    5.459510803222656,
    5.459510803222656,
    5.459510803222656,
    5.459510803222656,
    5.459510803222656,
    5.459510803222656,
    5.459510803222656,
    5.459510803222656,
    5.459510803222656,
    5.459510803222656,
    5.459510803222656,
    5.459510803222656,
    5.459510803222656,
    5.459510803222656,
    5.459510803222656,
    5.459510803222656,
    5.459510803222656,
    5.459510803222656,
    5.459510803222656,
    5.459510803222656,
    5.459510803222656,
    5.459510803222656,
    5.459510803222656,
    5.459510803222656,
    5.459510803222656,
    5.459510803222656,
    5.459510803222656,
    5.459510803222656,
    5.459510803222656,
    5.459510803222656,
    5.459510803222656,
    5.459510803222656,
    5.459510803222656,
    5.459510803222656,
    5.459510803222656,
    5.459510803222656,
    5.459510803222656,
    5.459510803222656,
    5.459510803222656,
    5.459510803222656,
    5.459510803222656,
    5.459510803222656,
    5.459510803222656,
    5.459510803222656,
    5.459510803222656,
    5.459510803222656,
    5.459510803222656,
    5.459510803222656,
    5.459510803222656,
    5.459510803222656,
    5.459510803222656,
    5.459510803222656,
    5.459510803222656,
    5.459510803222656,
    5.459510803222656,
    5.459510803222656,
    5.459510803222656,
    5.459510803222656,
    5.459510803222656
  ],
  "client_losses": [
    [
      1.466686523623433
    ],
    [
      1.3943053166274038
    ],
    [
      1.384795300109837
    ],
    [
      1.36262494304796
    ],
    [
      1.3394951442660101
    ],
    [
      1.3484952053774117
    ],
    [
      1.340804150592936
    ],
    [
      1.330529359761482
    ],
    [
      1.3248579148330604
    ],
    [
      1.3246468300764374
    ],
    [
      1.3164293398878077
    ],
    [
      1.304411910634708
    ],
    [
      1.3092556293446962
    ],
    [
      1.3180735389385627
    ],
    [
      1.3158383787919892
    ],
    [
      1.3131697096484745
    ],
    [
      1.3104668773728965
    ],
    [
      1.30908981713687
    ],
    [
      1.2908418024507482
    ],
    [
      1.2996199852555976
    ],
    [
      1.2934221591474984
    ],
    [
      1.2914483481946004
    ],
    [
      1.287168239289525
    ],
    [
      1.2929345232869691
    ],
    [
      1.2753721592494065
    ],
    [
      1.2762150293172099
    ],
    [
      1.2710743030710256
    ],
    [
      1.2912593641518844
    ],
    [
      1.2819318087482447
    ],
    [
      1.2813707892547819
    ],
    [
      1.2662273165145783
    ],
    [
      1.280893554133822
    ],
    [
      1.2691494235447447
    ],
    [
      1.2767052569257862
    ],
    [
      1.2585041842871991
    ],
    [
      1.2616831163490883
    ],
    [
      1.2722286705257617
    ],
    [
      1.2568728035608308
    ],
    [
      1.2603693774389728
    ],
    [
      1.2600880351580608
    ],
    [
      1.2672595540789662
    ],
    [
      1.264823746635659
    ],
    [
      1.2679635713588608
    ],
    [
      1.264484665942148
    ],
    [
      1.2551377789827367
    ],
    [
      1.2588022187061139
    ],
    [
      1.2654825633201836
    ],
    [
      1.2578285241485494
    ],
    [
      1.254175380105304
    ],
    [
      1.2566778311791837
    ],
    [
      1.2520386076046754
    ],
    [
      1.239505939689917
    ],
    [
      1.2486139256563915
    ],
    [
      1.2475819557695291
    ],
    [
      1.2501055331900437
    ],
    [
      1.2527211537352332
    ],
    [
      1.2475818911360494
    ],
    [
      1.243614804280841
    ],
    [
      1.2396794135018276
    ],
    [
      1.252218541586171
    ],
    [
      1.23094858900937
    ],
    [
      1.2398487118146917
    ],
    [
      1.2491875057829278
    ]
  ],