{
  "rounds": [
    1,
    2,
    3,
    4,
    5,
    6,
    7,
    8,
    9,
    10,
    11,
    12,
    13,
    14,
    15,
    16,
    17,
    18,
    19,
    20,
    21,
    22,
    23,
    24,
    25,
    26,
    27,
    28,
    29,
    30,
    31,
    32,
    33,
    34,
    35,
    36,
    37,
    38,
    39,
    40,
    41,
    42
  ],
  "accuracy": [
    0.16149068322981366,
    0.24992605737947352,
    0.09494232475598935,
    0.27270038450162676,
    0.3200236616385685,
    0.32416444838805086,
    0.31617864537119195,
    0.3717834960070985,
    0.1881100266193434,
    0.10529429162969535,
    0.06802721088435375,
    0.08725229222123632,
    0.10766045548654245,
    0.09494232475598935,
    0.09582963620230701,
    0.09671694764862467,
    0.08222419402543626,
    0.09464655427388347,
    0.09494232475598935,
    0.4797397219757468,
    0.09464655427388347,
    0.1674060928719314,
    0.0899142265601893,
    0.46820467317361725,
    0.28482697426796805,
    0.09494232475598935,
    0.37858621709553386,
    0.4321206743566992,
    0.4194025436261461,
    0.45814847678201714,
    0.44809228039041704,
    0.4673173617272996,
    0.47264123040520556,
    0.47264123040520556,
    0.32298136645962733,
    0.3235729074238391,
    0.47264123040520556,
    0.47293700088731144,
    0.32416444838805086,
    0.32416444838805086,
    0.32416444838805086,
    0.32416444838805086
  ],
  "loss": [
    2.8212256421707185,
    4.755993102930312,
    8.520150343365515,
    6.304422790360359,
    13.33538658877725,
    20.88947801948193,
    26.037336213530185,
    4.234256000287503,
    7.1920173233763345,
    23.598286799092648,
    22.3945405709606,
    18.668342210667543,
    9.571850495449857,
    20.02261330932599,
    14.16516761870047,
    11.019897723684506,
    6.186348013855303,
    15.040385588144135,
    5.961993340661772,
    2.274795417424597,
    11.562345198857223,
    4.097728773814904,
    5.8513008838079275,
    2.2991241813587457,
    2.21318825332768,
    8.99537538276273,
    1.4719906145212602,
    1.5248251084003601,
    1.3203183178787434,
    1.8393954044613956,
    1.9880369062855272,
    1.335102696208621,
    1.2736235152190694,
    1.348941231295753,
    4.77668969372397,
    1.3566852219532806,
    1.3331090537305064,
    1.3857989102487414,
    1.3411491317743383,
    1.4157260171198627,
    1.5895269341244567,
    1.493259023823212
  ],
  "communication_mb": [
    10.919021606445312,
    10.919021606445312,
    10.919021606445312,
    10.919021606445312,
    10.919021606445312,
    10.919021606445312,
    10.919021606445312,
    10.919021606445312,
    10.919021606445312,
    10.919021606445312,
    10.919021606445312,
    10.919021606445312,
    10.919021606445312,
    10.919021606445312,
    10.919021606445312,
    10.919021606445312,
    10.919021606445312,
    10.919021606445312,
    10.919021606445312,
    10.919021606445312,
    10.919021606445312,
    10.919021606445312,
    10.919021606445312,
    10.919021606445312,
    10.919021606445312,
    10.919021606445312,
    10.919021606445312,
    10.919021606445312,
    10.919021606445312,
    10.919021606445312,
    10.919021606445312,
    10.919021606445312,
    10.919021606445312,
    10.919021606445312,
    10.919021606445312,
    10.919021606445312,
    10.919021606445312,
    10.919021606445312,
    10.919021606445312,
    10.919021606445312,
    10.919021606445312,
    10.919021606445312
  ],
  "client_losses": [
    [
      1.468164588385716,
      1.5569668772865217
    ],
    [
      2.026043685810854,
      2.2061961688774128
    ],
    [
      2.443295181366261,
      3.0798657150500324
    ],
    [
      2.8801755715431203,
      4.168986011690541
    ],
    [
      2.9265839222267234,
      4.644704479105859
    ],
    [
      3.4994944219757396,
      6.209300802742305
    ],
    [
      3.693140916947248,
      7.5664427777542915
    ],
    [
      3.435584203442694,
      6.676683606050581
    ],
    [
      3.4448994478804704,
      5.830015707661255
    ],
    [
      3.704589575795576,
      6.671602991133624
    ],
    [
      4.216703405270204,
      8.739755906574109
    ],
    [
      4.419423581813205,
      8.237552170923355
    ],
    [
      3.8754677184187,
      6.33866856447803
    ],
    [
      3.6688766534693253,
      6.69716594535914
    ],
    [
      4.157124368762974,
      7.932398012941366
    ],
    [
      4.09251899846433,
      8.952011844197283
    ],
    [
      3.8932022034952207,
      7.093748988251895
    ],
    [
      3.63053638917582,
      6.286281265694935
    ],
    [
      3.2219583418791014,
      5.777453269131504
    ],
    [
      3.1249335615110536,
      4.9030396425404685
    ],
    [
      2.8521111247553694,
      4.214778945710046
    ],
    [
      3.2475113129007203,
      5.726531750719312
    ],
    [
      2.8929205878082587,
      4.909644894032345
    ],
    [
      2.6137714118019995,
      4.5847332431479275
    ],
    [
      2.912135000334639,
      4.996917888756715
    ],
    [
      2.993572941341626,
      4.675637494921848
    ],
    [
      2.6431989288870774,
      4.445078180034462
    ],
    [
      2.398727819156061,
      4.03378562761321
    ],
    [
      2.3686841399979652,
      3.627388732402373
    ],
    [
      2.3959668423306653,
      3.372867671405041
    ],
    [
      2.4449564767852103,
      3.9905053055506983
    ],
    [
      2.9113094654883103,
      4.346129886717534
    ],
    [
      2.502287871753415,
      3.4016437724096873
    ],
    [
      2.149333960759044,
      3.3745781266534567
    ],
    [
      2.351489519726367,
      2.9916294324269646
    ],
    [
      2.3345584639648296,
      3.3056183740994576
    ],
    [
      2.0516876595391516,
      2.8562057316550167
    ],
    [
      2.1400729114463015,
      3.0968817868505316
    ],
    [
      2.0526653883060475,
      2.7373674309605955
    ],
    [
      1.9949892989297782,
      2.3607170729965046
    ],
    [
      2.036687696931055,
      2.6065160281024102
    ],
    [
      1.8905082098271404,
      2.1180665900581483
    ]
  ],
  "tau_eff": [
    1094.9980964467004,
    1094.9980964467004,
    1094.9980964467004,
    1094.9980964467004,
    1094.9980964467004,
    1094.9980964467004,
    1094.9980964467004,
    1094.9980964467004,
    1094.9980964467004,
    1094.9980964467004,
    1094.9980964467004,
    1094.9980964467004,
    1094.9980964467004,
    1094.9980964467004,
    1094.9980964467004,
    1094.9980964467004,
    1094.9980964467004,
    1094.9980964467004,
    1094.9980964467004,
    1094.9980964467004,
    1094.9980964467004,
    1094.9980964467004,
    1094.9980964467004,
    1094.9980964467004,
    1094.9980964467004,
    1094.9980964467004,
    1094.9980964467004,
    1094.9980964467004,
    1094.9980964467004,
    1094.9980964467004,
    1094.9980964467004,
    1094.9980964467004,
    1094.9980964467004,
    1094.9980964467004,
    1094.9980964467004,
    1094.9980964467004,
    1094.9980964467004,
    1094.9980964467004,
    1094.9980964467004,
    1094.9980964467004,
    1094.9980964467004,
    1094.9980964467004
  ],