{
  "rounds": [
    1,
    2,
    3,
    4,
    5,
    6,
    7,
    8,
    9,
    10,
    11,
    12,
    13,
    14,
    15,
    16,
    17,
    18,
    19,
    20,
    21,
    22,
    23,
    24,
    25,
    26,
    27,
    28,
    29,
    30,
    31,
    32,
    33,
    34,
    35,
    36,
    37,
    38,
    39,
    40,
    41,
    42,
    43,
    44,
    45,
    46,
    47,
    48,
    49,
    50,
    51,
    52,
    53,
    54,
    55,
    56,
    57,
    58,
    59,
    60,
    61,
    62,
    63,
    64,
    65,
    66,
    67,
    68,
    69,
    70,
    71,
    72,
    73,
    74,
    75,
    76,
    77,
    78,
    79,
    80,
    81,
    82,
    83,
    84,
    85,
    86,
    87,
    88,
    89,
    90,
    91,
    92,
    93,
    94,
    95,
    96,
    97,
    98,
    99,
    100,
    101,
    102,
    103,
    104,
    105,
    106,
    107,
    108,
    109,
    110,
    111,
    112,
    113,
    114,
    115,
    116,
    117,
    118,
    119,
    120
  ],
  "accuracy": [
    0.5445134575569358,
    0.5871044069801834,
    0.562259686483289,
    0.5371191955042887,
    0.5746820467317362,
    0.5944986690328306,
    0.562259686483289,
    0.5995267672286306,
    0.5924282756580893,
    0.6110618160307602,
    0.5826678497485951,
    0.5445134575569358,
    0.5584146702159124,
    0.5652173913043478,
    0.5995267672286306,
    0.5971606033717834,
    0.587991718426501,
    0.5853297840875481,
    0.5332741792369121,
    0.5640343093759242,
    0.5625554569653949,
    0.5791186039633245,
    0.5601892931085478,
    0.5942028985507246,
    0.5758651286601597,
    0.5915409642117717,
    0.5811889973380656,
    0.5947944395149364,
    0.5817805383022774,
    0.5965690624075717,
    0.6057379473528541,
    0.5705412599822538,
    0.6042590949423248,
    0.6045548654244306,
    0.5912451937296658,
    0.5684708666075126,
    0.5847382431233363,
    0.5838509316770186,
    0.577639751552795,
    0.5664004732327713,
    0.6013013901212659,
    0.5758651286601597,
    0.6107660455486542,
    0.5732031943212067,
    0.6030760130139012,
    0.5516119491274771,
    0.5785270629991127,
    0.5959775214433599,
    0.5474711623779946,
    0.5823720792664892,
    0.5853297840875481,
    0.5060632948831707,
    0.5882874889086069,
    0.5613723750369713,
    0.5788228334812185,
    0.564625850340136,
    0.54421768707483,
    0.5705412599822538,
    0.5782312925170068,
    0.556935817805383,
    0.5380065069506064,
    0.5826678497485951,
    0.5397811298432417,
    0.5947944395149364,
    0.5448092280390417,
    0.5974563738538894,
    0.5871044069801834,
    0.5959775214433599,
    0.626737651582372,
    0.6027802425317953,
    0.5732031943212067,
    0.5998225377107365,
    0.6154983732623485,
    0.6021887015675835,
    0.616681455190772,
    0.5871044069801834,
    0.5557527358769595,
    0.530908015380065,
    0.5666962437148773,
    0.5362318840579711,
    0.5871044069801834,
    0.5755693581780539,
    0.6181603076013014,
    0.5652173913043478,
    0.569949719018042,
    0.5581188997338066,
    0.5856255545696539,
    0.5947944395149364,
    0.6329488317065957,
    0.5868086364980775,
    0.6119491274770777,
    0.5711328009464656,
    0.6045548654244306,
    0.5705412599822538,
    0.6157941437444543,
    0.5885832593907128,
    0.5637385388938184,
    0.5817805383022774,
    0.5944986690328306,
    0.567583555161195,
    0.6021887015675835,
    0.5729074238391009,
    0.6149068322981367,
    0.5823720792664892,
    0.6122448979591837,
    0.5874001774622892,
    0.5891748003549245,
    0.6095829636202307,
    0.5717243419106773,
    0.627033422064478,
    0.5977521443359952,
    0.6196391600118308,
    0.5977521443359952,
    0.59094942324756,
    0.5939071280686188,
    0.5823720792664892,
    0.6069210292812778,
    0.5868086364980775,
    0.6001183081928424,
    0.5936113575865128
  ],
  "loss": [
    1.1446099009467314,
    1.1338724832639155,
    1.1679052129295302,
    1.1283282828168804,
    1.1051811419517745,
    1.0995563894148868,
    1.102897098204752,
    1.1158411807472344,
    1.1243478570665633,
    1.0357633464190426,
    1.149669228097949,
    1.0448651955840644,
    1.0245974088906888,
    1.116387117335656,
    1.0677033036956065,
    1.0892985210514605,
    1.0710012421598099,
    1.0843298715869552,
    1.1148560152925426,
    1.092982444457139,
    1.0576311190852539,
    1.0524015383620264,
    1.07217671574308,
    1.1226243312032362,
    1.0538016325339379,
    1.0286580287856626,
    1.084531383237977,
    1.0953198658647851,
    1.0917545388133454,
    1.1028850784812303,
    1.0553448435753205,
    1.0872874303316795,
    1.0858686511878324,
    1.068168750178775,
    1.0967012744301066,
    1.058593693550999,
    1.145752512255705,
    1.1291855996404658,
    1.0491891149161519,
    1.1006598488814165,
    1.0610597150208012,
    1.151312176767308,
    1.050727383373264,
    1.1179609784216826,
    1.0802348446683818,
    1.0808948885932612,
    1.1146340411430773,
    1.0481166331523342,
    1.0647405211088468,
    1.0611781600804344,
    1.1684427781769313,
    1.0998199259660117,
    1.1207562974485834,
    1.1221796742419243,
    1.1046987876353338,
    0.9974857924500008,
    1.0841093823529673,
    1.0744279031392492,
    1.0552320846330834,
    1.1425879494532507,
    1.0807417485883906,
    1.108996842394775,
    1.1552679363491618,
    1.0885623612724018,
    1.0714053956759255,
    1.0123060761524778,
    1.0642330953264618,
    1.0246582462109959,
    1.0689413810544943,
    1.0550109657159539,
    1.1090446313222249,
    1.043170452893609,
    1.0012551944166272,
    1.0076235876531863,
    1.0497378665503225,
    1.0650119070328399,
    1.1154065505176984,
    1.1205341308929977,
    1.1235929665146618,
    1.1371673165394407,
    1.0591550590864338,
    1.0555652450154216,
    0.9885449764538855,
    1.0385279059586388,
    1.0423815351236294,
    1.0137131375626183,
    1.0446888271502157,
    1.0472393550664072,
    0.9638059814101103,
    1.0458441545045858,
    1.0201191429342966,
    1.0288558876468599,
    1.001069653813425,
    1.0217108172941618,
    0.9817357309750995,
    1.0876848788629514,
    1.0891244663214832,
    1.078424423589258,
    0.9970748297599109,
    1.0196113030045246,
    1.0049594400973405,
    1.0687914430583874,
    1.0207652595049528,
    1.0489097672854257,
    1.0089965760796002,
    1.066604239882114,
    1.016868448440791,
    1.003335204783081,
    1.0197465802677563,
    0.9794920683612276,
    1.0137543142353138,
    0.9767002134201831,
    1.0165444961915668,
    1.0210886965909325,
    1.0821343523198703,
    1.038963055899777,
    1.053268664830255,
    1.0273517313810256,
    1.048694171837821,
    1.027038690290025
  ],