{
  "rounds": [
    1,
    2,
    3,
    4,
    5,
    6,
    7,
    8,
    9,
    10,
    11,
    12,
    13,
    14,
    15,
    16,
    17,
    18,
    19,
    20,
    21,
    22,
    23,
    24,
    25,
    26,
    27,
    28,
    29,
    30,
    31,
    32,
    33,
    34,
    35,
    36,
    37,
    38,
    39,
    40,
    41,
    42,
    43,
    44,
    45,
    46,
    47,
    48,
    49,
    50,
    51,
    52,
    53,
    54,
    55,
    56,
    57,
    58,
    59,
    60,
    61,
    62,
    63,
    64,
    65,
    66,
    67,
    68,
    69,
    70,
    71,
    72,
    73,
    74,
    75,
    76,
    77,
    78,
    79,
    80,
    81,
    82,
    83,
    84,
    85,
    86,
    87,
    88,
    89,
    90,
    91,
    92,
    93,
    94,
    95,
    96,
    97,
    98,
    99,
    100,
    101,
    102,
    103,
    104,
    105,
    106,
    107,
    108,
    109,
    110,
    111,
    112,
    113,
    114,
    115,
    116,
    117,
    118,
    119,
    120
  ],
  "accuracy": [
    0.391304347826087,
    0.5737947352854185,
    0.4933451641526176,
    0.43507837917775805,
    0.5734989648033126,
    0.49216208222419405,
    0.5344572611653357,
    0.5267672286305827,
    0.520851818988465,
    0.4673173617272996,
    0.5016267376515824,
    0.45459923099674654,
    0.5714285714285714,
    0.5167110322389825,
    0.5850340136054422,
    0.5075421472937001,
    0.6225968648328897,
    0.5368234250221828,
    0.6338361431529134,
    0.6202307009760426,
    0.5314995563442768,
    0.5516119491274771,
    0.5134575569358178,
    0.5912451937296658,
    0.6039633244602188,
    0.5320910973084886,
    0.5430346051464063,
    0.5874001774622892,
    0.5814847678201716,
    0.5717243419106773,
    0.5116829340431824,
    0.6101745045844424,
    0.6385684708666075,
    0.5788228334812185,
    0.5527950310559007,
    0.5548654244306418,
    0.6154983732623485,
    0.5900621118012422,
    0.6240757172434191,
    0.5524992605737947,
    0.577639751552795,
    0.5548654244306418,
    0.6146110618160308,
    0.4986690328305235,
    0.5684708666075126,
    0.5593019816622301,
    0.5063590653652765,
    0.5971606033717834,
    0.5820763087843833,
    0.6149068322981367,
    0.6018929310854777,
    0.5977521443359952,
    0.520851818988465,
    0.5578231292517006,
    0.5607808340727596,
    0.4173321502514049,
    0.567583555161195,
    0.6110618160307602,
    0.49364093463472347,
    0.5167110322389825,
    0.5702454895001479,
    0.5850340136054422,
    0.5805974563738538,
    0.4930493936705117,
    0.5971606033717834,
    0.4531203785862171,
    0.5974563738538894,
    0.5199645075421473,
    0.5885832593907128,
    0.5690624075717243,
    0.5560485063590653,
    0.5808932268559598,
    0.577935522034901,
    0.5640343093759242,
    0.45400769003253477,
    0.5448092280390417,
    0.5264714581484767,
    0.538893818396924,
    0.5093167701863354,
    0.5048802129547472,
    0.5666962437148773,
    0.6072167997633836,
    0.6027802425317953,
    0.5273587695947944,
    0.5805974563738538,
    0.559597752144336,
    0.5294291629695357,
    0.5587104406980183,
    0.6015971606033718,
    0.5019225081336882,
    0.5995267672286306,
    0.5524992605737947,
    0.528541851523218,
    0.6007098491570542,
    0.5276545400769004,
    0.5980479148181012,
    0.5241052942916297,
    0.5992309967465247,
    0.5495415557527359,
    0.5628512274475007,
    0.5669920141969832,
    0.59094942324756,
    0.5761608991422656,
    0.5468796214137829,
    0.6107660455486542,
    0.5560485063590653,
    0.5548654244306418,
    0.5504288671990535,
    0.5897663413191363,
    0.5042886719905354,
    0.5643300798580302,
    0.5734989648033126,
    0.5915409642117717,
    0.6154983732623485,
    0.567287784679089,
    0.5989352262644189,
    0.5850340136054422,
    0.5868086364980775,
    0.6178645371191955,
    0.5454007690032535
  ],
  "loss": [
    1.5058943529659317,
    1.2334185111314648,
    1.2217637822671037,
    1.281583589303074,
    1.2148028244389757,
    1.2549116496537713,
    1.1754596317988533,
    1.211986017170759,
    1.1618780290823087,
    1.2792149152462386,
    1.2227138927158467,
    1.233076963718034,
    1.134006434663165,
    1.2287379261552493,
    1.0114574695049536,
    1.129557015274587,
    1.0504772716356925,
    1.1013620705055929,
    1.0909828207472378,
    1.074542061530144,
    1.1755211730392612,
    1.1185021235617756,
    1.1488139568366655,
    1.0590612695647992,
    1.0401428477082229,
    1.152714547339504,
    1.1064476009234632,
    1.0895764542133701,
    1.0447145148305208,
    1.0592565609131717,
    1.224701948117942,
    1.0104225389141543,
    0.9870770873137742,
    1.06720410536394,
    1.0864179165749042,
    1.130062075417199,
    0.9876545213165102,
    1.0242078965389316,
    1.0390120992925667,
    1.0903478940186928,
    1.0313069802069585,
    1.1462384191570603,
    0.9682574285554025,
    1.2146223180923754,
    1.1156378386818209,
    1.1264083753919785,
    1.2580402592729796,
    1.027205818646478,
    1.0677585731558248,
    1.0230100674588312,
    1.0394279312643204,
    1.0228747476384823,
    1.1947955248166173,
    1.137231719596116,
    1.0497029754615543,
    1.3973550687207164,
    1.0546323919183438,
    1.024142072384825,
    1.1552141585740703,
    1.1364374613134298,
    1.0835118312096674,
    1.0092840592419032,
    1.1472383684323617,
    1.1237363888998069,
    1.0422164389312143,
    1.3311100318494615,
    0.9840040914901648,
    1.1097870203067268,
    1.072988257045684,
    1.028393523927907,
    1.2006532751008343,
    1.0273400114965452,
    1.0036836798393456,
    1.0453302549984427,
    1.2263103717884627,
    1.0707384564403386,
    1.1462841723240962,
    1.213287922765545,
    1.1766594919852342,
    1.1533126911796856,
    1.0822408247261983,
    1.0791551123988308,
    0.9955162317644947,
    1.078355978734745,
    1.0232236000321666,
    1.057695511247025,
    1.1456403173098582,
    1.0592357073969758,
    1.0157111203730442,
    1.1211286341428264,
    0.9894643867202709,
    1.0485251154359436,
    1.15952487335301,
    0.9719270134564513,
    1.097932829443642,
    1.0000911799100545,
    1.1475237809282477,
    1.09251488390423,
    1.1359664537750804,
    1.137737609620138,
    1.078434649108959,
    1.0499463871504844,
    1.0191784235402277,
    1.1144318824616877,
    0.9360301627170683,
    1.0463820471279863,
    1.0531798176637102,
    1.0584530514818928,
    1.0156360494071512,
    1.150530284623781,
    1.0209129774792594,
    1.0609824350337875,
    0.9912905934575534,
    0.9560064555483787,
    1.1081857828655317,
    1.041461772729715,
    1.0782184870205698,
    0.973013602322779,
    1.10667236482064,
    1.1618174625832243
  ],