{
  "rounds": [
    1,
    2,
    3,
    4,
    5,
    6,
    7,
    8,
    9,
    10,
    11,
    12,
    13,
    14,
    15,
    16,
    17,
    18,
    19,
    20,
    21,
    22,
    23
  ],
  "accuracy": [
    0.1668145519077196,
    0.3217982845312038,
    0.36409346347234545,
    0.09494232475598935,
    0.323868677905945,
    0.32416444838805086,
    0.1919550428867199,
    0.32416444838805086,
    0.09730848861283643,
    0.09464655427388347,
    0.09464655427388347,
    0.09494232475598935,
    0.11712511091393078,
    0.09494232475598935,
    0.09435078379177758,
    0.0940550133096717,
    0.09464655427388347,
    0.09464655427388347,
    0.09464655427388347,
    0.09464655427388347,
    0.09464655427388347,
    0.09582963620230701,
    0.09464655427388347
  ],
  "loss": [
    57.68625982059455,
    72.40569862336388,
    58.79828848467886,
    517.3111704409175,
    197.52341173922864,
    881.9118513701336,
    842.0190728183894,
    1019.5599400978123,
    1800.1316732673454,
    2457.1887460125863,
    3318.314032865184,
    3398.3823833222996,
    1494.6842710218004,
    3028.070764098778,
    2513.7476961530197,
    2045.0507774951013,
    2972.716563800495,
    4203.762143270182,
    7374.73531271374,
    4388.364759596943,
    6965.98320975384,
    2708.6451347055468,
    7777.7690435464265
  ],
  "communication_mb": [
    10.919021606445312,
    10.919021606445312,
    10.919021606445312,
    10.919021606445312,
    10.919021606445312,
    10.919021606445312,
    10.919021606445312,
    10.919021606445312,
    10.919021606445312,
    10.919021606445312,
    10.919021606445312,
    10.919021606445312,
    10.919021606445312,
    10.919021606445312,
    10.919021606445312,
    10.919021606445312,
    10.919021606445312,
    10.919021606445312,
    10.919021606445312,
    10.919021606445312,
    10.919021606445312,
    10.919021606445312,
    10.919021606445312
  ],
  "client_losses": [
    [
      1.4414613429105056,
      1.5608777307206443
    ],
    [
      16.729481226700372,
      44.930084678357034
    ],
    [
      38.61516726629748,
      86.10255556599076
    ],
    [
      85.93949727794377,
      148.9830317609187
    ],
    [
      121.3466051070148,
      250.74090740516743
    ],
    [
      150.03093928519982,
      290.9467972926888
    ],
    [
      265.19657419659086,
      506.2997555525979
    ],
    [
      315.3154365367671,
      556.9296454951369
    ],
    [
      382.9446462620459,
      693.1270613229199
    ],
    [
      491.8219669814043,
      841.3246102784753
    ],
    [
      714.1827971282506,
      1124.160971383698
    ],
    [
      735.7873400914883,
      1201.0334792243812
    ],
    [
      819.7415501843074,
      1321.6614582153422
    ],
    [
      866.4782711246094,
      1326.6138469334696
    ],
    [
      1089.0519255059744,
      1569.3396264439425
    ],
    [
      1144.3626704704536,
      1644.1326599036815
    ],
    [
      1161.9379055583993,
      1635.1292666625134
    ],
    [
      1415.6200512101395,
      1932.7320156819055
    ],
    [
      1351.9437195014582,
      2088.6363171079943
    ],
    [
      1640.7165678414833,
      2750.9319018237798
    ],
    [
      1753.424758192078,
      2590.626071258857
    ],
    [
      2090.570882563908,
      3153.506458500544
    ],
    [
      1768.9414874960585,
      2614.882053900937
    ]
  ],
  "tau_eff": [
    1094.9980964467004,
    1094.9980964467004,
    1094.9980964467004,
    1094.9980964467004,
    1094.9980964467004,
    1094.9980964467004,
    1094.9980964467004,
    1094.9980964467004,
    1094.9980964467004,
    1094.9980964467004,
    1094.9980964467004,
    1094.9980964467004,
    1094.9980964467004,
    1094.9980964467004,
    1094.9980964467004,
    1094.9980964467004,
    1094.9980964467004,
    1094.9980964467004,
    1094.9980964467004,
    1094.9980964467004,
    1094.9980964467004,
    1094.9980964467004,
    1094.9980964467004
  ],
  "f1_macro": [
    0.07603727666646881,
    0.09787664545075213,
    0.18877331231019473,
    0.034683954619124796,
    0.09785522788203753,
    0.09792271610453429,
    0.11478836461243336,
    0.09792271610453429,
    0.053634536372155095,
    0.03458524723047825,
    0.03458524723047825,
    0.03469332612807349,
    0.07980397903031487,
    0.034683954619124796,
    0.03453315290933694,
    0.042338387869114126,
    0.03458524723047825,
    0.03458524723047825,
    0.03458524723047825,
    0.03458524723047825,
    0.03458524723047825,
    0.03892680526125286,
    0.03458524723047825
  ],
  "per_class_f1": [
    [
      0.35294117647058826,
      0.027245206861755803,
      0.0,
      0.0,
      0.0
    ],
    [
      0.0024968789013732834,
      0.0,
      0.0,
      0.48688634835238737,
      0.0
    ],
    [
      0.559412926898109,
      0.0,
      0.0547945205479452,
      0.2028985507246377,
      0.1267605633802817
    ],
    [
      0.0,
      0.0,
      0.0,
      0.0,
      0.17341977309562398
    ],
    [
      0.0,
      0.0,
      0.0,
      0.48927613941018766,
      0.0
    ],
    [
      0.0,
      0.0,
      0.0,
      0.48961358052267145,
      0.0
    ],
    [
      0.0,
      0.0,
      0.21117586561535825,
      0.3627659574468085,
      0.0
    ],
    [
      0.0,
      0.0,
      0.0,
      0.48961358052267145,
      0.0
    ],
    [
      0.0,
      0.0,
      0.17250070008401008,
      0.0,
      0.09567198177676538
    ],
    [
      0.0,
      0.0,
      0.17292623615239125,
      0.0,
      0.0
    ],
    [
      0.0,
      0.0,
      0.17292623615239125,
      0.0,
      0.0
    ],
    [
      0.0,
      0.0,
      0.0,
      0.0,
      0.17346663064036746
    ],
    [
      0.0,
      0.0,
      0.19080459770114944,
      0.0,
      0.20821529745042494
    ],
    [
      0.0,
      0.0,
      0.0,
      0.0,
      0.17341977309562398
    ],
    [
      0.0,
      0.0,
      0.0,
      0.0,
      0.1726657645466847
    ],
    [
      0.0,
      0.03571428571428571,
      0.0,
      0.0,
      0.17597765363128492
    ],
    [
      0.0,
      0.0,
      0.17292623615239125,
      0.0,
      0.0
    ],
    [
      0.0,
      0.0,
      0.17292623615239125,
      0.0,
      0.0
    ],
    [
      0.0,
      0.0,
      0.17292623615239125,
      0.0,
      0.0
    ],
    [
      0.0,
      0.0,
      0.17292623615239125,
      0.0,
      0.0
    ],
    [
      0.0,
      0.0,
      0.17292623615239125,
      0.0,
      0.0
    ],
    [
      0.0,
      0.0,
      0.17369997277429894,
      0.0036429872495446266,
      0.01729106628242075
    ],
    [
      0.0,
      0.0,
      0.17292623615239125,
      0.0,
      0.0
    ]
  ],
  "round_duration_s": [
    6.174030780792236,
    6.046437978744507,
    6.06459379196167,
    6.062570571899414,
    6.054297685623169,
    5.843179702758789,
    5.962494134902954,
    6.081254243850708,
    5.980358362197876,
    6.037231206893921,
    6.076861619949341,
    6.059544324874878,
    5.792015790939331,
    5.9888756275177,
    5.888285398483276,
    6.064868450164795,
    6.074265241622925,
    6.060203313827515,
    6.046475410461426,
    6.063281059265137,
    6.0661773681640625,
    6.063463449478149,
    6.047679901123047
  ]
}