{
  "rounds": [
    1,
    2,
    3,
    4
  ],
  "accuracy": [
    0.71,
    0.71,
    0.71,
    0.71
  ],
  "loss": [
    0.6104080939292907,
    0.5987124419212342,
    0.595266830921173,
    0.589651505947113
  ],
  "communication_mb": [
    27.138748168945312,
    27.138748168945312,
    27.138748168945312,
    27.138748168945312
  ],
  "client_losses": [
    [
      0.5908756128379278,
      0.6248525490886288,
      0.6029129051848462,
      0.6054097704726494,
      0.6126999149962169
    ],
    [
      0.5688570475294477,
      0.5952939422507035,
      0.5804909804933949,
      0.5772091558923019,
      0.5968115148020954
    ],
    [
      0.5637694760447457,
      0.5911621608232197,
      0.5738544064132791,
      0.5753944002411848,
      0.5931481980695956
    ],
    [
      0.5596908444450015,
      0.5933033933765011,
      0.567511468341476,
      0.5705234464143683,
      0.604512424730673
    ]
  ]
}