{
  "rounds": [
    1,
    2,
    3,
    4,
    5,
    6,
    7,
    8,
    9,
    10,
    11,
    12,
    13,
    14,
    15,
    16,
    17,
    18,
    19,
    20,
    21,
    22,
    23,
    24,
    25,
    26,
    27,
    28,
    29,
    30,
    31,
    32,
    33,
    34,
    35,
    36,
    37,
    38,
    39,
    40,
    41,
    42,
    43,
    44,
    45,
    46,
    47
  ],
  "accuracy": [
    0.678793256433008,
    0.639751552795031,
    0.6391600118308193,
    0.6364980774918663,
    0.6459627329192547,
    0.6344276841171251,
    0.6530612244897959,
    0.645075421472937,
    0.663413191363502,
    0.6643005028098196,
    0.6746524696835255,
    0.6861875184856552,
    0.69949719018042,
    0.6773144040224786,
    0.6539485359361136,
    0.6912156166814551,
    0.6876663708961845,
    0.686483288967761,
    0.6435965690624076,
    0.6941733215025141,
    0.6776101745045845,
    0.6941733215025141,
    0.6888494528246081,
    0.6823425022182786,
    0.678793256433008,
    0.6941733215025141,
    0.7060041407867494,
    0.6648920437740313,
    0.7083703046435965,
    0.7131026323572908,
    0.7267080745341615,
    0.6835255841467022,
    0.7284826974267968,
    0.7139899438036084,
    0.6923986986098787,
    0.6944690919846199,
    0.6962437148772552,
    0.6858917480035492,
    0.7065956817509612,
    0.7012718130730553,
    0.7042295178941141,
    0.7083703046435965,
    0.7169476486246673,
    0.6923986986098787,
    0.6950606329488317,
    0.7036379769299024,
    0.7015675835551612
  ],
  "loss": [
    0.9435440679514631,
    0.9108608439630814,
    0.8613855720923801,
    0.8637850779695153,
    0.8618638316085091,
    0.8714980393762738,
    0.8309084831857357,
    0.8494881573018855,
    0.8154034630076767,
    0.8202425699567555,
    0.8027493755551564,
    0.8003751424264358,
    0.7946394887840702,
    0.804062727894948,
    0.8270916383106375,
    0.7859836231054409,
    0.7932123739368215,
    0.7956973911918362,
    0.8258372505400104,
    0.7945434890777816,
    0.781596723929625,
    0.7595741574544238,
    0.7711644033837762,
    0.7814371590870296,
    0.8221899447480591,
    0.770038638249617,
    0.7904452006868341,
    0.7797471659841427,
    0.7567432359262036,
    0.7512005107337926,
    0.7765629075840005,
    0.7770511562462497,
    0.7543578954516554,
    0.7540287284218535,
    0.7698065817215075,
    0.7872772378016774,
    0.7745439295531095,
    0.777718148819267,
    0.7556717203270574,
    0.7517218010043365,
    0.7576315163666946,
    0.767981564441541,
    0.7462756831911815,
    0.7526917912240072,
    0.7552645539380644,
    0.7499929879833629,
    0.749519970881731
  ],
  "communication_mb": [
    10.919021606445312,
    10.919021606445312,
    10.919021606445312,
    10.919021606445312,
    10.919021606445312,
    10.919021606445312,
    10.919021606445312,
    10.919021606445312,
    10.919021606445312,
    10.919021606445312,
    10.919021606445312,
    10.919021606445312,
    10.919021606445312,
    10.919021606445312,
    10.919021606445312,
    10.919021606445312,
    10.919021606445312,
    10.919021606445312,
    10.919021606445312,
    10.919021606445312,
    10.919021606445312,
    10.919021606445312,
    10.919021606445312,
    10.919021606445312,
    10.919021606445312,
    10.919021606445312,
    10.919021606445312,
    10.919021606445312,
    10.919021606445312,
    10.919021606445312,
    10.919021606445312,
    10.919021606445312,
    10.919021606445312,
    10.919021606445312,
    10.919021606445312,
    10.919021606445312,
    10.919021606445312,
    10.919021606445312,
    10.919021606445312,
    10.919021606445312,
    10.919021606445312,
    10.919021606445312,
    10.919021606445312,
    10.919021606445312,
    10.919021606445312,
    10.919021606445312,
    10.919021606445312
  ],
  "client_losses": [
    [
      1.3175452681765742,
      1.2787791926646999
    ],
    [
      1.2157340391234899,
      1.1865916276744577
    ],
    [
      1.1824900491588612,
      1.1627486667052138
    ],
    [
      1.1778204664562761,
      1.1417343647952007
    ],
    [
      1.160739047313503,
      1.1332867582437351
    ],
    [
      1.1555573320630843,
      1.1291894636783504
    ],
    [
      1.148698081038325,
      1.1237666849759227
    ],
    [
      1.145872359408945,
      1.1103438670058339
    ],
    [
      1.1410737699260163,
      1.1012765193752023
    ],
    [
      1.1384312401568224,
      1.102778399454559
    ],
    [
      1.1224815272236033,
      1.089785612093414
    ],
    [
      1.1156182874882887,
      1.1031018960899508
    ],
    [
      1.1153525674000206,
      1.0846873048194976
    ],
    [
      1.1196612285478467,
      1.095745622284723
    ],
    [
      1.1141369002321246,
      1.0888459335930658
    ],
    [
      1.1163626161727003,
      1.0883135578959122
    ],
    [
      1.117536590466443,
      1.0731898375977518
    ],
    [
      1.1109385527733417,
      1.0748990957305313
    ],
    [
      1.0968666885508296,
      1.0669027770231219
    ],
    [
      1.1067857250546038,
      1.0743251135708314
    ],
    [
      1.092224862188252,
      1.0712566043721439
    ],
    [
      1.08555503319161,
      1.0613926905565052
    ],
    [
      1.1042788056149297,
      1.0594308022516834
    ],
    [
      1.0970208848793495,
      1.0624176538636034
    ],
    [
      1.097559144634079,
      1.0744792918061645
    ],
    [
      1.0831525804629383,
      1.054939042896587
    ],
    [
      1.1028084130456606,
      1.0615409249985077
    ],
    [
      1.071656246838836,
      1.0551407626034242
    ],
    [
      1.0956261277803916,
      1.0514522412303338
    ],
    [
      1.08209985815329,
      1.0535890462233128
    ],
    [
      1.0849813847372374,
      1.052227413230741
    ],
    [
      1.0859182603468145,
      1.0514150496868515
    ],
    [
      1.0851427062110448,
      1.0544908015659415
    ],
    [
      1.0761627635778308,
      1.0464864773597007
    ],
    [
      1.0733766659665631,
      1.0472494397671694
    ],
    [
      1.0833495205429,
      1.0408590317377584
    ],
    [
      1.081736748291151,
      1.0457096082103232
    ],
    [
      1.0729204834213515,
      1.046677848610983
    ],
    [
      1.0668982270808793,
      1.0303520440248466
    ],
    [
      1.0877684270468257,
      1.046877161016319
    ],
    [
      1.0759152504393292,
      1.0409875380407936
    ],
    [
      1.0820003338876714,
      1.0504370707949204
    ],
    [
      1.0783438809833752,
      1.030654454796044
    ],
    [
      1.0848405292594896,
      1.0442424697520971
    ],
    [
      1.0818456721386531,
      1.0323843206447594
    ],
    [
      1.078285946297363,
      1.043023774627905
    ],
    [
      1.0806690205575649,
      1.0389357844181675
    ]
  ],
  "tau_eff": [
    739.0,
    739.0,
    739.0,
    739.0,
    739.0,
    739.0,
    739.0,
    739.0,
    739.0,
    739.0,
    739.0,
    739.0,
    739.0,
    739.0,
    739.0,
    739.0,
    739.0,
    739.0,
    739.0,
    739.0,
    739.0,
    739.0,
    739.0,
    739.0,
    739.0,
    739.0,
    739.0,
    739.0,
    739.0,
    739.0,
    739.0,
    739.0,
    739.0,
    739.0,
    739.0,
    739.0,
    739.0,
    739.0,
    739.0,
    739.0,
    739.0,
    739.0,
    739.0,
    739.0,
    739.0,
    739.0,
    739.0
  ],