{
  "rounds": [
    1,
    2,
    3,
    4,
    5,
    6,
    7,
    8,
    9,
    10,
    11,
    12,
    13,
    14,
    15,
    16,
    17,
    18,
    19,
    20,
    21,
    22,
    23,
    24,
    25,
    26,
    27,
    28
  ],
  "accuracy": [
    0.2629399585921325,
    0.28778467908902694,
    0.09582963620230701,
    0.11978704525288376,
    0.26648920437740314,
    0.32416444838805086,
    0.13250517598343686,
    0.32416444838805086,
    0.09553386572020113,
    0.09553386572020113,
    0.09494232475598935,
    0.09494232475598935,
    0.09464655427388347,
    0.09494232475598935,
    0.09435078379177758,
    0.0813368825791186,
    0.09287193138124815,
    0.09464655427388347,
    0.09464655427388347,
    0.09464655427388347,
    0.09464655427388347,
    0.09730848861283643,
    0.09553386572020113,
    0.2738834664300503,
    0.09464655427388347,
    0.09464655427388347,
    0.09464655427388347,
    0.09464655427388347
  ],
  "loss": [
    7.532611427769722,
    16.679320692205106,
    38.723879786223144,
    56.224147220082415,
    43.83397937335759,
    130.95738875065567,
    143.57761890780324,
    86.78340802873883,
    197.18151974727402,
    256.9959948905577,
    233.1875823821164,
    292.0814730608403,
    119.77960836912041,
    326.0897008652731,
    230.76255780738757,
    209.21734859237512,
    215.8964360329358,
    292.726829206122,
    455.143858671823,
    288.8434714244266,
    585.7716936068011,
    285.2351623259857,
    408.3212302229666,
    404.8301566123116,
    703.4682051696145,
    842.3432620707717,
    866.3098689442871,
    926.49322663211
  ],
  "communication_mb": [
    10.919021606445312,
    10.919021606445312,
    10.919021606445312,
    10.919021606445312,
    10.919021606445312,
    10.919021606445312,
    10.919021606445312,
    10.919021606445312,
    10.919021606445312,
    10.919021606445312,
    10.919021606445312,
    10.919021606445312,
    10.919021606445312,
    10.919021606445312,
    10.919021606445312,
    10.919021606445312,
    10.919021606445312,
    10.919021606445312,
    10.919021606445312,
    10.919021606445312,
    10.919021606445312,
    10.919021606445312,
    10.919021606445312,
    10.919021606445312,
    10.919021606445312,
    10.919021606445312,
    10.919021606445312,
    10.919021606445312
  ],
  "client_losses": [
    [
      1.4389583927642169,
      1.4898934242179531
    ],
    [
      3.9388238991156603,
      7.142869757078392
    ],
    [
      5.8489795917337775,
      12.775818173709544
    ],
    [
      9.872508634202065,
      21.084788191288883
    ],
    [
      11.804596720866565,
      29.223599650128314
    ],
    [
      15.223990470928724,
      36.7042731733093
    ],
    [
      20.89386245767174,
      55.32979256736083
    ],
    [
      22.166609269778647,
      58.08242434817959
    ],
    [
      26.161635006419118,
      59.685882208064854
    ],
    [
      34.77513154752665,
      71.11545201396126
    ],
    [
      52.30052646932512,
      98.43984924459681
    ],
    [
      52.78556415240208,
      101.41558643099815
    ],
    [
      53.47492791832348,
      106.18238944554322
    ],
    [
      55.4175510390297,
      118.71408752129572
    ],
    [
      80.23984163363286,
      145.44254179298466
    ],
    [
      86.92185828861903,
      156.46814714614544
    ],
    [
      82.28735267823616,
      147.3634958443672
    ],
    [
      101.91505777641123,
      172.41874968310938
    ],
    [
      74.68721714169361,
      155.7174906294769
    ],
    [
      82.63169971032364,
      173.35619711803488
    ],
    [
      86.80666362994546,
      183.33993535330202
    ],
    [
      105.27490924399028,
      204.7659944388393
    ],
    [
      87.82788958154815,
      179.59596477125075
    ],
    [
      100.33462246581804,
      188.3109417599033
    ],
    [
      99.5092634405133,
      211.53042168710746
    ],
    [
      125.91267192327415,
      264.39655897598243
    ],
    [
      143.15429807129698,
      299.14205176841483
    ],
    [
      158.8627455627664,
      324.26033317104486
    ]
  ],
  "tau_eff": [
    1094.9980964467004,
    1094.9980964467004,
    1094.9980964467004,
    1094.9980964467004,
    1094.9980964467004,
    1094.9980964467004,
    1094.9980964467004,
    1094.9980964467004,
    1094.9980964467004,
    1094.9980964467004,
    1094.9980964467004,
    1094.9980964467004,
    1094.9980964467004,
    1094.9980964467004,
    1094.9980964467004,
    1094.9980964467004,
    1094.9980964467004,
    1094.9980964467004,
    1094.9980964467004,
    1094.9980964467004,
    1094.9980964467004,
    1094.9980964467004,
    1094.9980964467004,
    1094.9980964467004,
    1094.9980964467004,
    1094.9980964467004,
    1094.9980964467004,
    1094.9980964467004
  ],
  "f1_macro": [
    0.1522201835615338,
    0.10105506889467379,
    0.04317198625375066,
    0.07132311852185669,
    0.10104682252151553,
    0.09792271610453429,
    0.07775343097681928,
    0.09792271610453429,
    0.04389946399120396,
    0.06515872788628693,
    0.03595824381863179,
    0.034683954619124796,
    0.039010987291543446,
    0.034683954619124796,
    0.03461747151383614,
    0.0469762421118575,
    0.03545151780363761,
    0.03458524723047825,
    0.03458524723047825,
    0.03458524723047825,
    0.03458524723047825,
    0.05141535649346276,
    0.04203821312514326,
    0.09237311394214812,
    0.03458524723047825,
    0.03458524723047825,
    0.03458524723047825,
    0.03458524723047825
  ],