{
  "rounds": [
    1,
    2,
    3,
    4,
    5,
    6,
    7,
    8,
    9,
    10,
    11,
    12,
    13,
    14,
    15,
    16,
    17,
    18,
    19,
    20,
    21,
    22,
    23,
    24,
    25,
    26,
    27,
    28,
    29,
    30,
    31,
    32,
    33,
    34,
    35,
    36
  ],
  "accuracy": [
    0.6784974859509021,
    0.6453711919550429,
    0.6592724046140195,
    0.639751552795031,
    0.6533569949719018,
    0.629399585921325,
    0.6530612244897959,
    0.6326530612244898,
    0.6616385684708667,
    0.6613427979887607,
    0.6645962732919255,
    0.6669624371487726,
    0.6965394853593612,
    0.6796805678793256,
    0.663117420881396,
    0.6885536823425022,
    0.6915113871635611,
    0.6782017154687963,
    0.6359065365276545,
    0.6923986986098787,
    0.6814551907719609,
    0.6944690919846199,
    0.6814551907719609,
    0.6749482401656315,
    0.6850044365572315,
    0.707187222715173,
    0.7051168293404318,
    0.676131322094055,
    0.7003845016267376,
    0.7089618456078084,
    0.7275953859804791,
    0.6997929606625258,
    0.7172434191067731,
    0.7172434191067731,
    0.7151730257320319,
    0.7095533865720202
  ],
  "loss": [
    0.9181054935092864,
    0.9143853568441943,
    0.855980248008385,
    0.8789514193465039,
    0.8586736336786766,
    0.8622898517258595,
    0.8380831073406567,
    0.8541414902006441,
    0.8224926719613345,
    0.813986152992274,
    0.8090591334760701,
    0.8266542153187808,
    0.7912203895908176,
    0.8036402123843872,
    0.8242785128324351,
    0.7906277974270322,
    0.7795452729850364,
    0.7927428817861851,
    0.8375358645096576,
    0.7952094890598149,
    0.7800571245224791,
    0.7682331693803583,
    0.7716626964423544,
    0.7901536882258632,
    0.8180973818230932,
    0.7680578387037462,
    0.7767668653613398,
    0.7744850010094083,
    0.76231103793505,
    0.760021996344733,
    0.7655956190353806,
    0.7746427224271927,
    0.7653091484292377,
    0.7472138132914323,
    0.7549695716969751,
    0.7624478341911856
  ],
  "communication_mb": [
    10.919021606445312,
    10.919021606445312,
    10.919021606445312,
    10.919021606445312,
    10.919021606445312,
    10.919021606445312,
    10.919021606445312,
    10.919021606445312,
    10.919021606445312,
    10.919021606445312,
    10.919021606445312,
    10.919021606445312,
    10.919021606445312,
    10.919021606445312,
    10.919021606445312,
    10.919021606445312,
    10.919021606445312,
    10.919021606445312,
    10.919021606445312,
    10.919021606445312,
    10.919021606445312,
    10.919021606445312,
    10.919021606445312,
    10.919021606445312,
    10.919021606445312,
    10.919021606445312,
    10.919021606445312,
    10.919021606445312,
    10.919021606445312,
    10.919021606445312,
    10.919021606445312,
    10.919021606445312,
    10.919021606445312,
    10.919021606445312,
    10.919021606445312,
    10.919021606445312
  ],
  "client_losses": [
    [
      1.3299463711817656,
      1.2819506373300569
    ],
    [
      1.2138919608040308,
      1.1829888580414245
    ],
    [
      1.1848248834335662,
      1.1550675275967206
    ],
    [
      1.167287631970775,
      1.1445274695123715
    ],
    [
      1.1611303824862047,
      1.1321899764630596
    ],
    [
      1.1546860101057592,
      1.1275448609124585
    ],
    [
      1.150712073898154,
      1.114913887017471
    ],
    [
      1.1415806183355108,
      1.1047847562836712
    ],
    [
      1.1352567428864804,
      1.099488433363474
    ],
    [
      1.1447968983206451,
      1.0995460010119502
    ],
    [
      1.125514808846811,
      1.0929776336335895
    ],
    [
      1.12615390380627,
      1.0976431013767287
    ],
    [
      1.1107281562640583,
      1.0799909673568158
    ],
    [
      1.1204456236560132,
      1.081133015486593
    ],
    [
      1.113496492740063,
      1.076841482938647
    ],
    [
      1.115745155863754,
      1.0789999134851187
    ],
    [
      1.1141492092064795,
      1.0652135315280276
    ],
    [
      1.106277972409366,
      1.073301994578689
    ],
    [
      1.1023319654053239,
      1.0661110522985056
    ],
    [
      1.1068428366720777,
      1.067743789685761
    ],
    [
      1.0937943576354463,
      1.0641578746931202
    ],
    [
      1.08870602803787,
      1.0686657210291945
    ],
    [
      1.1038203768722095,
      1.0588368706291702
    ],
    [
      1.097601446645514,
      1.062764159646736
    ],
    [
      1.1015198834051336,
      1.0649225965167464
    ],
    [
      1.074646128615752,
      1.0441504720100494
    ],
    [
      1.0945166700785938,
      1.056037833969
    ],
    [
      1.073819260387453,
      1.048638631648017
    ],
    [
      1.0815057380852966,
      1.0390363769886255
    ],
    [
      1.0927513772662723,
      1.0489826479942463
    ],
    [
      1.076742264240123,
      1.04466525461468
    ],
    [
      1.083845837285676,
      1.0437167389542117
    ],
    [
      1.0839569376003118,
      1.0577138856381127
    ],
    [
      1.0681512991183906,
      1.0393921326864795
    ],
    [
      1.075426429863105,
      1.041376303617926
    ],
    [
      1.0813452509655768,
      1.0363366131855147
    ]
  ],
  "tau_eff": [
    739.0,
    739.0,
    739.0,
    739.0,
    739.0,
    739.0,
    739.0,
    739.0,
    739.0,
    739.0,
    739.0,
    739.0,
    739.0,
    739.0,
    739.0,
    739.0,
    739.0,
    739.0,
    739.0,
    739.0,
    739.0,
    739.0,
    739.0,
    739.0,
    739.0,
    739.0,
    739.0,
    739.0,
    739.0,
    739.0,
    739.0,
    739.0,
    739.0,
    739.0,
    739.0,
    739.0
  ],
  "f1_macro": [
    0.4793921835142701,
    0.4699845764761831,
    0.48865177928904374,
    0.4677384955597216,
    0.4857229139777558,
    0.4603295249475422,
    0.4752000238362684,
    0.47049182049445015,
    0.49175002498104214,
    0.4916497436539661,
    0.4850410516085345,
    0.4964283687502052,
    0.5197479351792764,
    0.5061558682845351,
    0.4947850895128326,
    0.5093382252867751,
    0.5128912354089584,
    0.5060379055478628,
    0.4649256884151541,
    0.5157056536806012,
    0.5061910312454293,
    0.5118507105346138,
    0.5043968163191794,
    0.4977476030160677,
    0.5059663927766703,
    0.5217267585908741,
    0.5165052366228001,
    0.5004863729310122,
    0.5212282454526822,
    0.5175723768345583,
    0.5340075450058467,
    0.5167187866572603,
    0.5281514543489336,
    0.5308814905309789,
    0.5307583153214424,
    0.5331825396219207
  ],