{
  "rounds": [
    1,
    2,
    3,
    4,
    5,
    6,
    7,
    8,
    9,
    10,
    11,
    12,
    13,
    14,
    15,
    16,
    17,
    18,
    19,
    20,
    21,
    22,
    23,
    24,
    25,
    26,
    27,
    28,
    29,
    30,
    31,
    32,
    33,
    34,
    35,
    36,
    37,
    38,
    39
  ],
  "accuracy": [
    0.18958887902987281,
    0.19727891156462585,
    0.28955930198166224,
    0.22715173025732033,
    0.19698314108251996,
    0.20970127181307305,
    0.2966577935522035,
    0.23632061520260278,
    0.23661638568470866,
    0.21798284531203785,
    0.23957409050576753,
    0.28955930198166224,
    0.24578527062999111,
    0.19550428867199054,
    0.3034605146406389,
    0.23691215616681455,
    0.277136941733215,
    0.30967169476486245,
    0.30582667849748596,
    0.29547471162378,
    0.29961549837326235,
    0.24963028689736763,
    0.3194321206743567,
    0.3090801538006507,
    0.2718130730553091,
    0.2939958592132505,
    0.34782608695652173,
    0.28689736764270923,
    0.2759538598047915,
    0.31440402247855664,
    0.3046435965690624,
    0.3173617272996155,
    0.3280094646554274,
    0.28660159716060335,
    0.3120378586217096,
    0.29577048210588586,
    0.2942916296953564,
    0.27654540076900325,
    0.32593907128068617
  ],
  "loss": [
    1.8401284689594395,
    2.2231227743734943,
    2.2074626997990285,
    2.459184889714417,
    2.108282975651956,
    2.613868001825321,
    2.2143835682235715,
    2.448012864861182,
    2.162743798429816,
    2.2249601093737623,
    2.448237766249227,
    2.418240838592414,
    2.281459294279381,
    2.5197567579944398,
    2.5928216490368983,
    2.3275865216785476,
    2.3974728430385808,
    2.2912563328311415,
    2.3364521573542563,
    2.3911557598460957,
    2.6524314475249904,
    2.6558327743267385,
    2.5141901230537056,
    2.691013012190466,
    2.848605206752451,
    2.9216844278198484,
    2.973753802207263,
    2.8774676645200516,
    2.692540236317664,
    2.808291924384105,
    3.028243908583148,
    2.5561899397014267,
    3.0510024065733026,
    2.861519684808489,
    2.583446663147386,
    2.8475870377422967,
    2.569657801065668,
    2.316800142949377,
    2.647058890402511
  ],
  "communication_mb": [
    5.459510803222656,
    5.459510803222656,
    5.459510803222656,
    5.459510803222656,
    5.459510803222656,
    5.459510803222656,
    5.459510803222656,
    5.459510803222656,
    5.459510803222656,
    5.459510803222656,
    5.459510803222656,
    5.459510803222656,
    5.459510803222656,
    5.459510803222656,
    5.459510803222656,
    5.459510803222656,
    5.459510803222656,
    5.459510803222656,
    5.459510803222656,
    5.459510803222656,
    5.459510803222656,
    5.459510803222656,
    5.459510803222656,
    5.459510803222656,
    5.459510803222656,
    5.459510803222656,
    5.459510803222656,
    5.459510803222656,
    5.459510803222656,
    5.459510803222656,
    5.459510803222656,
    5.459510803222656,
    5.459510803222656,
    5.459510803222656,
    5.459510803222656,
    5.459510803222656,
    5.459510803222656,
    5.459510803222656,
    5.459510803222656
  ],
  "client_losses": [
    [
      1.5519354923493756
    ],
    [
      1.3981049700159949
    ],
    [
      1.429687862269821
    ],
    [
      1.3968026898770463
    ],
    [
      1.404858363889522
    ],
    [
      1.3856242634386886
    ],
    [
      1.3741254964542469
    ],
    [
      1.3616951877028531
    ],
    [
      1.3693903479514218
    ],
    [
      1.3926125662460476
    ],
    [
      1.3691633351103965
    ],
    [
      1.3551033956837963
    ],
    [
      1.362938293672273
    ],
    [
      1.3270770504934886
    ],
    [
      1.3291895721407103
    ],
    [
      1.3579056290130331
    ],
    [
      1.3362709466214668
    ],
    [
      1.3652713924638147
    ],
    [
      1.3448597327084608
    ],
    [
      1.3167216695332784
    ],
    [
      1.3183677293292333
    ],
    [
      1.3680516106915783
    ],
    [
      1.330172582444352
    ],
    [
      1.3115860842861744
    ],
    [
      1.3088456036734404
    ],
    [
      1.3195219787567631
    ],
    [
      1.32634464861839
    ],
    [
      1.2976994987220205
    ],
    [
      1.3250514507227857
    ],
    [
      1.303925045367533
    ],
    [
      1.2767086354647839
    ],
    [
      1.3545581312575943
    ],
    [
      1.2755633625856455
    ],
    [
      1.3189411879375934
    ],
    [
      1.2848192148365325
    ],
    [
      1.2618129739969417
    ],
    [
      1.3284082082350983
    ],
    [
      1.2776692776316538
    ],
    [
      1.2747736633630524
    ]
  ],
  "tau_eff": [
    227.0,
    227.0,
    227.0,
    227.0,
    227.0,
    227.0,
    227.0,
    227.0,
    227.0,
    227.0,
    227.0,
    227.0,
    227.0,
    227.0,
    227.0,
    227.0,
    227.0,
    227.0,
    227.0,
    227.0,
    227.0,
    227.0,
    227.0,
    227.0,
    227.0,
    227.0,
    227.0,
    227.0,
    227.0,
    227.0,
    227.0,
    227.0,
    227.0,
    227.0,
    227.0,
    227.0,
    227.0,
    227.0,
    227.0
  ],
  "f1_macro": [
    0.14937598915527436,
    0.1574345005303926,
    0.2591080312722104,
    0.18728046926293915,
    0.15592050392517592,
    0.1794801150631214,
    0.20396091685747453,
    0.18348750239069384,
    0.18920608436133696,
    0.17573736378058963,
    0.18515186648269927,
    0.20659450414727343,
    0.18785036824904472,
    0.15575881055536608,
    0.20257643108702564,
    0.18595224431641066,
    0.19785983398794457,
    0.20769403192658203,
    0.21786189926216482,
    0.20115683878154936,
    0.20181015028623234,
    0.2260863579602712,
    0.23416502150657587,
    0.22426021005301483,
    0.2107959196194437,
    0.26747732577737204,
    0.2664271011074763,
    0.20932047950738278,
    0.20462214277274446,
    0.2192533461959143,
    0.20176233972243587,
    0.22224334710638796,
    0.22195439483943172,
    0.20952344453764254,
    0.21612635113003603,
    0.20945732478218554,
    0.2087592589098076,
    0.20790188033803236,
    0.21256838243354595
  ],