{
  "rounds": [
    1,
    2,
    3,
    4,
    5,
    6,
    7,
    8,
    9,
    10,
    11,
    12,
    13,
    14,
    15,
    16,
    17,
    18,
    19,
    20,
    21,
    22,
    23,
    24,
    25,
    26,
    27,
    28,
    29,
    30,
    31,
    32,
    33,
    34,
    35,
    36,
    37,
    38,
    39,
    40,
    41,
    42,
    43,
    44,
    45,
    46,
    47,
    48,
    49,
    50,
    51,
    52,
    53,
    54,
    55,
    56,
    57,
    58,
    59,
    60,
    61,
    62,
    63,
    64,
    65,
    66,
    67,
    68,
    69,
    70,
    71,
    72,
    73,
    74,
    75,
    76,
    77,
    78,
    79,
    80,
    81,
    82,
    83,
    84,
    85,
    86,
    87,
    88,
    89,
    90,
    91,
    92,
    93,
    94,
    95,
    96,
    97,
    98,
    99,
    100,
    101,
    102,
    103,
    104,
    105,
    106,
    107,
    108,
    109,
    110,
    111,
    112,
    113,
    114,
    115,
    116,
    117,
    118,
    119,
    120
  ],
  "accuracy": [
    0.2153209109730849,
    0.225377107364685,
    0.2167997633836143,
    0.23099674652469684,
    0.23040520556048508,
    0.23898254954155576,
    0.22005323868677906,
    0.23809523809523808,
    0.21147589470570838,
    0.3087843833185448,
    0.24371487725524993,
    0.28955930198166224,
    0.259094942324756,
    0.22448979591836735,
    0.2528837622005324,
    0.2777284826974268,
    0.24726412304052056,
    0.23957409050576753,
    0.22301094350783793,
    0.2525879917184265,
    0.2712215320910973,
    0.29784087548062704,
    0.27802425317953267,
    0.21354628808044956,
    0.2815734989648033,
    0.22656018929310856,
    0.269446909198462,
    0.2540668441289559,
    0.2567287784679089,
    0.2650103519668737,
    0.2425317953268264,
    0.21798284531203785,
    0.21591245193729666,
    0.23425022182786157,
    0.23868677905944988,
    0.2522922212363206,
    0.21591245193729666,
    0.22005323868677906,
    0.2925170068027211,
    0.24874297545104998,
    0.27151730257320317,
    0.24341910677314404,
    0.25170068027210885,
    0.215025140490979,
    0.25613723750369716,
    0.2587991718426501,
    0.24460218870156758,
    0.2821650399290151,
    0.28305235137533274,
    0.26146110618160306,
    0.30612244897959184,
    0.3215025140490979,
    0.23513753327417924,
    0.2789115646258503,
    0.24312333629103816,
    0.2419402543626146,
    0.23425022182786157,
    0.2735876959479444,
    0.23217982845312038,
    0.2676722863058267,
    0.26826382727003845,
    0.2608695652173913,
    0.35048802129547474,
    0.2966577935522035,
    0.25968648328896776,
    0.2543626146110618,
    0.25317953268263826,
    0.2398698609878734,
    0.29606625258799174,
    0.2777284826974268,
    0.2818692694469092,
    0.27447500739426206,
    0.26796805678793256,
    0.2889677610174505,
    0.26471458148476784,
    0.2484472049689441,
    0.32623484176279205,
    0.2641230405205561,
    0.2777284826974268,
    0.2540668441289559,
    0.24341910677314404,
    0.30434782608695654,
    0.2626441881100266,
    0.23395445134575568,
    0.2792073351079562,
    0.27299615498373264,
    0.25377107364685003,
    0.2691511387163561,
    0.29961549837326235,
    0.26974267968056787,
    0.27802425317953267,
    0.28098195800059156,
    0.26648920437740314,
    0.24608104111209703,
    0.2626441881100266,
    0.25968648328896776,
    0.23957409050576753,
    0.2706299911268855,
    0.24903874593315586,
    0.29754510499852116,
    0.25820763087843834,
    0.25170068027210885,
    0.2422360248447205,
    0.2587991718426501,
    0.27861579414374443,
    0.24608104111209703,
    0.2570245489500148,
    0.2502218278615794,
    0.23868677905944988,
    0.2718130730553091,
    0.24578527062999111,
    0.2741792369121562,
    0.2641230405205561,
    0.2871931381248151,
    0.28955930198166224,
    0.2803904170363798,
    0.27299615498373264,
    0.24903874593315586,
    0.313516711032239,
    0.2558414670215912
  ],
  "loss": [
    1.8105575513360206,
    2.020778345941827,
    1.6399947118561706,
    1.929690452413212,
    1.7450326582413036,
    1.910643864439564,
    2.048383066549135,
    1.9390796164512916,
    2.312029126373772,
    2.2108464101051233,
    2.0566157658965376,
    1.9924031466783345,
    1.9483436817108826,
    1.7626161778406855,
    2.1909652609544477,
    2.1307915603575074,
    2.1581612690705865,
    2.041988587668576,
    2.044107865842973,
    2.145175219146291,
    2.2173258925429185,
    2.372225032512763,
    2.22542318790772,
    1.9287236379963588,
    2.192491604427867,
    2.421851669991027,
    1.8977995755156973,
    2.210050741901979,
    2.2644533232731496,
    1.8733962483393374,
    2.2247825033105504,
    1.823235843915694,
    2.0360173711548257,
    1.870464045597371,
    2.0290523580248205,
    2.211981445965207,
    2.1358554005023467,
    1.8084176506244443,
    2.5466763097060148,
    2.6227948127925416,
    2.19858918955819,
    2.400422963261146,
    2.3279247957022013,
    2.3429714713848333,
    2.2837366902309917,
    2.1055484164293543,
    2.534759765826397,
    2.760613468757433,
    2.599393817596413,
    2.478576618974218,
    2.2969738964638178,
    2.160077149259448,
    2.540832954939566,
    2.1024979412538065,
    2.463094520237417,
    2.2515342376952128,
    2.4317470961722774,
    2.71805058848537,
    2.1780835453908987,
    2.085410106397176,
    2.3093756115390716,
    2.465162729589377,
    2.3940491062831115,
    2.956335544022044,
    2.3917625053364016,
    2.609184422813129,
    2.6540962387492266,
    2.7962767778857507,
    2.646568334938259,
    2.7234586150079956,
    2.737804608103863,
    3.0202152618322455,
    2.722955129372936,
    2.4546797754707437,
    2.185243633575462,
    2.5366974845153982,
    2.009211813899336,
    2.700512973488664,
    2.310159055307327,
    2.649106577140133,
    2.448668483410034,
    2.536311882129614,
    3.3758975695096964,
    2.3718784503491097,
    2.951096918554004,
    2.176620967780934,
    2.6976437519302525,
    2.44961291176086,
    2.393450223563938,
    2.628892599601994,
    2.3888594035882282,
    3.0470227361677384,
    2.9703018717849017,
    2.5426127236469793,
    3.2231196609695645,
    2.569616433961333,
    3.061808540143405,
    2.935583386397228,
    3.0587672810694126,
    2.322511192328547,
    2.441123110695867,
    2.805428273435952,
    3.0521782643341586,
    3.052786059507919,
    3.289722034614561,
    3.0786354931385973,
    2.9170237517645994,
    3.153458473845298,
    3.2005639117132874,
    2.9666216611086496,
    3.7923454256037994,
    3.08178098379455,
    3.2122491185251194,
    2.961857293562507,
    2.8576778290152585,
    2.9796777163268335,
    3.2531751956646344,
    3.035166481619437,
    2.9430833481289658,
    3.1512235014158674
  ],