{
  "rounds": [
    1,
    2,
    3,
    4,
    5,
    6,
    7,
    8,
    9,
    10,
    11,
    12,
    13,
    14,
    15,
    16,
    17,
    18,
    19,
    20,
    21,
    22,
    23,
    24,
    25,
    26,
    27,
    28,
    29,
    30,
    31,
    32,
    33,
    34
  ],
  "accuracy": [
    0.14995563442768411,
    0.29991126885536823,
    0.10351966873706005,
    0.23129251700680273,
    0.3102632357290742,
    0.32416444838805086,
    0.22892635314995563,
    0.3593611357586513,
    0.0940550133096717,
    0.08488612836438923,
    0.1002661934338953,
    0.10913930789707187,
    0.14492753623188406,
    0.09494232475598935,
    0.09701271813073055,
    0.09582963620230701,
    0.012422360248447204,
    0.09464655427388347,
    0.3910085773439811,
    0.2629399585921325,
    0.10677314404022478,
    0.09316770186335403,
    0.10204081632653061,
    0.4622892635314996,
    0.24489795918367346,
    0.09464655427388347,
    0.4078674948240166,
    0.26796805678793256,
    0.28512274475007393,
    0.481810115350488,
    0.4755989352262644,
    0.4732327713694173,
    0.47264123040520556,
    0.47264123040520556
  ],
  "loss": [
    2.8659381850941297,
    4.644753433268157,
    7.96583051831015,
    7.962732863687122,
    7.7336062561369125,
    19.888474028620344,
    26.575929449493806,
    4.595175185171114,
    10.322006806083348,
    18.842454867403877,
    21.513767834211798,
    11.512600496935795,
    5.374807695142266,
    24.521625405407207,
    14.789063826851223,
    11.60665681213361,
    13.634753102841584,
    10.915981357882481,
    2.729395970054295,
    2.512412789657038,
    7.2694578159493615,
    6.330991752187869,
    7.921288892948497,
    2.5480710280361136,
    2.3685637875020733,
    9.983338188187183,
    1.4375771224516378,
    2.4863800979936945,
    1.594383218873009,
    1.4302407525340963,
    1.7597101694449486,
    1.275887623301486,
    1.2785246247407496,
    1.3438452980427373
  ],
  "communication_mb": [
    10.919021606445312,
    10.919021606445312,
    10.919021606445312,
    10.919021606445312,
    10.919021606445312,
    10.919021606445312,
    10.919021606445312,
    10.919021606445312,
    10.919021606445312,
    10.919021606445312,
    10.919021606445312,
    10.919021606445312,
    10.919021606445312,
    10.919021606445312,
    10.919021606445312,
    10.919021606445312,
    10.919021606445312,
    10.919021606445312,
    10.919021606445312,
    10.919021606445312,
    10.919021606445312,
    10.919021606445312,
    10.919021606445312,
    10.919021606445312,
    10.919021606445312,
    10.919021606445312,
    10.919021606445312,
    10.919021606445312,
    10.919021606445312,
    10.919021606445312,
    10.919021606445312,
    10.919021606445312,
    10.919021606445312,
    10.919021606445312
  ],
  "client_losses": [
    [
      1.4425763974829782,
      1.5610614827705727
    ],
    [
      2.018886980342784,
      2.3061508481195045
    ],
    [
      2.5718842891255984,
      3.389113268843016
    ],
    [
      2.8534774008649495,
      4.415720186388911
    ],
    [
      2.8020517312656827,
      4.327153321294882
    ],
    [
      3.1989384957547013,
      5.784900035294536
    ],
    [
      3.543177969562072,
      6.8688176765326014
    ],
    [
      3.5180600207670985,
      6.254484560699694
    ],
    [
      3.5950034833989353,
      6.0878208712035535
    ],
    [
      3.830653451689414,
      6.724105934516003
    ],
    [
      4.367822909290852,
      7.993539432371825
    ],
    [
      4.36365093537707,
      7.985993520820447
    ],
    [
      3.7596884818634217,
      5.938736434273877
    ],
    [
      3.608190836466492,
      6.120111529387943
    ],
    [
      4.2282813208950785,
      7.757657190279156
    ],
    [
      4.241571529826606,
      9.014899916294628
    ],
    [
      3.875943987845565,
      7.178406139132529
    ],
    [
      3.6623307169421615,
      6.047172907998107
    ],
    [
      3.218574390204626,
      5.760894258257369
    ],
    [
      3.052680360746286,
      4.962330397898503
    ],
    [
      2.91051075273213,
      4.431102026730274
    ],
    [
      3.1968450095843015,
      5.475941694299676
    ],
    [
      3.114538620750806,
      5.2501525930922455
    ],
    [
      2.6885515005058913,
      4.736056355375244
    ],
    [
      2.7934137777679777,
      4.878999167534239
    ],
    [
      3.046331725246072,
      5.106609510407531
    ],
    [
      2.667089247002076,
      4.834701766693866
    ],
    [
      2.489410021617235,
      4.596136409714221
    ],
    [
      2.527568244649442,
      3.6065262846115775
    ],
    [
      2.5278932364160016,
      3.617321360081607
    ],
    [
      2.540670273020418,
      4.524343055047175
    ],
    [
      2.9680567686895647,
      4.573654568350075
    ],
    [
      2.5537134419252623,
      3.6168391449745765
    ],
    [
      2.475660248399168,
      3.767467027802192
    ]
  ],
  "tau_eff": [
    1094.9980964467004,
    1094.9980964467004,
    1094.9980964467004,
    1094.9980964467004,
    1094.9980964467004,
    1094.9980964467004,
    1094.9980964467004,
    1094.9980964467004,
    1094.9980964467004,
    1094.9980964467004,
    1094.9980964467004,
    1094.9980964467004,
    1094.9980964467004,
    1094.9980964467004,
    1094.9980964467004,
    1094.9980964467004,
    1094.9980964467004,
    1094.9980964467004,
    1094.9980964467004,
    1094.9980964467004,
    1094.9980964467004,
    1094.9980964467004,
    1094.9980964467004,
    1094.9980964467004,
    1094.9980964467004,
    1094.9980964467004,
    1094.9980964467004,
    1094.9980964467004,
    1094.9980964467004,
    1094.9980964467004,
    1094.9980964467004,
    1094.9980964467004,
    1094.9980964467004,
    1094.9980964467004
  ],
  "f1_macro": [
    0.1090126859676556,
    0.11195777173165666,
    0.053413607397583406,
    0.12020145865120291,
    0.12143132334176795,
    0.09792271610453429,
    0.11348061098776205,
    0.1494911274002259,
    0.06258783686922134,
    0.04789150462163925,
    0.05675383877159309,
    0.06631865397522,
    0.07653291548069607,
    0.034683954619124796,
    0.050057481654447754,
    0.043656884684573696,
    0.006512991248803382,
    0.03458524723047825,
    0.16369440767432183,
    0.1082037103725629,
    0.06337586400002103,
    0.050352598694388705,
    0.06057468673486797,
    0.15919734553349038,
    0.1051012318513802,
    0.034641407307171856,
    0.18120291200469046,
    0.1220414119392216,
    0.11036314027139349,
    0.15784158648993718,
    0.13448735567789333,
    0.13244846334591537,
    0.1287401730307295,
    0.12837919260895764
  ],