{
  "rounds": [
    1,
    2,
    3,
    4,
    5,
    6,
    7,
    8,
    9,
    10,
    11,
    12,
    13,
    14,
    15,
    16,
    17,
    18,
    19,
    20,
    21,
    22,
    23,
    24,
    25,
    26,
    27,
    28,
    29,
    30,
    31,
    32,
    33,
    34,
    35
  ],
  "accuracy": [
    0.5844424726412304,
    0.5418515232179828,
    0.5871044069801834,
    0.5418515232179828,
    0.5462880804495711,
    0.5249926057379474,
    0.5989352262644189,
    0.5986394557823129,
    0.5661047027506655,
    0.5578231292517006,
    0.577639751552795,
    0.564921620822242,
    0.5720201123927832,
    0.5953859804791481,
    0.5471753918958888,
    0.5480627033422064,
    0.5758651286601597,
    0.5489500147885241,
    0.5927240461401952,
    0.577935522034901,
    0.5613723750369713,
    0.6092871931381248,
    0.5844424726412304,
    0.5805974563738538,
    0.5826678497485951,
    0.6051464063886424,
    0.6007098491570542,
    0.6246672582076309,
    0.5681750961254067,
    0.616681455190772,
    0.5681750961254067,
    0.5868086364980775,
    0.6045548654244306,
    0.6007098491570542,
    0.5968648328896776
  ],
  "loss": [
    1.168997821071662,
    1.2360725499440566,
    1.2062415370783204,
    1.157691650156508,
    1.1610274548997401,
    1.1087892943322746,
    1.1490181918258464,
    1.1889355182647705,
    1.1237772135860078,
    1.2194982127866882,
    1.104113068110983,
    1.1938306912978138,
    1.1173636082607203,
    1.1490673532291336,
    1.203229161840471,
    1.0396925800828953,
    1.1546361416058228,
    1.1149547485090932,
    1.133995770984978,
    1.1326550571426983,
    1.1031515216799186,
    1.0492688923395446,
    1.0851889965415036,
    1.0220480178171838,
    1.1462071351629854,
    1.0696570662414135,
    1.0883920496647543,
    1.018066037586193,
    1.1312083322879867,
    1.0332068477428653,
    1.0793371701233487,
    1.1362805699357195,
    1.0911547732896192,
    1.1284672130814886,
    1.177698122894436
  ],
  "communication_mb": [
    5.459510803222656,
    5.459510803222656,
    5.459510803222656,
    5.459510803222656,
    5.459510803222656,
    5.459510803222656,
    5.459510803222656,
    5.459510803222656,
    5.459510803222656,
    5.459510803222656,
    5.459510803222656,
    5.459510803222656,
    5.459510803222656,
    5.459510803222656,
    5.459510803222656,
    5.459510803222656,
    5.459510803222656,
    5.459510803222656,
    5.459510803222656,
    5.459510803222656,
    5.459510803222656,
    5.459510803222656,
    5.459510803222656,
    5.459510803222656,
    5.459510803222656,
    5.459510803222656,
    5.459510803222656,
    5.459510803222656,
    5.459510803222656,
    5.459510803222656,
    5.459510803222656,
    5.459510803222656,
    5.459510803222656,
    5.459510803222656,
    5.459510803222656
  ],
  "client_losses": [
    [
      1.465142324680727
    ],
    [
      1.384860643572226
    ],
    [
      1.379717819971414
    ],
    [
      1.3665201807541354
    ],
    [
      1.339708607188114
    ],
    [
      1.350757429129213
    ],
    [
      1.3445784022587866
    ],
    [
      1.3354123719202198
    ],
    [
      1.328438253953887
    ],
    [
      1.3335217932964265
    ],
    [
      1.3326894883193885
    ],
    [
      1.3108354100004838
    ],
    [
      1.3225943495911778
    ],
    [
      1.3261166808131073
    ],
    [
      1.3247298807065038
    ],
    [
      1.325411398395672
    ],
    [
      1.3154204113272987
    ],
    [
      1.3126167425463098
    ],
    [
      1.3154456413192965
    ],
    [
      1.320593440200406
    ],
    [
      1.317585304207518
    ],
    [
      1.312470403562101
    ],
    [
      1.2982714529566024
    ],
    [
      1.3117625225203051
    ],
    [
      1.3069180475795499
    ],
    [
      1.2900259344214189
    ],
    [
      1.2922539262616424
    ],
    [
      1.3081612448466278
    ],
    [
      1.297252089927006
    ],
    [
      1.3048968550101212
    ],
    [
      1.2785616408659686
    ],
    [
      1.3021545794003135
    ],
    [
      1.2821281819015695
    ],
    [
      1.2906739706848758
    ],
    [
      1.2831240298775528
    ]
  ],
  "tau_eff": [
    1252.0,
    1252.0,
    1252.0,
    1252.0,
    1252.0,
    1252.0,
    1252.0,
    1252.0,
    1252.0,
    1252.0,
    1252.0,
    1252.0,
    1252.0,
    1252.0,
    1252.0,
    1252.0,
    1252.0,
    1252.0,
    1252.0,
    1252.0,
    1252.0,
    1252.0,
    1252.0,
    1252.0,
    1252.0,
    1252.0,
    1252.0,
    1252.0,
    1252.0,
    1252.0,
    1252.0,
    1252.0,
    1252.0,
    1252.0,
    1252.0
  ],
  "f1_macro": [
    0.2793336348938012,
    0.2771785812595418,
    0.2938061340489428,
    0.28011551329602635,
    0.29512336663668226,
    0.2675802392769306,
    0.30900877144900646,
    0.3088477632884361,
    0.28965518655443956,
    0.28351737791855997,
    0.29376443209826997,
    0.300856033670864,
    0.30061383860916313,
    0.3102891275440075,
    0.28652481287789244,
    0.2833161166597904,
    0.2914821256589561,
    0.2820829397280441,
    0.2986250890901965,
    0.307925970859838,
    0.2843588439309256,
    0.30661988212165603,
    0.3080655752177482,
    0.3122480018502351,
    0.30358881382237835,
    0.31423774599186893,
    0.30595026727552105,
    0.3155840975204513,
    0.29618930649886227,
    0.32676683760201275,
    0.2950108099677012,
    0.31428021293404207,
    0.3155619079819673,
    0.31849660562128,
    0.32001974633553576
  ],