{
  "rounds": [
    1,
    2,
    3
  ],
  "accuracy": [
    0.23333333333333334,
    0.3333333333333333,
    0.3
  ],
  "loss": [
    1.6020984649658203,
    1.6055404901504517,
    1.6037512143452963
  ],
  "communication_mb": [
    10.919021606445312,
    10.919021606445312,
    10.919021606445312
  ],
  "client_losses": [
    [
      1.6682628949483236,
      1.6353152831395468
    ],
    [
      1.6192140897115073,
      1.604784941673279
    ],
    [
      1.628822135925293,
      1.6078497648239136
    ]
  ],
  "tau_eff": [
    8.0,
    8.0,
    8.0
  ],
  "f1_macro": [
    0.23948939948939948,
    0.3221001221001221,
    0.2888095238095238
  ],
  "per_class_f1": [
    [
      0.2,
      0.2857142857142857,
      0.18181818181818182,
      0.3076923076923077,
      0.2222222222222222
    ],
    [
      0.3333333333333333,
      0.2857142857142857,
      0.2222222222222222,
      0.3076923076923077,
      0.46153846153846156
    ],
    [
      0.2857142857142857,
      0.25,
      0.3333333333333333,
      0.2,
      0.375
    ]
  ],
  "round_duration_s": [
    0.716578483581543,
    0.08570671081542969,
    0.08134603500366211
  ]
}