{
  "rounds": [
    1,
    2,
    3,
    4,
    5,
    6,
    7,
    8,
    9,
    10,
    11,
    12,
    13,
    14,
    15,
    16,
    17,
    18,
    19,
    20,
    21,
    22,
    23,
    24,
    25,
    26,
    27,
    28,
    29,
    30,
    31,
    32,
    33,
    34,
    35,
    36,
    37,
    38,
    39,
    40,
    41,
    42,
    43,
    44,
    45,
    46
  ],
  "accuracy": [
    0.183969239869861,
    0.1774622892635315,
    0.277136941733215,
    0.2250813368825791,
    0.2419402543626146,
    0.2191659272404614,
    0.27270038450162676,
    0.25524992605737945,
    0.26441881100266196,
    0.20822241940254363,
    0.204673173617273,
    0.238391008577344,
    0.22034900916888495,
    0.19580005915409643,
    0.3215025140490979,
    0.18249038745933155,
    0.2922212363206152,
    0.29281277728482696,
    0.2419402543626146,
    0.24608104111209703,
    0.30286897367642707,
    0.2842354333037563,
    0.29162969535640343,
    0.2505175983436853,
    0.26471458148476784,
    0.2650103519668737,
    0.30405205560485066,
    0.2611653356994972,
    0.25199645075421473,
    0.2724046140195209,
    0.29547471162378,
    0.26648920437740314,
    0.24075717243419106,
    0.2522922212363206,
    0.2942916296953564,
    0.2792073351079562,
    0.2466725820763088,
    0.28630582667849747,
    0.2777284826974268,
    0.25140490979000296,
    0.23632061520260278,
    0.2587991718426501,
    0.2540668441289559,
    0.21887015675835553,
    0.2573203194321207,
    0.2505175983436853
  ],
  "loss": [
    1.8371683664485499,
    2.1227842164582595,
    2.3235504132902367,
    2.386246336736964,
    2.2448350120599154,
    2.4093956616072214,
    2.211650130982161,
    2.2079509568616364,
    2.1112561831104792,
    2.3050126506005193,
    2.5103194922323375,
    2.29605710686258,
    2.451787009495879,
    2.6209425645902713,
    2.827003521913609,
    2.6765258223197406,
    2.441761416572327,
    2.4207632120668943,
    2.5080890031793137,
    2.256785818138478,
    2.668676684890686,
    2.6232100065838333,
    2.703141682601405,
    2.583580964488131,
    3.009366673782922,
    2.9081219107185867,
    2.877863480649168,
    2.540207122846737,
    2.387837276272575,
    2.2604016653358214,
    2.8325744488647584,
    2.4276368660674366,
    2.6500249674813134,
    2.753576902798808,
    2.4425437235331544,
    2.9661549605832445,
    2.5171119063184726,
    2.567625806797753,
    2.7099455921511013,
    3.013215308780326,
    3.0332268316059627,
    2.8953269279697738,
    2.863098673198534,
    2.5466430723155895,
    3.297514068272931,
    3.042751871139754
  ],
  "communication_mb": [
    5.459510803222656,
    5.459510803222656,
    5.459510803222656,
    5.459510803222656,
    5.459510803222656,
    5.459510803222656,
    5.459510803222656,
    5.459510803222656,
    5.459510803222656,
    5.459510803222656,
    5.459510803222656,
    5.459510803222656,
    5.459510803222656,
    5.459510803222656,
    5.459510803222656,
    5.459510803222656,
    5.459510803222656,
    5.459510803222656,
    5.459510803222656,
    5.459510803222656,
    5.459510803222656,
    5.459510803222656,
    5.459510803222656,
    5.459510803222656,
    5.459510803222656,
    5.459510803222656,
    5.459510803222656,
    5.459510803222656,
    5.459510803222656,
    5.459510803222656,
    5.459510803222656,
    5.459510803222656,
    5.459510803222656,
    5.459510803222656,
    5.459510803222656,
    5.459510803222656,
    5.459510803222656,
    5.459510803222656,
    5.459510803222656,
    5.459510803222656,
    5.459510803222656,
    5.459510803222656,
    5.459510803222656,
    5.459510803222656,
    5.459510803222656,
    5.459510803222656
  ],
  "client_losses": [
    [
      1.5593151601102924
    ],
    [
      1.431524928713727
    ],
    [
      1.4350148806483731
    ],
    [
      1.401192103226321
    ],
    [
      1.3995767427524524
    ],
    [
      1.3972340547324082
    ],
    [
      1.3757797017080353
    ],
    [
      1.361364424047599
    ],
    [
      1.3770649597085796
    ],
    [
      1.3692761240200388
    ],
    [
      1.3756232261822323
    ],
    [
      1.3720917367237242
    ],
    [
      1.3565040460955666
    ],
    [
      1.3442970151830134
    ],
    [
      1.3220343454145522
    ],
    [
      1.3586741521752892
    ],
    [
      1.3522084935598366
    ],
    [
      1.3585662322787084
    ],
    [
      1.3391537393564943
    ],
    [
      1.3135138964396227
    ],
    [
      1.3163631964671418
    ],
    [
      1.3533003443645792
    ],
    [
      1.3025804433793662
    ],
    [
      1.321394652992413
    ],
    [
      1.2693937328993632
    ],
    [
      1.3195746334769125
    ],
    [
      1.3128932624256964
    ],
    [
      1.2921045255147432
    ],
    [
      1.3501191396503875
    ],
    [
      1.304617269761455
    ],
    [
      1.2636479834304004
    ],
    [
      1.3339578760687536
    ],
    [
      1.283312722485028
    ],
    [
      1.2815107876212186
    ],
    [
      1.270330611051561
    ],
    [
      1.2215641862580342
    ],
    [
      1.304764677167301
    ],
    [
      1.2653765063100149
    ],
    [
      1.247424650179092
    ],
    [
      1.2213546256767522
    ],
    [
      1.2660633621377795
    ],
    [
      1.238451812106646
    ],
    [
      1.2603221061117114
    ],
    [
      1.2622703460658067
    ],
    [
      1.2412567655706366
    ],
    [
      1.267131687823793
    ]
  ],
  "tau_eff": [
    227.0,
    227.0,
    227.0,
    227.0,
    227.0,
    227.0,
    227.0,
    227.0,
    227.0,
    227.0,
    227.0,
    227.0,
    227.0,
    227.0,
    227.0,
    227.0,
    227.0,
    227.0,
    227.0,
    227.0,
    227.0,
    227.0,
    227.0,
    227.0,
    227.0,
    227.0,
    227.0,
    227.0,
    227.0,
    227.0,
    227.0,
    227.0,
    227.0,
    227.0,
    227.0,
    227.0,
    227.0,
    227.0,
    227.0,
    227.0,
    227.0,
    227.0,
    227.0,
    227.0,
    227.0,
    227.0
  ],
  "f1_macro": [
    0.14688461157581342,
    0.13463546042167854,
    0.19334573335659513,
    0.18480605791658142,
    0.1951829152722,
    0.1755100117621892,
    0.2008598000174246,
    0.1887010925895207,
    0.19084909660332086,
    0.16499453812496095,
    0.16360647980654613,
    0.1849562268277868,
    0.17491828480349078,
    0.15428802346176257,
    0.2036862208752086,
    0.1428542924312785,
    0.18903980607035828,
    0.20137289926394075,
    0.18830584707646175,
    0.18665893882069326,
    0.2119386944685541,
    0.20820207441610022,
    0.21721986494259982,
    0.19605682766709032,
    0.20305457787625797,
    0.20630297580390003,
    0.22060347187091697,
    0.19948944266575772,
    0.19520442294674792,
    0.20402875031606546,
    0.19633779417699487,
    0.20031404629826027,
    0.18821270524982675,
    0.1939837602029746,
    0.19559440344686146,
    0.194087957670472,
    0.18869247961386493,
    0.20687344354291218,
    0.20696234811868167,
    0.19611010508358667,
    0.19252437304555767,
    0.19981576799188075,
    0.19452988704870583,
    0.19287227004639557,
    0.1950442567663972,
    0.19746424929734008
  ],