{
  "rounds": [
    1,
    2,
    3,
    4,
    5,
    6,
    7,
    8,
    9,
    10,
    11,
    12,
    13,
    14,
    15,
    16,
    17,
    18,
    19,
    20,
    21,
    22,
    23,
    24,
    25,
    26,
    27,
    28
  ],
  "accuracy": [
    0.10706891452233067,
    0.30996746524696833,
    0.1254066844128956,
    0.07985803016858918,
    0.2587991718426501,
    0.32416444838805086,
    0.1168293404318249,
    0.32416444838805086,
    0.09316770186335403,
    0.09168884945282461,
    0.09464655427388347,
    0.09494232475598935,
    0.09849157054125998,
    0.09494232475598935,
    0.09494232475598935,
    0.08636498077491866,
    0.0940550133096717,
    0.09464655427388347,
    0.09464655427388347,
    0.09464655427388347,
    0.09464655427388347,
    0.09494232475598935,
    0.09553386572020113,
    0.29991126885536823,
    0.09464655427388347,
    0.09464655427388347,
    0.09464655427388347,
    0.09464655427388347
  ],
  "loss": [
    10.896291765508057,
    15.877305759406237,
    26.280480728104283,
    50.253149834232055,
    39.84365024470747,
    121.56147859083129,
    173.3719658500448,
    96.25809680269654,
    169.8041408057045,
    235.9346782658376,
    293.95606587772994,
    305.1575793379406,
    118.50121029591779,
    357.34914320793706,
    262.06939921115355,
    212.5719450414974,
    247.9146863231642,
    285.3182846651526,
    442.9629257910705,
    277.6700697241363,
    563.9063017471977,
    276.9605385713484,
    444.4551542361648,
    397.32393291284967,
    716.7573815531647,
    872.1986632325952,
    898.4243694532203,
    963.046605883883
  ],
  "communication_mb": [
    10.919021606445312,
    10.919021606445312,
    10.919021606445312,
    10.919021606445312,
    10.919021606445312,
    10.919021606445312,
    10.919021606445312,
    10.919021606445312,
    10.919021606445312,
    10.919021606445312,
    10.919021606445312,
    10.919021606445312,
    10.919021606445312,
    10.919021606445312,
    10.919021606445312,
    10.919021606445312,
    10.919021606445312,
    10.919021606445312,
    10.919021606445312,
    10.919021606445312,
    10.919021606445312,
    10.919021606445312,
    10.919021606445312,
    10.919021606445312,
    10.919021606445312,
    10.919021606445312,
    10.919021606445312,
    10.919021606445312
  ],
  "client_losses": [
    [
      1.4414105316047825,
      1.555327296158254
    ],
    [
      3.9151704596010646,
      7.315666681361837
    ],
    [
      6.241661394849465,
      13.255642160069577
    ],
    [
      9.916663134084358,
      22.301146332120013
    ],
    [
      11.775746967821213,
      28.348320758727926
    ],
    [
      15.478680165225235,
      36.80379279968127
    ],
    [
      20.65001158259585,
      53.27929205421715
    ],
    [
      23.681580276051935,
      58.25186074105984
    ],
    [
      26.65854689850901,
      57.684369339794124
    ],
    [
      34.85347461848119,
      70.1078786757795
    ],
    [
      52.175007598181814,
      100.34918438548773
    ],
    [
      53.410443110032254,
      102.72430573731818
    ],
    [
      53.622660904915826,
      105.78609375109563
    ],
    [
      54.894547026762034,
      114.98479292900383
    ],
    [
      80.4385510534249,
      143.03264649735402
    ],
    [
      86.81211406140486,
      157.89463307007478
    ],
    [
      83.9803401036984,
      147.95185413797796
    ],
    [
      100.16464790025252,
      174.58973419096745
    ],
    [
      75.14677180607447,
      152.6478052484301
    ],
    [
      81.39288216403233,
      170.7242862340068
    ],
    [
      82.04314087713817,
      176.48130784012343
    ],
    [
      105.12525033457747,
      199.4890466082725
    ],
    [
      83.49546597209854,
      178.12146852161962
    ],
    [
      96.45393824052117,
      187.2091173089298
    ],
    [
      97.7156900140728,
      211.54322929350718
    ],
    [
      124.66842940894688,
      263.5682480218693
    ],
    [
      143.21752196436336,
      306.68605736809127
    ],
    [
      158.40510756876915,
      331.74809214990466
    ]
  ],
  "tau_eff": [
    1094.9980964467004,
    1094.9980964467004,
    1094.9980964467004,
    1094.9980964467004,
    1094.9980964467004,
    1094.9980964467004,
    1094.9980964467004,
    1094.9980964467004,
    1094.9980964467004,
    1094.9980964467004,
    1094.9980964467004,
    1094.9980964467004,
    1094.9980964467004,
    1094.9980964467004,
    1094.9980964467004,
    1094.9980964467004,
    1094.9980964467004,
    1094.9980964467004,
    1094.9980964467004,
    1094.9980964467004,
    1094.9980964467004,
    1094.9980964467004,
    1094.9980964467004,
    1094.9980964467004,
    1094.9980964467004,
    1094.9980964467004,
    1094.9980964467004,
    1094.9980964467004
  ],
  "f1_macro": [
    0.08195140953624316,
    0.09853301994955285,
    0.08022310824059278,
    0.044127769972209394,
    0.1049124123347593,
    0.09792271610453429,
    0.06066450874455305,
    0.09798837729101476,
    0.06330186828931736,
    0.06082884964912914,
    0.03458524723047825,
    0.034683954619124796,
    0.04452393567205136,
    0.034683954619124796,
    0.03469332612807349,
    0.03925444817718054,
    0.034706684856753066,
    0.03458524723047825,
    0.03458524723047825,
    0.03458524723047825,
    0.03458524723047825,
    0.04168807914186844,
    0.03671012284365182,
    0.09352086695872723,
    0.03458524723047825,
    0.03458524723047825,
    0.03458524723047825,
    0.03458524723047825
  ],