{
  "rounds": [
    1,
    2,
    3,
    4,
    5,
    6,
    7,
    8,
    9,
    10,
    11,
    12,
    13,
    14,
    15,
    16,
    17,
    18,
    19,
    20
  ],
  "accuracy": [
    0.621709553386572,
    0.5770482105885832,
    0.55427388346643,
    0.5507246376811594,
    0.6125406684412895,
    0.627033422064478,
    0.5167110322389825,
    0.6143152913339249,
    0.5959775214433599,
    0.5726116533569949,
    0.5998225377107365,
    0.5084294587400178,
    0.6205264714581484,
    0.5729074238391009,
    0.5036971310263235,
    0.5817805383022774,
    0.5947944395149364,
    0.611357586512866,
    0.5930198166223011,
    0.5962732919254659
  ],
  "loss": [
    1.1420253250098942,
    1.1901023107250566,
    1.1844139133321925,
    1.244738435152895,
    1.1377649848117732,
    1.0781098620068637,
    1.190775944685238,
    1.0717821777730747,
    1.1646219383362164,
    1.1475400342915898,
    1.146711798858022,
    1.1498040949512043,
    1.1237006927869335,
    1.1297471404816053,
    1.1639375078082261,
    1.2091111179922713,
    1.121802839891546,
    1.1878579978722859,
    1.1207760960630537,
    1.1196812148349449
  ],
  "communication_mb": [
    10.919021606445312,
    10.919021606445312,
    10.919021606445312,
    10.919021606445312,
    10.919021606445312,
    10.919021606445312,
    10.919021606445312,
    10.919021606445312,
    10.919021606445312,
    10.919021606445312,
    10.919021606445312,
    10.919021606445312,
    10.919021606445312,
    10.919021606445312,
    10.919021606445312,
    10.919021606445312,
    10.919021606445312,
    10.919021606445312,
    10.919021606445312,
    10.919021606445312
  ],
  "client_losses": [
    [
      1.3740246869213153,
      1.439020817680143
    ],
    [
      1.3299149121847047,
      1.3838629286877195
    ],
    [
      1.305740404531871,
      1.3889984177377666
    ],
    [
      1.2847884199890713,
      1.3653111545478596
    ],
    [
      1.2645833199376963,
      1.3731428338855185
    ],
    [
      1.2533041220682177,
      1.348960853765367
    ],
    [
      1.2489148841313806,
      1.3404177138075188
    ],
    [
      1.2444930760300332,
      1.3427245193046615
    ],
    [
      1.231611996411241,
      1.3506993570320516
    ],
    [
      1.2327742731275242,
      1.3670387670780473
    ],
    [
      1.2402373553319819,
      1.3446592314570558
    ],
    [
      1.2350045308166286,
      1.3795680183463581
    ],
    [
      1.2228621753983413,
      1.359986377977199
    ],
    [
      1.227645395325402,
      1.362362489421142
    ],
    [
      1.2191276786185221,
      1.3656597222553635
    ],
    [
      1.214713106837102,
      1.3552786856025532
    ],
    [
      1.22083503465218,
      1.3713017190171026
    ],
    [
      1.223468725798853,
      1.3656743510804494
    ],
    [
      1.2061678359389298,
      1.3487953616749087
    ],
    [
      1.206769545514229,
      1.3663179337879598
    ]
  ]
}