{
  "rounds": [
    1,
    2,
    3,
    4,
    5,
    6,
    7,
    8,
    9,
    10,
    11,
    12,
    13,
    14,
    15,
    16,
    17,
    18,
    19,
    20,
    21,
    22,
    23,
    24,
    25,
    26,
    27,
    28
  ],
  "accuracy": [
    0.04406980183377699,
    0.29281277728482696,
    0.36024844720496896,
    0.09494232475598935,
    0.32416444838805086,
    0.32416444838805086,
    0.1608991422656019,
    0.32416444838805086,
    0.08932268559597752,
    0.09494232475598935,
    0.09464655427388347,
    0.09494232475598935,
    0.13161786453711918,
    0.09494232475598935,
    0.09494232475598935,
    0.09228039041703638,
    0.09464655427388347,
    0.09464655427388347,
    0.09464655427388347,
    0.09464655427388347,
    0.09464655427388347,
    0.09080153800650695,
    0.09464655427388347,
    0.09849157054125998,
    0.09464655427388347,
    0.09464655427388347,
    0.09464655427388347,
    0.09464655427388347
  ],
  "loss": [
    58.2627911391395,
    70.03081060915576,
    65.68657348777232,
    517.5798497982753,
    211.51748548009556,
    885.5100272764506,
    879.120177482508,
    1098.624162152123,
    1895.4003010083852,
    2503.806878122343,
    3072.8602748398102,
    3284.53832567334,
    1483.1461809141965,
    2900.117683724305,
    2341.5880040662664,
    1995.0731483150325,
    2914.201203177857,
    4035.94225420722,
    7388.547657318702,
    4278.240140791371,
    6898.203077197251,
    2638.464972571909,
    7856.52414623713,
    6269.714569642395,
    8781.394754233215,
    10499.133698800511,
    13281.874237394517,
    14609.457256616131
  ],
  "communication_mb": [
    10.919021606445312,
    10.919021606445312,
    10.919021606445312,
    10.919021606445312,
    10.919021606445312,
    10.919021606445312,
    10.919021606445312,
    10.919021606445312,
    10.919021606445312,
    10.919021606445312,
    10.919021606445312,
    10.919021606445312,
    10.919021606445312,
    10.919021606445312,
    10.919021606445312,
    10.919021606445312,
    10.919021606445312,
    10.919021606445312,
    10.919021606445312,
    10.919021606445312,
    10.919021606445312,
    10.919021606445312,
    10.919021606445312,
    10.919021606445312,
    10.919021606445312,
    10.919021606445312,
    10.919021606445312,
    10.919021606445312
  ],
  "client_losses": [
    [
      1.4652177707626959,
      1.5606452261206525
    ],
    [
      16.330167398781942,
      41.81058965839427
    ],
    [
      37.50287313860038,
      86.10856195327098
    ],
    [
      81.62586132783002,
      142.83762959899312
    ],
    [
      119.1733706780286,
      248.1520533568291
    ],
    [
      148.57331443217626,
      284.3370495416683
    ],
    [
      272.28885368500755,
      520.6648962931619
    ],
    [
      324.34402322752493,
      568.8475995130942
    ],
    [
      377.68806533741065,
      684.1929440502303
    ],
    [
      491.2793273262654,
      831.8377576152187
    ],
    [
      703.6874769734743,
      1084.87376051942
    ],
    [
      731.4995661851344,
      1209.5774200869278
    ],
    [
      818.1992233995136,
      1296.5173390158564
    ],
    [
      865.6031477554819,
      1320.0506881380963
    ],
    [
      1090.5630401179915,
      1582.7872169492523
    ],
    [
      1160.9895949586419,
      1655.1837364350588
    ],
    [
      1168.2937002303486,
      1621.7485354596558
    ],
    [
      1415.370759619182,
      1953.706287045862
    ],
    [
      1353.1016019057713,
      2045.6575918632197
    ],
    [
      1628.2102322190892,
      2746.8911679280263
    ],
    [
      1781.2839118150143,
      2590.494114397244
    ],
    [
      2103.282044350348,
      3171.1338999742175
    ],
    [
      1791.6903999641502,
      2645.163289640859
    ],
    [
      1994.0332880967671,
      3000.2218330086216
    ],
    [
      2164.496104905784,
      3478.3797916558788
    ],
    [
      2547.2972458635,
      3963.5631609276425
    ],
    [
      2745.4791423611437,
      4369.837776380032
    ],
    [
      3209.545949536417,
      5363.073286687034
    ]
  ],
  "tau_eff": [
    1094.9980964467004,
    1094.9980964467004,
    1094.9980964467004,
    1094.9980964467004,
    1094.9980964467004,
    1094.9980964467004,
    1094.9980964467004,
    1094.9980964467004,
    1094.9980964467004,
    1094.9980964467004,
    1094.9980964467004,
    1094.9980964467004,
    1094.9980964467004,
    1094.9980964467004,
    1094.9980964467004,
    1094.9980964467004,
    1094.9980964467004,
    1094.9980964467004,
    1094.9980964467004,
    1094.9980964467004,
    1094.9980964467004,
    1094.9980964467004,
    1094.9980964467004,
    1094.9980964467004,
    1094.9980964467004,
    1094.9980964467004,
    1094.9980964467004,
    1094.9980964467004
  ],
  "f1_macro": [
    0.027253610962100754,
    0.11410626670879273,
    0.19904891578784012,
    0.034683954619124796,
    0.09792271610453429,
    0.09792271610453429,
    0.0978183095596868,
    0.09792271610453429,
    0.0469250342799839,
    0.03585343625808868,
    0.03458524723047825,
    0.034683954619124796,
    0.08937492102214306,
    0.034683954619124796,
    0.03469332612807349,
    0.041509842758397676,
    0.03462266702731945,
    0.03458524723047825,
    0.03458524723047825,
    0.03458524723047825,
    0.03458524723047825,
    0.04315135353920145,
    0.03458524723047825,
    0.04050370717037384,
    0.03458524723047825,
    0.03458524723047825,
    0.03458524723047825,
    0.03458524723047825
  ],