{
  "rounds": [
    1,
    2,
    3,
    4,
    5,
    6,
    7,
    8,
    9,
    10,
    11,
    12,
    13,
    14,
    15,
    16,
    17,
    18,
    19,
    20,
    21,
    22,
    23,
    24,
    25,
    26,
    27,
    28,
    29,
    30,
    31,
    32,
    33,
    34,
    35,
    36,
    37,
    38,
    39,
    40
  ],
  "accuracy": [
    0.5968648328896776,
    0.5306122448979592,
    0.6104702750665484,
    0.528541851523218,
    0.5501330967169477,
    0.5175983436853002,
    0.5740905057675244,
    0.5868086364980775,
    0.559597752144336,
    0.5359361135758651,
    0.564921620822242,
    0.564921620822242,
    0.5717243419106773,
    0.6013013901212659,
    0.554569653948536,
    0.5394853593611357,
    0.5876959479443952,
    0.5385980479148181,
    0.582963620230701,
    0.5566400473232771,
    0.5557527358769595,
    0.6081041112097013,
    0.5681750961254067,
    0.5853297840875481,
    0.5794143744454303,
    0.6279207335107956,
    0.6054421768707483,
    0.6285122744750073,
    0.5451049985211476,
    0.627033422064478,
    0.5853297840875481,
    0.5944986690328306,
    0.6045548654244306,
    0.6004140786749482,
    0.5723158828748891,
    0.5714285714285714,
    0.6116533569949719,
    0.6054421768707483,
    0.582963620230701,
    0.6116533569949719
  ],
  "loss": [
    1.137760821759648,
    1.264884375002708,
    1.2317297308447093,
    1.1253458837262627,
    1.1247049539408647,
    1.1490183704458585,
    1.1227392125714992,
    1.2179817074468522,
    1.1899309934014155,
    1.2396286846229714,
    1.1208318047042571,
    1.1769880938198538,
    1.1004106901129898,
    1.2200125556343302,
    1.1651736085706121,
    1.0949879502869329,
    1.2083941876130215,
    1.1770546047760164,
    1.1745974792597809,
    1.208140824821989,
    1.2038692590295474,
    1.1455996109867406,
    1.2230413051724822,
    1.1472630720807053,
    1.234250449316278,
    1.1157500779829728,
    1.1241206237106978,
    1.0515886721121634,
    1.1853964280109017,
    1.1142577259049053,
    1.1368833851863631,
    1.2122255811603844,
    1.206477587337996,
    1.252538760855719,
    1.2556193276856362,
    1.1935489227771054,
    1.1341333607885478,
    1.1672028691343428,
    1.1860484827273488,
    1.0423670472283577
  ],
  "communication_mb": [
    5.459510803222656,
    5.459510803222656,
    5.459510803222656,
    5.459510803222656,
    5.459510803222656,
    5.459510803222656,
    5.459510803222656,
    5.459510803222656,
    5.459510803222656,
    5.459510803222656,
    5.459510803222656,
    5.459510803222656,
    5.459510803222656,
    5.459510803222656,
    5.459510803222656,
    5.459510803222656,
    5.459510803222656,
    5.459510803222656,
    5.459510803222656,
    5.459510803222656,
    5.459510803222656,
    5.459510803222656,
    5.459510803222656,
    5.459510803222656,
    5.459510803222656,
    5.459510803222656,
    5.459510803222656,
    5.459510803222656,
    5.459510803222656,
    5.459510803222656,
    5.459510803222656,
    5.459510803222656,
    5.459510803222656,
    5.459510803222656,
    5.459510803222656,
    5.459510803222656,
    5.459510803222656,
    5.459510803222656,
    5.459510803222656,
    5.459510803222656
  ],
  "client_losses": [
    [
      1.457279289410101
    ],
    [
      1.3992741299030445
    ],
    [
      1.391580275284243
    ],
    [
      1.361173896152029
    ],
    [
      1.3472505317676842
    ],
    [
      1.3500703680666541
    ],
    [
      1.3467242721673094
    ],
    [
      1.3393031945535367
    ],
    [
      1.3274490463608026
    ],
    [
      1.3315613833666622
    ],
    [
      1.3254330267921195
    ],
    [
      1.3075967423744008
    ],
    [
      1.3038871126686087
    ],
    [
      1.3126625688802862
    ],
    [
      1.3170052940412338
    ],
    [
      1.306914160867821
    ],
    [
      1.301980815184355
    ],
    [
      1.3004904843524796
    ],
    [
      1.2949079667463712
    ],
    [
      1.2979301051056416
    ],
    [
      1.3065094259766719
    ],
    [
      1.3014795936078742
    ],
    [
      1.3002542838527937
    ],
    [
      1.2971011255193443
    ],
    [
      1.2944943289149622
    ],
    [
      1.2763198296431508
    ],
    [
      1.2823082137681892
    ],
    [
      1.3009875427623199
    ],
    [
      1.2761233530384457
    ],
    [
      1.2793102569364871
    ],
    [
      1.2780176056235861
    ],
    [
      1.2825461629953254
    ],
    [
      1.2705596335698595
    ],
    [
      1.280772171476527
    ],
    [
      1.265884060974072
    ],
    [
      1.2633150795479207
    ],
    [
      1.2728521244078346
    ],
    [
      1.2528522012682608
    ],
    [
      1.2546375967434542
    ],
    [
      1.2697703502809878
    ]
  ],
  "tau_eff": [
    1252.0,
    1252.0,
    1252.0,
    1252.0,
    1252.0,
    1252.0,
    1252.0,
    1252.0,
    1252.0,
    1252.0,
    1252.0,
    1252.0,
    1252.0,
    1252.0,
    1252.0,
    1252.0,
    1252.0,
    1252.0,
    1252.0,
    1252.0,
    1252.0,
    1252.0,
    1252.0,
    1252.0,
    1252.0,
    1252.0,
    1252.0,
    1252.0,
    1252.0,
    1252.0,
    1252.0,
    1252.0,
    1252.0,
    1252.0,
    1252.0,
    1252.0,
    1252.0,
    1252.0,
    1252.0,
    1252.0
  ],
  "f1_macro": [
    0.29618428912309747,
    0.2728644124520575,
    0.2825631499549477,
    0.27187637526731334,
    0.28924493712658744,
    0.2623161367169235,
    0.29756529476053684,
    0.29816226915650174,
    0.28834863835290314,
    0.26820599491662556,
    0.29253532927571324,
    0.3041963744329663,
    0.29564797901740936,
    0.31947344593947313,
    0.2916182385907862,
    0.28214980583582594,
    0.31167614356461926,
    0.28121919727167277,
    0.302720907275128,
    0.2990878367865054,
    0.28040512972465614,
    0.31233861160697,
    0.30137971896098564,
    0.31805012361264373,
    0.30869637654282317,
    0.3203833414604913,
    0.31603045595962287,
    0.3166629693520094,
    0.27811630720475444,
    0.32417522608446225,
    0.30595165248686346,
    0.31773703116780777,
    0.3134927150806304,
    0.3191048054509593,
    0.30589466247407715,
    0.2994330592798673,
    0.3247683865576711,
    0.3216752396080799,
    0.3192808056204558,
    0.3221239678408205
  ],