{
  "rounds": [
    1,
    2,
    3,
    4,
    5,
    6,
    7,
    8,
    9,
    10,
    11,
    12,
    13,
    14,
    15,
    16,
    17,
    18,
    19,
    20,
    21,
    22,
    23,
    24,
    25,
    26,
    27,
    28,
    29,
    30,
    31,
    32,
    33,
    34,
    35,
    36,
    37,
    38,
    39,
    40,
    41,
    42,
    43,
    44,
    45,
    46,
    47,
    48,
    49,
    50,
    51,
    52,
    53,
    54,
    55,
    56,
    57,
    58,
    59,
    60,
    61,
    62,
    63,
    64,
    65,
    66,
    67,
    68,
    69,
    70,
    71,
    72,
    73,
    74,
    75,
    76,
    77,
    78,
    79,
    80,
    81,
    82,
    83,
    84,
    85,
    86,
    87,
    88,
    89,
    90,
    91,
    92,
    93,
    94,
    95,
    96,
    97,
    98,
    99,
    100,
    101,
    102,
    103,
    104,
    105,
    106,
    107,
    108,
    109,
    110,
    111,
    112,
    113,
    114,
    115,
    116,
    117,
    118,
    119,
    120
  ],
  "accuracy": [
    0.5226264418811003,
    0.515527950310559,
    0.5406684412895593,
    0.5229222123632061,
    0.564921620822242,
    0.5708370304643596,
    0.6169772256728778,
    0.5406684412895593,
    0.6288080449571133,
    0.5785270629991127,
    0.5977521443359952,
    0.569949719018042,
    0.6054421768707483,
    0.603667553978113,
    0.5962732919254659,
    0.5261756876663709,
    0.5711328009464656,
    0.5507246376811594,
    0.6367938479739722,
    0.6057379473528541,
    0.5844424726412304,
    0.60100561963916,
    0.5989352262644189,
    0.5729074238391009,
    0.5681750961254067,
    0.5507246376811594,
    0.564921620822242,
    0.616681455190772,
    0.5749778172138421,
    0.6246672582076309,
    0.5797101449275363,
    0.5634427684117125,
    0.5915409642117717,
    0.5965690624075717,
    0.6154983732623485,
    0.5900621118012422,
    0.5666962437148773,
    0.5391895888790299,
    0.5915409642117717,
    0.5942028985507246,
    0.5522034900916889,
    0.6107660455486542,
    0.5998225377107365,
    0.6054421768707483,
    0.5693581780538303,
    0.6072167997633836,
    0.6024844720496895,
    0.5953859804791481,
    0.5974563738538894,
    0.6326530612244898,
    0.6364980774918663,
    0.5456965394853593,
    0.5903578822833481,
    0.6107660455486542,
    0.6163856847086661,
    0.5939071280686188,
    0.5962732919254659,
    0.6237799467613132,
    0.6548358473824313,
    0.5977521443359952,
    0.621709553386572,
    0.6149068322981367,
    0.6225968648328897,
    0.6418219461697723,
    0.6438923395445134,
    0.6015971606033718,
    0.5974563738538894,
    0.6376811594202898,
    0.6225968648328897,
    0.6228926353149956,
    0.621709553386572,
    0.6415261756876663,
    0.637089618456078,
    0.6625258799171843,
    0.587991718426501,
    0.616681455190772,
    0.6157941437444543,
    0.6382727003845017,
    0.5702454895001479,
    0.6075125702454895,
    0.5921325051759835,
    0.5927240461401952,
    0.6110618160307602,
    0.6237799467613132,
    0.6332446021887016,
    0.627033422064478,
    0.6086956521739131,
    0.6394557823129252,
    0.5942028985507246,
    0.6255545696539485,
    0.6660751257024549,
    0.6495119787045253,
    0.6563146997929606,
    0.6595681750961254,
    0.6433007985803016,
    0.6566104702750666,
    0.5953859804791481,
    0.5962732919254659,
    0.6125406684412895,
    0.611357586512866,
    0.6288080449571133,
    0.6187518485655131,
    0.6128364389233955,
    0.6288080449571133,
    0.6089914226560189,
    0.6092871931381248,
    0.5888790298728187,
    0.6116533569949719,
    0.6092871931381248,
    0.6518781425613723,
    0.6282165039929015,
    0.6225968648328897,
    0.6122448979591837,
    0.6362023070097604,
    0.6518781425613723,
    0.6083998816918071,
    0.6403430937592428,
    0.6083998816918071,
    0.627033422064478,
    0.5826678497485951
  ],
  "loss": [
    1.2105935237634045,
    1.1919765723805849,
    1.168265601933549,
    1.244467867016616,
    1.241563082517022,
    1.165436562755622,
    1.1116677447558507,
    1.1707221648989963,
    1.1170881838884554,
    1.0971045503246823,
    1.0087633552511779,
    1.1181673844937423,
    1.063606168454443,
    1.084567768479973,
    1.0569965647579262,
    1.1162934341362967,
    1.1270898144402401,
    1.1401365724268555,
    1.0478868013794906,
    0.9921193724375299,
    1.054685543007274,
    1.0642435853913563,
    1.0334276533874314,
    1.0665416071591947,
    1.038179946241912,
    1.0424521089622658,
    1.0230195251522385,
    0.9917321872936836,
    0.9693924526038589,
    1.0123984222403648,
    1.0134513482508734,
    1.0286976013335911,
    1.056586239895712,
    1.0363057305283252,
    1.048317947813619,
    1.0098578701425467,
    1.0588345452900716,
    1.0371388785411042,
    1.0082981865704324,
    1.0173097228341044,
    1.0749381585996978,
    1.022614442889629,
    1.014837243612685,
    0.963725706346992,
    0.9931950722527695,
    1.0079025027668007,
    0.9975300446941598,
    0.9972253640492758,
    1.041303764183611,
    0.9637881089018422,
    1.0053921586766958,
    1.0315065875415863,
    1.0037206040793925,
    0.9365106442382934,
    0.9555858393034192,
    0.9600568321533226,
    0.979767955643508,
    0.9822910909503213,
    0.9484739081107171,
    0.9723591926499112,
    0.9654809314447971,
    0.9981704416517604,
    0.9660013137714145,
    0.9684772396962059,
    0.9519898114349672,
    0.9335918989945925,
    0.9467878153393939,
    0.9665830858146535,
    0.9852060101082324,
    0.9542831921499885,
    0.968451270335033,
    0.9562874223240309,
    0.912801124823231,
    0.9341594517777496,
    1.014125529212805,
    0.9880793275158986,
    0.9897263910036332,
    0.9482783661971815,
    1.0176533920741653,
    1.0084267116728283,
    0.9783043809559034,
    1.0100617775441767,
    0.9674654922623566,
    0.9150960829017502,
    0.9794685010619504,
    0.9460280618171162,
    0.977449484105577,
    0.9288567895545159,
    0.9877095087080162,
    0.9355147662370101,
    0.8971178178003081,
    0.9103097831733972,
    0.9080195041917125,
    0.926503784555685,
    0.9267840480282616,
    0.9425234823528742,
    0.9841233401988181,
    1.0092211289012336,
    0.9851923701115101,
    0.9674563449503084,
    0.9821256496115783,
    0.9363058061156884,
    0.9698781760547754,
    0.9281150255990219,
    0.9692701913308406,
    0.9576269874414796,
    0.9782887499419164,
    0.920762170598691,
    0.9529761721205691,
    0.9544138006824109,
    0.9357218003350579,
    0.9157542813568206,
    0.9218035364813862,
    0.9641896748958837,
    0.9250650286004586,
    0.9687997108026215,
    0.9388828127386302,
    0.9666932375957824,
    0.9221344286786914,
    1.0478871748737244
  ],