{
  "rounds": [
    1,
    2,
    3,
    4,
    5,
    6,
    7,
    8,
    9,
    10,
    11,
    12,
    13,
    14,
    15,
    16,
    17,
    18,
    19,
    20,
    21,
    22,
    23,
    24,
    25,
    26,
    27,
    28,
    29,
    30,
    31,
    32,
    33,
    34,
    35,
    36,
    37,
    38,
    39,
    40,
    41,
    42,
    43,
    44,
    45,
    46,
    47,
    48,
    49,
    50,
    51,
    52,
    53,
    54,
    55,
    56,
    57,
    58,
    59,
    60,
    61,
    62,
    63,
    64,
    65,
    66,
    67,
    68,
    69,
    70,
    71,
    72,
    73,
    74,
    75,
    76,
    77,
    78,
    79,
    80,
    81,
    82,
    83,
    84,
    85,
    86,
    87,
    88,
    89,
    90,
    91,
    92,
    93,
    94,
    95,
    96,
    97,
    98,
    99,
    100,
    101,
    102,
    103,
    104,
    105,
    106,
    107,
    108,
    109,
    110,
    111,
    112,
    113,
    114,
    115,
    116,
    117,
    118,
    119,
    120
  ],
  "accuracy": [
    0.45785270629991126,
    0.5814847678201716,
    0.5072463768115942,
    0.5557527358769595,
    0.5483584738243124,
    0.4927536231884058,
    0.6258503401360545,
    0.5841467021591246,
    0.5865128660159716,
    0.6039633244602188,
    0.5717243419106773,
    0.6305826678497486,
    0.6081041112097013,
    0.6409346347234546,
    0.6202307009760426,
    0.637089618456078,
    0.621709553386572,
    0.582963620230701,
    0.6163856847086661,
    0.5572315882874889,
    0.6252587991718427,
    0.663117420881396,
    0.642413487133984,
    0.6187518485655131,
    0.6959479443951494,
    0.5406684412895593,
    0.6214137829044661,
    0.6793847973972198,
    0.6190476190476191,
    0.6713989943803609,
    0.6415261756876663,
    0.5995267672286306,
    0.6187518485655131,
    0.6160899142265602,
    0.6601597160603372,
    0.6483288967761017,
    0.6708074534161491,
    0.6438923395445134,
    0.6577935522034901,
    0.6364980774918663,
    0.663117420881396,
    0.6320615202602781,
    0.6586808636498077,
    0.6870748299319728,
    0.6569062407571724,
    0.6237799467613132,
    0.6619343389529725,
    0.6586808636498077,
    0.6885536823425022,
    0.642413487133984,
    0.6385684708666075,
    0.6506950606329488,
    0.6719905353445726,
    0.6858917480035492,
    0.6169772256728778,
    0.5874001774622892,
    0.6152026027802425,
    0.6069210292812778,
    0.6181603076013014,
    0.65276545400769,
    0.6690328305235137,
    0.6539485359361136,
    0.6619343389529725,
    0.6092871931381248,
    0.6184560780834073,
    0.5912451937296658,
    0.6876663708961845,
    0.6157941437444543,
    0.6796805678793256,
    0.6622301094350784,
    0.6193433895297249,
    0.678793256433008,
    0.6483288967761017,
    0.6382727003845017,
    0.6435965690624076,
    0.6456669624371487,
    0.6681455190771961,
    0.6001183081928424,
    0.6823425022182786,
    0.6572020112392783,
    0.6169772256728778,
    0.627033422064478,
    0.6577935522034901,
    0.6758355516119491,
    0.6421177166518781,
    0.6240757172434191,
    0.6462585034013606,
    0.6444838805087252,
    0.6456669624371487,
    0.6829340431824904,
    0.6385684708666075,
    0.6725820763087844,
    0.665779355220349,
    0.65276545400769,
    0.6921029281277729,
    0.6157941437444543,
    0.6539485359361136,
    0.6820467317361727,
    0.6790890269151139,
    0.6335403726708074,
    0.6965394853593612,
    0.6433007985803016,
    0.6486246672582077,
    0.6574977817213842,
    0.7018633540372671,
    0.6666666666666666,
    0.6518781425613723,
    0.650399290150843,
    0.663117420881396,
    0.6669624371487726,
    0.6249630286897367,
    0.6841171251109139,
    0.6663708961845608,
    0.6711032238982549,
    0.6438923395445134,
    0.6577935522034901,
    0.6291038154392191,
    0.6625258799171843,
    0.6512866015971606,
    0.658089322685596
  ],
  "loss": [
    1.185455668011349,
    1.1589194935336335,
    1.1624260476904134,
    1.0606237981700926,
    1.0623732894456306,
    1.1931360149059167,
    0.9795484255841765,
    1.0441466285363699,
    0.9982663680025544,
    0.9732084390645336,
    0.9402960760640661,
    0.932864940402706,
    0.9064042448327584,
    0.8378672580752843,
    0.9962063296170532,
    0.8705844421141319,
    0.8993685414049971,
    0.9410185175194468,
    0.9373586334374063,
    1.0061623969750797,
    0.8542627071847722,
    0.8938310100143035,
    0.9079548480488852,
    0.9271004100552468,
    0.8500235843185983,
    1.0680802730511223,
    0.8453657587087214,
    0.8679025656229926,
    0.9420920363970319,
    0.8511674127364364,
    0.9140976274976079,
    0.8829412835831122,
    0.976124547494653,
    0.8580913757015636,
    0.8951101178637767,
    0.8537690088756689,
    0.8320394735017566,
    0.838488227268254,
    0.8686714474529389,
    0.8496957856217491,
    0.8574098376471839,
    0.9015650497460217,
    0.8410551883665918,
    0.8248574413586143,
    0.8550655008666933,
    0.8779639202403937,
    0.8462915349309876,
    0.855356222953503,
    0.8069262000732399,
    0.8761978735411813,
    0.9123222126618041,
    0.8590656100769292,
    0.8260196136744267,
    0.8075831180773907,
    0.9045743322414747,
    0.9334582978541666,
    0.9193948288000536,
    0.9398428203438345,
    0.8866339295053581,
    0.8439006467290053,
    0.8361438270575617,
    0.8859264691952804,
    0.852087522039608,
    0.9498793212875958,
    0.8802140988883307,
    0.95399750558909,
    0.81252735333131,
    0.9113460955835595,
    0.8035603017893038,
    0.8244528916064751,
    0.9145657559606106,
    0.8127784262885359,
    0.8725030672899261,
    0.8997253254650965,
    0.8622362728268393,
    0.8596350978867114,
    0.8100821498017874,
    0.9638867120847163,
    0.8061804857101711,
    0.8755313448566052,
    0.855317857271819,
    0.897543171495067,
    0.8515560935848883,
    0.8088148585511044,
    0.8658100008717728,
    0.8725033441756259,
    0.8641122011558715,
    0.8766684306157971,
    0.8398262489057088,
    0.7980280866005194,
    0.8650716231159119,
    0.8207536987283814,
    0.8451331515031536,
    0.8457022673700801,
    0.778442488165164,
    0.9538691639018743,
    0.815742963201652,
    0.794668812189043,
    0.8347994503415008,
    0.8672898800124151,
    0.8199655657440768,
    0.85107889171184,
    0.8421451967166607,
    0.8352966230319683,
    0.8007203131446963,
    0.8117414835253188,
    0.8691565588147497,
    0.8363544412951115,
    0.8504645188720013,
    0.8494299631505209,
    0.8918093375925551,
    0.7961499597574261,
    0.8233697207430276,
    0.8040573778888666,
    0.8513363452043734,
    0.8307301652956841,
    0.9073382424588953,
    0.835814277613103,
    0.819075480610335,
    0.8422645924360009
  ],