{
  "rounds": [
    1,
    2,
    3,
    4,
    5,
    6,
    7,
    8,
    9,
    10,
    11,
    12,
    13,
    14,
    15,
    16,
    17,
    18,
    19,
    20,
    21,
    22,
    23,
    24,
    25,
    26,
    27,
    28,
    29,
    30,
    31,
    32,
    33,
    34,
    35,
    36,
    37,
    38,
    39,
    40,
    41,
    42,
    43,
    44,
    45,
    46,
    47,
    48,
    49,
    50,
    51,
    52,
    53,
    54,
    55,
    56,
    57,
    58,
    59,
    60,
    61,
    62,
    63,
    64,
    65,
    66,
    67,
    68,
    69,
    70,
    71,
    72,
    73,
    74,
    75,
    76,
    77,
    78,
    79,
    80,
    81,
    82,
    83,
    84,
    85,
    86,
    87,
    88,
    89,
    90,
    91,
    92,
    93,
    94,
    95,
    96,
    97,
    98,
    99,
    100,
    101,
    102,
    103,
    104,
    105,
    106,
    107,
    108,
    109,
    110,
    111,
    112,
    113,
    114,
    115,
    116,
    117,
    118,
    119,
    120
  ],
  "accuracy": [
    0.2605737947352854,
    0.2377994676131322,
    0.21591245193729666,
    0.2573203194321207,
    0.2360248447204969,
    0.21147589470570838,
    0.24578527062999111,
    0.21975746820467318,
    0.22833481218574386,
    0.24371487725524993,
    0.24578527062999111,
    0.2558414670215912,
    0.2656018929310855,
    0.23543330375628513,
    0.27447500739426206,
    0.31588287488908606,
    0.2608695652173913,
    0.2880804495711328,
    0.2318840579710145,
    0.2919254658385093,
    0.25613723750369716,
    0.3194321206743567,
    0.2972493345164153,
    0.24489795918367346,
    0.29991126885536823,
    0.2836438923395445,
    0.2987281869269447,
    0.272108843537415,
    0.27477077787636794,
    0.279798876072168,
    0.23661638568470866,
    0.25968648328896776,
    0.2800946465542739,
    0.26619343389529726,
    0.2839396628216504,
    0.27624963028689736,
    0.2857142857142857,
    0.2567287784679089,
    0.2641230405205561,
    0.2576160899142266,
    0.2803904170363798,
    0.2718130730553091,
    0.2567287784679089,
    0.2718130730553091,
    0.266784974859509,
    0.2795031055900621,
    0.2318840579710145,
    0.28453120378586216,
    0.2626441881100266,
    0.2774327122153209,
    0.2806861875184857,
    0.2505175983436853,
    0.2605737947352854,
    0.26441881100266196,
    0.27477077787636794,
    0.313516711032239,
    0.2605737947352854,
    0.29310854776693285,
    0.27684117125110913,
    0.3173617272996155,
    0.30582667849748596,
    0.27654540076900325,
    0.3430937592428276,
    0.33717834960070986,
    0.3105590062111801,
    0.30967169476486245,
    0.3034605146406389,
    0.2795031055900621,
    0.29133392487429755,
    0.28955930198166224,
    0.2738834664300503,
    0.279798876072168,
    0.26323572907423837,
    0.2777284826974268,
    0.25998225377107365,
    0.24519372966577935,
    0.28689736764270923,
    0.2626441881100266,
    0.25613723750369716,
    0.2593907128068619,
    0.26648920437740314,
    0.31588287488908606,
    0.2709257616089914,
    0.24608104111209703,
    0.28098195800059156,
    0.28689736764270923,
    0.2593907128068619,
    0.26648920437740314,
    0.2484472049689441,
    0.2525879917184265,
    0.2611653356994972,
    0.27477077787636794,
    0.27684117125110913,
    0.266784974859509,
    0.24489795918367346,
    0.27151730257320317,
    0.26175687666370895,
    0.2466725820763088,
    0.2558414670215912,
    0.4004732327713694,
    0.2528837622005324,
    0.26441881100266196,
    0.2795031055900621,
    0.2623484176279207,
    0.3105590062111801,
    0.2803904170363798,
    0.24548950014788523,
    0.24046140195208518,
    0.25170068027210885,
    0.27861579414374443,
    0.2587991718426501,
    0.27003845016267375,
    0.2623484176279207,
    0.266784974859509,
    0.24134871339840283,
    0.28955930198166224,
    0.2753623188405797,
    0.24874297545104998,
    0.2543626146110618,
    0.24164448388050871
  ],
  "loss": [
    1.7245297351556217,
    2.072254419608851,
    1.984650405403144,
    2.37375811785151,
    2.0011165143117084,
    1.808762815956955,
    2.1770331714323237,
    1.8613714049885661,
    2.2298829466307244,
    2.1208082456554895,
    2.1811851310292774,
    2.4161320607784194,
    2.0815258856110233,
    1.8395349606717348,
    2.2840384218474883,
    2.449519678108511,
    2.118412897030442,
    2.2673467572219836,
    2.314640408047414,
    2.3359807020318257,
    2.5596004400828716,
    2.8142188644310457,
    2.564960911548268,
    2.2292796995681408,
    2.5704051155340246,
    2.59906906991342,
    1.9808824524587514,
    2.4237410764093408,
    2.2924440236741783,
    2.1718573356231827,
    2.3358270243687307,
    1.7569318102929974,
    2.1535141591453155,
    1.996788187620732,
    2.206246144388668,
    1.9661806479814807,
    2.2201682643684473,
    2.0738798053050953,
    2.350804957966944,
    2.89154638654556,
    2.2462191525312334,
    2.61946009129894,
    2.2877173362417147,
    2.344272365093372,
    2.1905301905214274,
    1.8919624095836076,
    2.542673007160628,
    2.890060476670072,
    2.4504910692312563,
    2.7325897619449964,
    2.510822833765544,
    2.2510218776495843,
    2.211631087148306,
    1.9771650041993714,
    2.164445741364886,
    1.7426343232842811,
    2.529254797188286,
    2.528546697181627,
    2.2405064006205744,
    2.7393509153429836,
    2.5774897122587617,
    3.199017349625085,
    3.2511897945291226,
    3.4629565709020147,
    3.1127692906329774,
    3.3771886472623045,
    3.076535551620637,
    3.3907895217242237,
    2.894138781462362,
    2.761562982348781,
    2.743999295882028,
    3.169802690461979,
    2.8327723507061755,
    2.824435703643713,
    2.257700940202376,
    2.361889796721022,
    3.0742943370811195,
    3.137087186318606,
    2.9137838077911855,
    3.2085866892136825,
    2.579592431025264,
    2.600806429484158,
    3.3523985268413155,
    3.1983727609148676,
    3.0584486394336117,
    2.743931537124399,
    3.1883466604086674,
    3.3498576030827105,
    2.9770290938329147,
    2.864623974498578,
    2.7294467754245546,
    3.326381228231742,
    2.841311792479715,
    2.693856628714705,
    3.183878091763054,
    2.784694394427832,
    2.9530029852550364,
    3.417345654714111,
    3.5767471870703305,
    2.330464090478734,
    2.9377366872413453,
    2.7423720292105753,
    3.2771260797607233,
    3.849314699297084,
    3.8337350784410074,
    3.680580135986883,
    3.509664948047953,
    3.58609944918705,
    3.229250888082622,
    2.778112869155509,
    3.4631417227792727,
    3.1666234363927113,
    3.3323573195980134,
    3.330786471041093,
    3.51397575784879,
    4.257343137451122,
    4.301311821177386,
    3.5923121914078027,
    3.8411365807038798,
    3.9396752198396157
  ],