{
  "rounds": [
    1,
    2,
    3,
    4,
    5
  ],
  "accuracy": [
    0.13333333333333333,
    0.13333333333333333,
    0.13333333333333333,
    0.13333333333333333,
    0.13333333333333333
  ],
  "loss": [
    36.24836171468099,
    57.011982981363936,
    131.45614115397134,
    198.46359049479167,
    177.89781087239584
  ],
  "communication_mb": [
    10.919021606445312,
    10.919021606445312,
    10.919021606445312,
    10.919021606445312,
    10.919021606445312
  ],
  "client_losses": [
    [
      1.6682628949483236,
      1.6353152831395468
    ],
    [
      30.862267684936523,
      35.13407936096191
    ],
    [
      45.680045954386394,
      49.9558962504069
    ],
    [
      105.62877553304037,
      109.36818440755208
    ],
    [
      172.00743306477864,
      167.72357584635418
    ]
  ],
  "tau_eff": [
    8.0,
    8.0,
    8.0,
    8.0,
    8.0
  ],
  "f1_macro": [
    0.047058823529411764,
    0.047058823529411764,
    0.047058823529411764,
    0.047058823529411764,
    0.047058823529411764
  ],
  "per_class_f1": [
    [
      0.0,
      0.0,
      0.0,
      0.0,
      0.23529411764705882
    ],
    [
      0.0,
      0.0,
      0.0,
      0.0,
      0.23529411764705882
    ],
    [
      0.0,
      0.0,
      0.0,
      0.0,
      0.23529411764705882
    ],
    [
      0.0,
      0.0,
      0.0,
      0.0,
      0.23529411764705882
    ],
    [
      0.0,
      0.0,
      0.0,
      0.0,
      0.23529411764705882
    ]
  ],
  "round_duration_s": [
    0.3574366569519043,
    0.19687461853027344,
    0.2185823917388916,
    0.22692370414733887,
    0.22896385192871094
  ]
}