{
  "rounds": [
    1,
    2,
    3,
    4,
    5,
    6,
    7,
    8,
    9,
    10,
    11,
    12,
    13,
    14,
    15,
    16,
    17,
    18,
    19,
    20,
    21,
    22,
    23
  ],
  "accuracy": [
    0.03430937592428276,
    0.2937000887311446,
    0.367938479739722,
    0.09494232475598935,
    0.32416444838805086,
    0.32416444838805086,
    0.16711032238982548,
    0.32416444838805086,
    0.0899142265601893,
    0.09464655427388347,
    0.09464655427388347,
    0.09494232475598935,
    0.1292517006802721,
    0.09494232475598935,
    0.09464655427388347,
    0.09287193138124815,
    0.09435078379177758,
    0.09464655427388347,
    0.09464655427388347,
    0.09464655427388347,
    0.09464655427388347,
    0.08636498077491866,
    0.09464655427388347
  ],
  "loss": [
    58.34344480616635,
    69.42548107247633,
    64.57040016469925,
    519.4933954400799,
    211.03418537400523,
    882.4840907108428,
    868.7520647881053,
    1102.8414574899252,
    1873.3606078478754,
    2509.2181899965744,
    3075.4233395910164,
    3283.3499768135007,
    1515.9426735644156,
    2914.0924353521978,
    2371.7717399969497,
    2018.711800549024,
    2920.690270501458,
    4083.97922782819,
    7340.99094484516,
    4244.461303458204,
    6900.47433093482,
    2643.5887403152497,
    7887.1584515982
  ],
  "communication_mb": [
    10.919021606445312,
    10.919021606445312,
    10.919021606445312,
    10.919021606445312,
    10.919021606445312,
    10.919021606445312,
    10.919021606445312,
    10.919021606445312,
    10.919021606445312,
    10.919021606445312,
    10.919021606445312,
    10.919021606445312,
    10.919021606445312,
    10.919021606445312,
    10.919021606445312,
    10.919021606445312,
    10.919021606445312,
    10.919021606445312,
    10.919021606445312,
    10.919021606445312,
    10.919021606445312,
    10.919021606445312,
    10.919021606445312
  ],
  "client_losses": [
    [
      1.4626496178006143,
      1.5578991056509157
    ],
    [
      16.31725365568085,
      40.006938594574756
    ],
    [
      38.001526318085205,
      85.825109374882
    ],
    [
      81.96075525774013,
      143.37789496227182
    ],
    [
      121.92552334624301,
      251.52209227824534
    ],
    [
      149.35742336779876,
      286.326388098067
    ],
    [
      267.8827081847318,
      521.2681307283036
    ],
    [
      323.13769725119477,
      571.9505305591784
    ],
    [
      380.8762563633701,
      682.8772489541935
    ],
    [
      496.74404417808086,
      838.6137749335609
    ],
    [
      704.3006134482911,
      1096.8940272759219
    ],
    [
      723.280646686734,
      1212.3993511563406
    ],
    [
      821.2963318483914,
      1319.56381679852
    ],
    [
      866.0401180219123,
      1317.8073661022509
    ],
    [
      1093.6027427447343,
      1584.4480584246517
    ],
    [
      1154.4119707219304,
      1665.4895951493081
    ],
    [
      1169.6480409246897,
      1638.7659396319323
    ],
    [
      1410.7045149759097,
      1949.4228293801566
    ],
    [
      1350.195029053454,
      2068.1485296679743
    ],
    [
      1643.1689823866545,
      2751.8035223201573
    ],
    [
      1772.2250035756285,
      2580.574254181068
    ],
    [
      2089.2767344777344,
      3165.016910834261
    ],
    [
      1775.0367245507637,
      2656.8389717782607
    ]
  ],
  "tau_eff": [
    1094.9980964467004,
    1094.9980964467004,
    1094.9980964467004,
    1094.9980964467004,
    1094.9980964467004,
    1094.9980964467004,
    1094.9980964467004,
    1094.9980964467004,
    1094.9980964467004,
    1094.9980964467004,
    1094.9980964467004,
    1094.9980964467004,
    1094.9980964467004,
    1094.9980964467004,
    1094.9980964467004,
    1094.9980964467004,
    1094.9980964467004,
    1094.9980964467004,
    1094.9980964467004,
    1094.9980964467004,
    1094.9980964467004,
    1094.9980964467004,
    1094.9980964467004
  ],
  "f1_macro": [
    0.021167332171667056,
    0.11338786942140285,
    0.20692551672743056,
    0.034683954619124796,
    0.09792271610453429,
    0.09792271610453429,
    0.09871819037321941,
    0.09792271610453429,
    0.04888910454440078,
    0.03460394701270614,
    0.03458524723047825,
    0.034683954619124796,
    0.08771333245893478,
    0.034683954619124796,
    0.034594594594594595,
    0.0443543118466899,
    0.03453315290933694,
    0.03458524723047825,
    0.03458524723047825,
    0.03458524723047825,
    0.03458524723047825,
    0.03883052547704023,
    0.03458524723047825
  ],
  "per_class_f1": [
    [
      0.07922912205567452,
      0.026607538802660754,
      0.0,
      0.0,
      0.0
    ],
    [
      0.0012507817385866166,
      0.0321285140562249,
      0.07365439093484419,
      0.45990566037735847,
      0.0
    ],
    [
      0.5740475508450301,
      0.0,
      0.21645021645021645,
      0.12832764505119454,
      0.1158021712907117
    ],
    [
      0.0,
      0.0,
      0.0,
      0.0,
      0.17341977309562398
    ],
    [
      0.0,
      0.0,
      0.0,
      0.48961358052267145,
      0.0
    ],
    [
      0.0,
      0.0,
      0.0,
      0.48961358052267145,
      0.0
    ],
    [
      0.0,
      0.0,
      0.11881947106170947,
      0.37477148080438755,
      0.0
    ],
    [
      0.0,
      0.0,
      0.0,
      0.48961358052267145,
      0.0
    ],
    [
      0.0,
      0.0,
      0.1663674446439258,
      0.0,
      0.07807807807807808
    ],
    [
      0.0,
      0.0,
      0.1730197350635307,
      0.0,
      0.0
    ],
    [
      0.0,
      0.0,
      0.17292623615239125,
      0.0,
      0.0
    ],
    [
      0.0,
      0.0,
      0.0,
      0.0,
      0.17341977309562398
    ],
    [
      0.0,
      0.0,
      0.2122036533229693,
      0.0,
      0.2263630089717046
    ],
    [
      0.0,
      0.0,
      0.0,
      0.0,
      0.17341977309562398
    ],
    [
      0.0,
      0.0,
      0.0,
      0.0,
      0.17297297297297298
    ],
    [
      0.0,
      0.04878048780487805,
      0.0,
      0.0,
      0.17299107142857142
    ],
    [
      0.0,
      0.0,
      0.1726657645466847,
      0.0,
      0.0
    ],
    [
      0.0,
      0.0,
      0.17292623615239125,
      0.0,
      0.0
    ],
    [
      0.0,
      0.0,
      0.17292623615239125,
      0.0,
      0.0
    ],
    [
      0.0,
      0.0,
      0.17292623615239125,
      0.0,
      0.0
    ],
    [
      0.0,
      0.0,
      0.17292623615239125,
      0.0,
      0.0
    ],
    [
      0.0,
      0.0,
      0.15959539196403486,
      0.0,
      0.03455723542116631
    ],
    [
      0.0,
      0.0,
      0.17292623615239125,
      0.0,
      0.0
    ]
  ],
  "round_duration_s": [
    6.236425399780273,
    6.043527126312256,
    5.995144367218018,
    6.107769966125488,
    6.0675318241119385,
    6.031219244003296,
    5.812210559844971,
    6.061046123504639,
    5.9957098960876465,
    6.025690793991089,
    6.0488574504852295,
    5.9070658683776855,
    6.021100997924805,
    5.999650716781616,
    6.007506608963013,
    5.873179912567139,
    6.015461206436157,
    6.0290374755859375,
    6.012974739074707,
    6.069223403930664,
    6.030696153640747,
    6.044433116912842,
    6.010074853897095
  ]
}