{
  "rounds": [
    1,
    2,
    3,
    4,
    5,
    6,
    7
  ],
  "accuracy": [
    0.5442438591299201,
    0.5253033441846701,
    0.5489789878662326,
    0.5324060372891388,
    0.5306303640130215,
    0.5261911808227286,
    0.524711453092631
  ],
  "loss": [
    1.2706111770439656,
    1.2938917332691848,
    1.3095505486299526,
    1.1574323694534505,
    1.1204215674825093,
    1.1428213232048308,
    1.1286801894623417
  ],
  "communication_mb": [
    10.858474731445312,
    10.858474731445312,
    10.858474731445312,
    10.858474731445312,
    10.858474731445312,
    10.858474731445312,
    10.858474731445312
  ],
  "client_losses": [
    [
      1.4340790176710478,
      1.4185749178031815
    ],
    [
      1.3901916451140286,
      1.371907227034729
    ],
    [
      1.3687416376275165,
      1.3697708088379894
    ],
    [
      1.3571911303020294,
      1.374225284777335
    ],
    [
      1.3555599858181537,
      1.3485605011069275
    ],
    [
      1.3378117873830297,
      1.3604750024952672
    ],
    [
      1.3307177097450693,
      1.3453423035522105
    ]
  ]
}