{
  "rounds": [
    1,
    2,
    3,
    4,
    5,
    6,
    7,
    8,
    9,
    10,
    11,
    12,
    13,
    14,
    15,
    16,
    17,
    18,
    19,
    20,
    21,
    22,
    23,
    24,
    25,
    26,
    27,
    28
  ],
  "accuracy": [
    0.06861875184856552,
    0.2398698609878734,
    0.09997042295178941,
    0.09228039041703638,
    0.29488317065956815,
    0.32416444838805086,
    0.11150547175391896,
    0.32416444838805086,
    0.10115350488021295,
    0.09937888198757763,
    0.09523809523809523,
    0.09494232475598935,
    0.09494232475598935,
    0.09494232475598935,
    0.09494232475598935,
    0.08813960366755398,
    0.08932268559597752,
    0.09464655427388347,
    0.09464655427388347,
    0.09464655427388347,
    0.09464655427388347,
    0.08843537414965986,
    0.09790002957704821,
    0.2972493345164153,
    0.09464655427388347,
    0.09464655427388347,
    0.09464655427388347,
    0.09464655427388347
  ],
  "loss": [
    12.623857526375817,
    15.416449940722922,
    25.60541135578669,
    49.45177069785009,
    42.61739539818029,
    117.0510919723804,
    162.8068382942405,
    98.86858105031882,
    193.87145832606726,
    271.7853901323501,
    258.4343331852315,
    300.8165826625423,
    138.0636256391993,
    356.0424964090171,
    247.18270385706083,
    208.50641513159908,
    246.0601496161952,
    293.37240072553305,
    463.3665121237014,
    273.1143768906276,
    584.8225161561737,
    270.32002073263703,
    442.51050963651426,
    440.1901982467367,
    696.963531602455,
    845.5569343645874,
    878.8009588855923,
    951.9154190744955
  ],
  "communication_mb": [
    10.919021606445312,
    10.919021606445312,
    10.919021606445312,
    10.919021606445312,
    10.919021606445312,
    10.919021606445312,
    10.919021606445312,
    10.919021606445312,
    10.919021606445312,
    10.919021606445312,
    10.919021606445312,
    10.919021606445312,
    10.919021606445312,
    10.919021606445312,
    10.919021606445312,
    10.919021606445312,
    10.919021606445312,
    10.919021606445312,
    10.919021606445312,
    10.919021606445312,
    10.919021606445312,
    10.919021606445312,
    10.919021606445312,
    10.919021606445312,
    10.919021606445312,
    10.919021606445312,
    10.919021606445312,
    10.919021606445312
  ],
  "client_losses": [
    [
      1.4604618766935586,
      1.5634062791259142
    ],
    [
      4.028392055376562,
      7.128938568523989
    ],
    [
      6.161005419959281,
      12.70107147885238
    ],
    [
      9.60906888888524,
      20.416635094805667
    ],
    [
      11.630431259194719,
      27.939364392992477
    ],
    [
      14.830034204079343,
      35.83466592160288
    ],
    [
      20.75194347868838,
      52.27081062213652
    ],
    [
      23.70145599136665,
      57.84932772581895
    ],
    [
      26.08227514447708,
      56.22848617829726
    ],
    [
      34.78991442380761,
      70.73478645213036
    ],
    [
      50.89732360725512,
      101.11023994283563
    ],
    [
      53.666019166157234,
      106.1610973909131
    ],
    [
      53.42879432824187,
      106.66988950327463
    ],
    [
      56.43841616903379,
      118.41668801991132
    ],
    [
      78.20090311891614,
      147.6132189000848
    ],
    [
      86.09949583216226,
      160.5032686161356
    ],
    [
      80.77409226680363,
      142.5715326658437
    ],
    [
      99.61536004392171,
      178.28365978145098
    ],
    [
      75.35159539168838,
      153.27221092259938
    ],
    [
      84.23460730165802,
      177.7955584890834
    ],
    [
      86.62201990738956,
      180.1823030317465
    ],
    [
      106.89780153228517,
      202.1422149502286
    ],
    [
      86.83912821934115,
      181.4806374078691
    ],
    [
      99.708472163094,
      188.1072566746941
    ],
    [
      101.07054393983064,
      219.5112799955514
    ],
    [
      126.28608265549065,
      268.6379596801859
    ],
    [
      142.0589120789504,
      306.07296794121254
    ],
    [
      162.4548386125466,
      321.798563049367
    ]
  ],
  "tau_eff": [
    1094.9980964467004,
    1094.9980964467004,
    1094.9980964467004,
    1094.9980964467004,
    1094.9980964467004,
    1094.9980964467004,
    1094.9980964467004,
    1094.9980964467004,
    1094.9980964467004,
    1094.9980964467004,
    1094.9980964467004,
    1094.9980964467004,
    1094.9980964467004,
    1094.9980964467004,
    1094.9980964467004,
    1094.9980964467004,
    1094.9980964467004,
    1094.9980964467004,
    1094.9980964467004,
    1094.9980964467004,
    1094.9980964467004,
    1094.9980964467004,
    1094.9980964467004,
    1094.9980964467004,
    1094.9980964467004,
    1094.9980964467004,
    1094.9980964467004,
    1094.9980964467004
  ],
  "f1_macro": [
    0.04637694315449347,
    0.09562221407744326,
    0.05156850220727579,
    0.03824156095056797,
    0.09945861443543062,
    0.09792271610453429,
    0.06278961989788612,
    0.09792271610453429,
    0.0702512445917498,
    0.06668269373460363,
    0.04004009940133288,
    0.034683954619124796,
    0.03588167700843757,
    0.034683954619124796,
    0.034683954619124796,
    0.0439386378088345,
    0.04276988787514891,
    0.03458524723047825,
    0.03458524723047825,
    0.03458524723047825,
    0.03458524723047825,
    0.045291727385964174,
    0.039311172644505975,
    0.09489882582970967,
    0.03458524723047825,
    0.03458524723047825,
    0.03458524723047825,
    0.03458524723047825
  ],