{
  "rounds": [
    1,
    2,
    3,
    4,
    5,
    6,
    7,
    8,
    9,
    10,
    11,
    12,
    13,
    14,
    15,
    16,
    17,
    18,
    19,
    20,
    21,
    22,
    23,
    24,
    25,
    26,
    27,
    28
  ],
  "accuracy": [
    0.027802425317953267,
    0.28926353149955636,
    0.3543330375628512,
    0.09494232475598935,
    0.32416444838805086,
    0.32416444838805086,
    0.16563146997929606,
    0.32416444838805086,
    0.08873114463176575,
    0.09464655427388347,
    0.09464655427388347,
    0.09494232475598935,
    0.12747707778763678,
    0.09494232475598935,
    0.09494232475598935,
    0.09139307897071872,
    0.09464655427388347,
    0.09464655427388347,
    0.09464655427388347,
    0.09464655427388347,
    0.09464655427388347,
    0.0919846199349305,
    0.09464655427388347,
    0.09967465246968353,
    0.09464655427388347,
    0.09464655427388347,
    0.09464655427388347,
    0.09464655427388347
  ],
  "loss": [
    58.687799466710516,
    70.22384884554195,
    65.15018172942474,
    516.5958710664547,
    212.13784941679202,
    886.3853371278029,
    857.2128643046043,
    1093.8708501870517,
    1869.7862257733213,
    2535.997509798119,
    3066.766839709729,
    3275.87275601477,
    1475.2584523130754,
    2883.1915632336495,
    2312.564279316516,
    1967.943540765491,
    2956.460233420389,
    4104.245981644611,
    7415.877685691295,
    4281.860325205999,
    6897.107659950019,
    2640.736797198499,
    7889.393229744343,
    6318.681136096592,
    8794.377558819044,
    10463.305489748549,
    13286.571940320795,
    14588.886409620744
  ],
  "communication_mb": [
    10.919021606445312,
    10.919021606445312,
    10.919021606445312,
    10.919021606445312,
    10.919021606445312,
    10.919021606445312,
    10.919021606445312,
    10.919021606445312,
    10.919021606445312,
    10.919021606445312,
    10.919021606445312,
    10.919021606445312,
    10.919021606445312,
    10.919021606445312,
    10.919021606445312,
    10.919021606445312,
    10.919021606445312,
    10.919021606445312,
    10.919021606445312,
    10.919021606445312,
    10.919021606445312,
    10.919021606445312,
    10.919021606445312,
    10.919021606445312,
    10.919021606445312,
    10.919021606445312,
    10.919021606445312,
    10.919021606445312
  ],
  "client_losses": [
    [
      1.465125458236579,
      1.553985623423153
    ],
    [
      16.70093114876629,
      39.38318224856617
    ],
    [
      37.964010561707674,
      85.61740996975229
    ],
    [
      82.18001475725518,
      142.82888075463254
    ],
    [
      120.7803065462292,
      249.25061853088025
    ],
    [
      148.51688450026734,
      286.9396152322512
    ],
    [
      268.8150704096733,
      519.2226372365627
    ],
    [
      321.74543754889766,
      563.0767400110009
    ],
    [
      384.40853649284037,
      690.1217967372875
    ],
    [
      495.5038035479606,
      828.6561095314901
    ],
    [
      701.3282148240299,
      1094.8066244264953
    ],
    [
      729.6878097917574,
      1174.9277515342899
    ],
    [
      824.6663028399388,
      1308.062972579994
    ],
    [
      860.1218586331023,
      1320.5063177876234
    ],
    [
      1089.00196236305,
      1572.7170710528105
    ],
    [
      1147.6922011156053,
      1635.6752517561135
    ],
    [
      1155.8865292687904,
      1631.6530667662917
    ],
    [
      1412.1127121007503,
      1955.4869777170607
    ],
    [
      1362.5605514707775,
      2057.3018428335795
    ],
    [
      1645.3675969102546,
      2778.285588536003
    ],
    [
      1772.9265224857522,
      2589.5517778372905
    ],
    [
      2086.1432335966624,
      3187.8243771953103
    ],
    [
      1782.836293451519,
      2629.3211168459325
    ],
    [
      1993.1283902180137,
      3002.610984804353
    ],
    [
      2157.487904249142,
      3485.9732352159062
    ],
    [
      2542.170145667524,
      3967.0284144610405
    ],
    [
      2738.04759551912,
      4347.552485658002
    ],
    [
      3196.093609337731,
      5353.950090671172
    ]
  ],
  "tau_eff": [
    1094.9980964467004,
    1094.9980964467004,
    1094.9980964467004,
    1094.9980964467004,
    1094.9980964467004,
    1094.9980964467004,
    1094.9980964467004,
    1094.9980964467004,
    1094.9980964467004,
    1094.9980964467004,
    1094.9980964467004,
    1094.9980964467004,
    1094.9980964467004,
    1094.9980964467004,
    1094.9980964467004,
    1094.9980964467004,
    1094.9980964467004,
    1094.9980964467004,
    1094.9980964467004,
    1094.9980964467004,
    1094.9980964467004,
    1094.9980964467004,
    1094.9980964467004,
    1094.9980964467004,
    1094.9980964467004,
    1094.9980964467004,
    1094.9980964467004,
    1094.9980964467004
  ],
  "f1_macro": [
    0.016708287916936203,
    0.11222788747772525,
    0.19439723444611462,
    0.034683954619124796,
    0.09792271610453429,
    0.09792271610453429,
    0.09750929102844028,
    0.09792271610453429,
    0.04823151182154415,
    0.03460394701270614,
    0.03458524723047825,
    0.034683954619124796,
    0.08629366923718643,
    0.034683954619124796,
    0.03469332612807349,
    0.04202375972003639,
    0.03463203463203463,
    0.03458524723047825,
    0.03458524723047825,
    0.03458524723047825,
    0.03458524723047825,
    0.04205413007571669,
    0.03458524723047825,
    0.041917538621441305,
    0.03458524723047825,
    0.03458524723047825,
    0.03458524723047825,
    0.03458524723047825
  ],