{
  "rounds": [
    1,
    2,
    3,
    4,
    5,
    6,
    7,
    8,
    9,
    10,
    11,
    12,
    13,
    14,
    15,
    16,
    17,
    18,
    19,
    20,
    21,
    22,
    23,
    24,
    25
  ],
  "accuracy": [
    0.6004140786749482,
    0.5536823425022183,
    0.6054421768707483,
    0.5421472937000887,
    0.54421768707483,
    0.5232179828453121,
    0.606329488317066,
    0.6015971606033718,
    0.5669920141969832,
    0.5397811298432417,
    0.5811889973380656,
    0.5474711623779946,
    0.5767524401064774,
    0.6004140786749482,
    0.5773439810706892,
    0.5498373262348417,
    0.5891748003549245,
    0.5655131617864537,
    0.5959775214433599,
    0.5820763087843833,
    0.5794143744454303,
    0.6220053238686779,
    0.5838509316770186,
    0.5820763087843833,
    0.5888790298728187
  ],
  "loss": [
    1.1263556689138563,
    1.2174824485761884,
    1.1574452048185766,
    1.0871579851564026,
    1.1329206106614094,
    1.1239581046038145,
    1.1407188144318277,
    1.2358271247781405,
    1.1252281666507173,
    1.2406047922166554,
    1.070513723447315,
    1.2102592995589176,
    1.046827684242815,
    1.1609502443721469,
    1.0620886622995571,
    1.011679877264547,
    1.1226613888265253,
    1.1358885611348235,
    1.1441158538949239,
    1.1529622970689368,
    1.113520592142583,
    1.0828086507634205,
    1.19027925179365,
    1.1211444747691253,
    1.1861698121863757
  ],
  "communication_mb": [
    5.459510803222656,
    5.459510803222656,
    5.459510803222656,
    5.459510803222656,
    5.459510803222656,
    5.459510803222656,
    5.459510803222656,
    5.459510803222656,
    5.459510803222656,
    5.459510803222656,
    5.459510803222656,
    5.459510803222656,
    5.459510803222656,
    5.459510803222656,
    5.459510803222656,
    5.459510803222656,
    5.459510803222656,
    5.459510803222656,
    5.459510803222656,
    5.459510803222656,
    5.459510803222656,
    5.459510803222656,
    5.459510803222656,
    5.459510803222656,
    5.459510803222656
  ],
  "client_losses": [
    [
      1.4625785455246882
    ],
    [
      1.3907911286194952
    ],
    [
      1.3759797767770119
    ],
    [
      1.3665760118821157
    ],
    [
      1.343033700361137
    ],
    [
      1.3473532690878152
    ],
    [
      1.3415739906555326
    ],
    [
      1.3330749048684836
    ],
    [
      1.3285377591549143
    ],
    [
      1.3188256548861
    ],
    [
      1.317089179535299
    ],
    [
      1.3066110766144194
    ],
    [
      1.3068474725598167
    ],
    [
      1.319427516637991
    ],
    [
      1.3133280989149423
    ],
    [
      1.3107911563430539
    ],
    [
      1.2992232343111905
    ],
    [
      1.3045444799128145
    ],
    [
      1.3016584209673137
    ],
    [
      1.3077541308550933
    ],
    [
      1.3031550571452704
    ],
    [
      1.293130032769914
    ],
    [
      1.2820325844461395
    ],
    [
      1.2909231808607298
    ],
    [
      1.2812971480392101
    ]
  ],
  "tau_eff": [
    1252.0,
    1252.0,
    1252.0,
    1252.0,
    1252.0,
    1252.0,
    1252.0,
    1252.0,
    1252.0,
    1252.0,
    1252.0,
    1252.0,
    1252.0,
    1252.0,
    1252.0,
    1252.0,
    1252.0,
    1252.0,
    1252.0,
    1252.0,
    1252.0,
    1252.0,
    1252.0,
    1252.0,
    1252.0
  ],
  "f1_macro": [
    0.2845998815390147,
    0.2910817458678542,
    0.29799903092119756,
    0.2841377546633382,
    0.28948549812230706,
    0.2762721838157439,
    0.31160356142578877,
    0.314453925436801,
    0.2912843526697702,
    0.270092142863177,
    0.30988371438315754,
    0.2995857807237873,
    0.3033582598084036,
    0.31059966159273283,
    0.30237457204475227,
    0.285738680465718,
    0.3107924727614325,
    0.29700732680635694,
    0.3081628111159921,
    0.31461586416358617,
    0.3019715711450319,
    0.3115091115133854,
    0.30934225708407953,
    0.3142461101547904,
    0.31344952952892263
  ],
  "per_class_f1": [
    [
      0.7159716758457907,
      0.0,
      0.0,
      0.5902394106813996,
      0.11678832116788321
    ],
    [
      0.7317073170731707,
      0.0,
      0.0,
      0.41412911084043846,
      0.3095723014256619
    ],
    [
      0.732683427398666,
      0.0,
      0.0,
      0.5666337611056268,
      0.1906779661016949
    ],
    [
      0.7301333333333333,
      0.0,
      0.0,
      0.3684210526315789,
      0.3221343873517787
    ],
    [
      0.7357656163626313,
      0.0,
      0.0,
      0.40813883901855175,
      0.3035230352303523
    ],
    [
      0.7203739345614517,
      0.0,
      0.0,
      0.3579088471849866,
      0.303078137332281
    ],
    [
      0.7467621934417195,
      0.0,
      0.0,
      0.5788497217068646,
      0.23240589198036007
    ],
    [
      0.7632629777524245,
      0.0,
      0.0,
      0.5406360424028268,
      0.268370607028754
    ],
    [
      0.7487836107554418,
      0.0,
      0.0,
      0.3925696594427245,
      0.3150684931506849
    ],
    [
      0.7376715810879512,
      0.0,
      0.0,
      0.2879543834640057,
      0.32483474976392823
    ],
    [
      0.7559726962457338,
      0.0,
      0.0,
      0.4872389791183295,
      0.3062068965517241
    ],
    [
      0.7835431378569235,
      0.0,
      0.0,
      0.3932926829268293,
      0.3210930828351836
    ],
    [
      0.7460193161054555,
      0.0,
      0.0,
      0.44651162790697674,
      0.3242603550295858
    ],
    [
      0.7559055118110236,
      0.0,
      0.0,
      0.5371539582321515,
      0.2599388379204893
    ],
    [
      0.7521008403361344,
      0.0,
      0.0,
      0.44508670520231214,
      0.3146853146853147
    ],
    [
      0.74,
      0.0,
      0.0,
      0.36869340232858994,
      0.32
    ],
    [
      0.7490871152842984,
      0.0,
      0.0,
      0.4902411021814007,
      0.3146341463414634
    ],
    [
      0.7455216016859852,
      0.0,
      0.0,
      0.4133811230585424,
      0.326133909287257
    ],
    [
      0.7469325153374233,
      0.0,
      0.0,
      0.5030269675288938,
      0.2908545727136432
    ],
    [
      0.7560766371175293,
      0.0,
      0.0,
      0.5072681704260652,
      0.30973451327433627
    ],
    [
      0.740276035131744,
      0.0,
      0.0,
      0.4370695053224796,
      0.33251231527093594
    ],
    [
      0.7622779519331243,
      0.0,
      0.0,
      0.584,
      0.2112676056338028
    ],
    [
      0.7780837004405287,
      0.0,
      0.0,
      0.44975556762629004,
      0.3188720173535792
    ],
    [
      0.7550104696380496,
      0.0,
      0.0,
      0.5468235294117647,
      0.26939655172413796
    ],
    [
      0.7787706471703222,
      0.0,
      0.0,
      0.448932487016734,
      0.33954451345755693
    ]
  ],
  "round_duration_s": [
    5.374201774597168,
    4.984087705612183,
    5.2058703899383545,
    5.115593671798706,
    4.832123279571533,
    5.137385845184326,
    5.162195682525635,
    5.170825719833374,
    5.177565813064575,
    5.149231910705566,
    5.077169418334961,
    4.9291863441467285,
    4.88630223274231,
    4.924582481384277,
    5.156941175460815,
    5.101292371749878,
    5.159195899963379,
    5.119633913040161,
    5.085319995880127,
    5.100531816482544,
    5.129212141036987,
    5.097665786743164,
    5.047718286514282,
    5.077235698699951,
    4.956313371658325
  ]
}