{
  "rounds": [
    1,
    2,
    3,
    4,
    5,
    6,
    7,
    8,
    9,
    10,
    11,
    12,
    13,
    14,
    15,
    16,
    17,
    18,
    19,
    20
  ],
  "accuracy": [
    0.5264714581484767,
    0.5279503105590062,
    0.5128660159716061,
    0.5483584738243124,
    0.54421768707483,
    0.5498373262348417,
    0.5427388346643005,
    0.5187814256137238,
    0.5294291629695357,
    0.5252883762200532,
    0.5300207039337475,
    0.5459923099674653,
    0.5314995563442768,
    0.49157054125998223,
    0.5669920141969832,
    0.5244010647737356,
    0.5193729665779355,
    0.5418515232179828,
    0.54924578527063,
    0.5655131617864537
  ],
  "loss": [
    1.2377938485223137,
    1.31714721090587,
    1.2850549774951252,
    1.2879601297065444,
    1.2935594042106973,
    1.216452676845845,
    1.232599966979457,
    1.2258890353163048,
    1.2331729636535036,
    1.2567599278094324,
    1.2486142957044826,
    1.1889998914221622,
    1.205475192914803,
    1.2912276125419637,
    1.1525190470311035,
    1.192715705481199,
    1.231178112123112,
    1.2135262639520437,
    1.1925462773127586,
    1.1477889734695241
  ],
  "communication_mb": [
    10.858474731445312,
    10.858474731445312,
    10.858474731445312,
    10.858474731445312,
    10.858474731445312,
    10.858474731445312,
    10.858474731445312,
    10.858474731445312,
    10.858474731445312,
    10.858474731445312,
    10.858474731445312,
    10.858474731445312,
    10.858474731445312,
    10.858474731445312,
    10.858474731445312,
    10.858474731445312,
    10.858474731445312,
    10.858474731445312,
    10.858474731445312,
    10.858474731445312
  ],
  "client_losses": [
    [
      1.428826582229925,
      1.419618045483726
    ],
    [
      1.3705242702168858,
      1.3584017582820023
    ],
    [
      1.3479960904629225,
      1.3604832660819377
    ],
    [
      1.3494460302752995,
      1.3622190834112309
    ],
    [
      1.3209461854932023,
      1.3665637209316013
    ],
    [
      1.3242626744935406,
      1.3605148278195305
    ],
    [
      1.3129732153311946,
      1.3581506802179115
    ],
    [
      1.3074174960853275,
      1.35218264782702
    ],
    [
      1.2936227199878718,
      1.3612651525611081
    ],
    [
      1.303398853731272,
      1.3484482943962306
    ],
    [
      1.2853891551420165,
      1.3433036884692648
    ],
    [
      1.2924150567403343,
      1.3575800121884027
    ],
    [
      1.2727820447908604,
      1.3477102743759566
    ],
    [
      1.2780491981605673,
      1.3398809893474959
    ],
    [
      1.2657232085238495,
      1.3314301650585374
    ],
    [
      1.2678518916702013,
      1.3428205002312237
    ],
    [
      1.2624428253459898,
      1.3406734377993499
    ],
    [
      1.2440160480455607,
      1.3413649030118249
    ],
    [
      1.2544192706060622,
      1.3505620008359722
    ],
    [
      1.2536138889583426,
      1.3218651967495063
    ]
  ]
}