{
  "rounds": [
    1,
    2,
    3,
    4,
    5,
    6,
    7,
    8,
    9,
    10,
    11,
    12,
    13,
    14,
    15,
    16,
    17,
    18,
    19,
    20,
    21,
    22,
    23,
    24,
    25,
    26,
    27,
    28
  ],
  "accuracy": [
    0.064773735581189,
    0.26175687666370895,
    0.09464655427388347,
    0.0940550133096717,
    0.3117420881396037,
    0.32416444838805086,
    0.11120970127181307,
    0.32416444838805086,
    0.09730848861283643,
    0.10736468500443656,
    0.09494232475598935,
    0.09494232475598935,
    0.09494232475598935,
    0.09494232475598935,
    0.09494232475598935,
    0.08843537414965986,
    0.09257616089914227,
    0.09464655427388347,
    0.09464655427388347,
    0.09464655427388347,
    0.09464655427388347,
    0.08695652173913043,
    0.09642117716651878,
    0.2981366459627329,
    0.09464655427388347,
    0.09464655427388347,
    0.09464655427388347,
    0.09464655427388347
  ],
  "loss": [
    12.722473875089214,
    16.430353606956594,
    26.36496211494507,
    50.11861549654997,
    43.72066298549396,
    117.60510098429975,
    164.4947492491737,
    101.7398008195933,
    193.3517061305166,
    271.1242596147611,
    253.63332166110436,
    307.4077440615555,
    131.0078349887743,
    353.59771089460753,
    235.3359900685818,
    197.02658194107826,
    234.98645229728854,
    286.3478410614203,
    472.68065253604414,
    281.0534652443688,
    589.5074721716876,
    282.72898197258695,
    457.88390070980944,
    432.3744268724813,
    693.7644557101033,
    839.1060702468615,
    874.2399191711119,
    943.9356798940917
  ],
  "communication_mb": [
    10.919021606445312,
    10.919021606445312,
    10.919021606445312,
    10.919021606445312,
    10.919021606445312,
    10.919021606445312,
    10.919021606445312,
    10.919021606445312,
    10.919021606445312,
    10.919021606445312,
    10.919021606445312,
    10.919021606445312,
    10.919021606445312,
    10.919021606445312,
    10.919021606445312,
    10.919021606445312,
    10.919021606445312,
    10.919021606445312,
    10.919021606445312,
    10.919021606445312,
    10.919021606445312,
    10.919021606445312,
    10.919021606445312,
    10.919021606445312,
    10.919021606445312,
    10.919021606445312,
    10.919021606445312,
    10.919021606445312
  ],
  "client_losses": [
    [
      1.4589748983527524,
      1.5574797093950559
    ],
    [
      4.019735540791798,
      7.370338706870133
    ],
    [
      6.04503696857677,
      12.46566603349013
    ],
    [
      9.756168922384015,
      21.43079104551259
    ],
    [
      12.096218130056053,
      28.64102662040923
    ],
    [
      15.303269674730466,
      36.30829131013943
    ],
    [
      20.924853452894677,
      53.60891196465038
    ],
    [
      23.03642620976747,
      57.79573067299275
    ],
    [
      26.330041388554484,
      57.016874132680485
    ],
    [
      34.417617949937345,
      71.38302992694584
    ],
    [
      51.732765862310416,
      98.98935975267294
    ],
    [
      53.657450412571315,
      106.09407929655137
    ],
    [
      54.61259823177976,
      108.25067748538831
    ],
    [
      56.362481486398956,
      120.14365672880824
    ],
    [
      77.81704233738263,
      146.42856673119772
    ],
    [
      87.36737612943394,
      159.82270661179976
    ],
    [
      81.19435445847547,
      144.03494766686245
    ],
    [
      100.03340187960735,
      176.54827271519164
    ],
    [
      75.51803526332182,
      157.52093092468817
    ],
    [
      84.83918887096016,
      180.80708311091993
    ],
    [
      86.51341581089738,
      180.3649958600263
    ],
    [
      108.52706368330732,
      204.75296577173384
    ],
    [
      88.8555592843194,
      183.3256265081381
    ],
    [
      100.78387917133173,
      188.78981297874083
    ],
    [
      102.13432129327755,
      215.92639640548947
    ],
    [
      125.01640842961196,
      268.9047115487112
    ],
    [
      142.566716135891,
      302.07771458556
    ],
    [
      160.0143044535243,
      322.8969584888794
    ]
  ],
  "tau_eff": [
    1094.9980964467004,
    1094.9980964467004,
    1094.9980964467004,
    1094.9980964467004,
    1094.9980964467004,
    1094.9980964467004,
    1094.9980964467004,
    1094.9980964467004,
    1094.9980964467004,
    1094.9980964467004,
    1094.9980964467004,
    1094.9980964467004,
    1094.9980964467004,
    1094.9980964467004,
    1094.9980964467004,
    1094.9980964467004,
    1094.9980964467004,
    1094.9980964467004,
    1094.9980964467004,
    1094.9980964467004,
    1094.9980964467004,
    1094.9980964467004,
    1094.9980964467004,
    1094.9980964467004,
    1094.9980964467004,
    1094.9980964467004,
    1094.9980964467004,
    1094.9980964467004
  ],
  "f1_macro": [
    0.044216601307962435,
    0.096958633730413,
    0.04703388777341791,
    0.03510013960275044,
    0.09908942445687138,
    0.09792271610453429,
    0.06253156405172268,
    0.09792271610453429,
    0.0661756706108489,
    0.07351341708853568,
    0.04074676910055666,
    0.034683954619124796,
    0.034777898158179846,
    0.034683954619124796,
    0.034702702702702704,
    0.046496002517316906,
    0.04554328861788957,
    0.03458524723047825,
    0.03458524723047825,
    0.03458524723047825,
    0.03458524723047825,
    0.04081935206271274,
    0.03715198819986479,
    0.0968900282162937,
    0.03458524723047825,
    0.03458524723047825,
    0.03458524723047825,
    0.03458524723047825
  ],