{
  "rounds": [
    1
  ],
  "accuracy": [
    0.23333333333333334
  ],
  "loss": [
    1.6311969359715779
  ],
  "communication_mb": [
    10.919021606445312
  ],
  "client_losses": [
    [
      1.6562365770339966,
      1.6395192941029866
    ]
  ],
  "tau_eff": [
    8.0
  ],
  "f1_macro": [
    0.20195093795093796
  ],
  "per_class_f1": [
    [
      0.32,
      0.0,
      0.2222222222222222,
      0.18181818181818182,
      0.2857142857142857
    ]
  ],
  "round_duration_s": [
    0.6413078308105469
  ]
}