{
  "rounds": [
    1
  ],
  "accuracy": [
    0.23333333333333334
  ],
  "loss": [
    1.6686989227930704
  ],
  "communication_mb": [
    10.919021606445312
  ],
  "client_losses": [
    [
      1.691583228111267,
      1.6607292334238688
    ]
  ],
  "tau_eff": [
    8.0
  ],
  "f1_macro": [
    0.17142857142857143
  ],
  "per_class_f1": [
    [
      0.2857142857142857,
      0.0,
      0.5714285714285714,
      0.0,
      0.0
    ]
  ],
  "round_duration_s": [
    0.6499502658843994
  ]
}