{
  "rounds": [
    1,
    2,
    3,
    4,
    5,
    6,
    7,
    8,
    9,
    10,
    11,
    12,
    13,
    14,
    15,
    16,
    17,
    18,
    19,
    20,
    21,
    22,
    23,
    24,
    25,
    26,
    27,
    28,
    29,
    30,
    31,
    32,
    33,
    34,
    35,
    36,
    37,
    38,
    39,
    40,
    41,
    42
  ],
  "accuracy": [
    0.13250517598343686,
    0.21650399290150843,
    0.09582963620230701,
    0.37533274179236914,
    0.3215025140490979,
    0.32416444838805086,
    0.2871931381248151,
    0.3359952676722863,
    0.21206743566992015,
    0.1106181603076013,
    0.06713989943803608,
    0.10115350488021295,
    0.14226560189293108,
    0.09464655427388347,
    0.09346347234545992,
    0.09760425909494233,
    0.06329488317065957,
    0.09464655427388347,
    0.09494232475598935,
    0.4797397219757468,
    0.0940550133096717,
    0.1608991422656019,
    0.09257616089914227,
    0.4622892635314996,
    0.2759538598047915,
    0.09464655427388347,
    0.29961549837326235,
    0.4548950014788524,
    0.45459923099674654,
    0.4622892635314996,
    0.45134575569358176,
    0.463768115942029,
    0.47264123040520556,
    0.47264123040520556,
    0.3235729074238391,
    0.32446021887015675,
    0.47264123040520556,
    0.4735285418515232,
    0.32416444838805086,
    0.32416444838805086,
    0.32416444838805086,
    0.32416444838805086
  ],
  "loss": [
    2.8865972999565983,
    4.877835813481157,
    8.30280856767444,
    3.5939089321801028,
    14.201091818822203,
    20.33259638199895,
    23.663824498600523,
    5.007507571593011,
    6.024441890693987,
    22.305307377587052,
    21.524912543354638,
    16.447574871667424,
    8.331440818694103,
    20.106441940086476,
    13.955993712988523,
    11.175721434790931,
    7.246692631167796,
    13.872430264614842,
    6.16575266334017,
    2.638721228421563,
    10.669135860351725,
    4.2358273777232585,
    7.044306177248161,
    2.218851074809966,
    1.7545013539151517,
    9.802810907011306,
    2.272326991389539,
    1.3630134894346493,
    1.3222289375213785,
    1.9549953135750202,
    2.1769846936225608,
    1.314238117207299,
    1.2729020790742087,
    1.350109227131683,
    6.645843903858328,
    1.3534023705335525,
    1.328345247007481,
    1.38009282774701,
    1.3432923643520618,
    1.4127517506696177,
    1.5880440799698468,
    1.494414752138257
  ],
  "communication_mb": [
    10.919021606445312,
    10.919021606445312,
    10.919021606445312,
    10.919021606445312,
    10.919021606445312,
    10.919021606445312,
    10.919021606445312,
    10.919021606445312,
    10.919021606445312,
    10.919021606445312,
    10.919021606445312,
    10.919021606445312,
    10.919021606445312,
    10.919021606445312,
    10.919021606445312,
    10.919021606445312,
    10.919021606445312,
    10.919021606445312,
    10.919021606445312,
    10.919021606445312,
    10.919021606445312,
    10.919021606445312,
    10.919021606445312,
    10.919021606445312,
    10.919021606445312,
    10.919021606445312,
    10.919021606445312,
    10.919021606445312,
    10.919021606445312,
    10.919021606445312,
    10.919021606445312,
    10.919021606445312,
    10.919021606445312,
    10.919021606445312,
    10.919021606445312,
    10.919021606445312,
    10.919021606445312,
    10.919021606445312,
    10.919021606445312,
    10.919021606445312,
    10.919021606445312,
    10.919021606445312
  ],
  "client_losses": [
    [
      1.4593991976892133,
      1.5575380115277264
    ],
    [
      2.0492540119923257,
      2.2439327037192878
    ],
    [
      2.463884544918019,
      3.152213858886504
    ],
    [
      2.9045221084921717,
      4.359724301391134
    ],
    [
      2.926392918932634,
      4.761234686671617
    ],
    [
      3.4153484494615025,
      6.4339257641017715
    ],
    [
      3.8074697171827734,
      7.5304353991057855
    ],
    [
      3.4649655369232155,
      6.156260523075756
    ],
    [
      3.461867542055807,
      5.710060648613956
    ],
    [
      3.601462046912729,
      6.464979570368251
    ],
    [
      4.125153781924788,
      8.048783112810119
    ],
    [
      4.289066261473197,
      8.01119745768621
    ],
    [
      3.86616648518424,
      6.307547515283399
    ],
    [
      3.6009466274973576,
      6.290487486366013
    ],
    [
      4.14969411418657,
      7.958108136022463
    ],
    [
      4.018082357029368,
      8.775147510345256
    ],
    [
      3.862704291663581,
      6.9051914408667185
    ],
    [
      3.648208124296155,
      6.09040346095589
    ],
    [
      3.1426312534463374,
      5.678835512425682
    ],
    [
      3.0552394019240796,
      4.9146761624926985
    ],
    [
      2.8355521391223997,
      4.152809827573324
    ],
    [
      3.336463574137898,
      5.543468543160393
    ],
    [
      2.9478610362424926,
      5.085149612060669
    ],
    [
      2.675233882429526,
      4.492848397025546
    ],
    [
      2.841057855603316,
      4.799816937184538
    ],
    [
      2.9240757392725807,
      4.583491493015453
    ],
    [
      2.665567499648394,
      4.641687512167315
    ],
    [
      2.448935819140228,
      4.324317608772474
    ],
    [
      2.4051353269609708,
      3.5531226338947786
    ],
    [
      2.418732236134219,
      3.474277023187957
    ],
    [
      2.5650565319767757,
      4.406377144328667
    ],
    [
      2.983394340521044,
      4.521297748560933
    ],
    [
      2.4882935943098072,
      3.43247381306195
    ],
    [
      2.1621282605168775,
      3.4039464709970115
    ],
    [
      2.3591605356222054,
      3.0606929678444175
    ],
    [
      2.4090958521483907,
      3.5088638640411385
    ],
    [
      2.114539057649071,
      3.0215537106256662
    ],
    [
      2.1900280902623783,
      3.009100399436097
    ],
    [
      2.012347573660918,
      2.71982602067693
    ],
    [
      1.9921973314346733,
      2.3226043650604224
    ],
    [
      2.0767354862370437,
      2.55897901249801
    ],
    [
      1.8344956763206683,
      2.054673835935595
    ]
  ],
  "tau_eff": [
    1094.9980964467004,
    1094.9980964467004,
    1094.9980964467004,
    1094.9980964467004,
    1094.9980964467004,
    1094.9980964467004,
    1094.9980964467004,
    1094.9980964467004,
    1094.9980964467004,
    1094.9980964467004,
    1094.9980964467004,
    1094.9980964467004,
    1094.9980964467004,
    1094.9980964467004,
    1094.9980964467004,
    1094.9980964467004,
    1094.9980964467004,
    1094.9980964467004,
    1094.9980964467004,
    1094.9980964467004,
    1094.9980964467004,
    1094.9980964467004,
    1094.9980964467004,
    1094.9980964467004,
    1094.9980964467004,
    1094.9980964467004,
    1094.9980964467004,
    1094.9980964467004,
    1094.9980964467004,
    1094.9980964467004,
    1094.9980964467004,
    1094.9980964467004,
    1094.9980964467004,
    1094.9980964467004,
    1094.9980964467004,
    1094.9980964467004,
    1094.9980964467004,
    1094.9980964467004,
    1094.9980964467004,
    1094.9980964467004,
    1094.9980964467004,
    1094.9980964467004
  ],