{
  "rounds": [
    1,
    2,
    3,
    4,
    5,
    6,
    7,
    8,
    9,
    10,
    11,
    12,
    13,
    14,
    15,
    16,
    17,
    18,
    19,
    20,
    21,
    22,
    23,
    24,
    25,
    26,
    27,
    28,
    29,
    30,
    31,
    32,
    33,
    34,
    35,
    36,
    37,
    38,
    39,
    40,
    41,
    42
  ],
  "accuracy": [
    0.13723750369713103,
    0.22301094350783793,
    0.09582963620230701,
    0.33274179236912155,
    0.3203194321206744,
    0.32416444838805086,
    0.2937000887311446,
    0.35758651286601595,
    0.17391304347826086,
    0.10736468500443656,
    0.06773144040224785,
    0.10144927536231885,
    0.16385684708666076,
    0.09464655427388347,
    0.09494232475598935,
    0.09553386572020113,
    0.07275953859804792,
    0.09464655427388347,
    0.09464655427388347,
    0.4815143448683821,
    0.08873114463176575,
    0.16149068322981366,
    0.10736468500443656,
    0.45459923099674654,
    0.2789115646258503,
    0.09464655427388347,
    0.3105590062111801,
    0.4634723454599231,
    0.43123336291038156,
    0.46435965690624076,
    0.29281277728482696,
    0.4551907719609583,
    0.47293700088731144,
    0.47264123040520556,
    0.32238982549541556,
    0.323868677905945,
    0.47264123040520556,
    0.4758947057083703,
    0.32416444838805086,
    0.32416444838805086,
    0.32416444838805086,
    0.32416444838805086
  ],
  "loss": [
    2.8810851329249485,
    4.706704978299754,
    8.05899560264637,
    4.278414499192011,
    13.752479564505405,
    20.75132931255441,
    23.112741424359715,
    4.847861310851112,
    6.047187802778197,
    23.881070897199105,
    22.210446528096554,
    17.422812837357,
    7.586011183117311,
    20.524023340355537,
    14.165850326246991,
    11.873165115101456,
    5.9933716406733355,
    14.579081290785782,
    6.154825094500014,
    2.4221966696081694,
    9.329992789060045,
    3.620288474571772,
    6.809960424247771,
    2.3590327321830777,
    1.9575522555926959,
    9.96010157498549,
    1.861168378205456,
    1.3265221420740525,
    1.321930114985288,
    1.86649556048556,
    2.2459844782732534,
    1.3115038749770418,
    1.2729227058424184,
    1.3502040071552301,
    6.063792870264017,
    1.3571106707757128,
    1.3318216237962617,
    1.3822018253277901,
    1.340527112298518,
    1.4112289595343028,
    1.5818256116837166,
    1.4896528582642043
  ],
  "communication_mb": [
    10.919021606445312,
    10.919021606445312,
    10.919021606445312,
    10.919021606445312,
    10.919021606445312,
    10.919021606445312,
    10.919021606445312,
    10.919021606445312,
    10.919021606445312,
    10.919021606445312,
    10.919021606445312,
    10.919021606445312,
    10.919021606445312,
    10.919021606445312,
    10.919021606445312,
    10.919021606445312,
    10.919021606445312,
    10.919021606445312,
    10.919021606445312,
    10.919021606445312,
    10.919021606445312,
    10.919021606445312,
    10.919021606445312,
    10.919021606445312,
    10.919021606445312,
    10.919021606445312,
    10.919021606445312,
    10.919021606445312,
    10.919021606445312,
    10.919021606445312,
    10.919021606445312,
    10.919021606445312,
    10.919021606445312,
    10.919021606445312,
    10.919021606445312,
    10.919021606445312,
    10.919021606445312,
    10.919021606445312,
    10.919021606445312,
    10.919021606445312,
    10.919021606445312,
    10.919021606445312
  ],
  "client_losses": [
    [
      1.4644315666630525,
      1.5571647325098037
    ],
    [
      2.0575348481538143,
      2.2303302444104034
    ],
    [
      2.4885025084021684,
      3.0912131486232686
    ],
    [
      2.8619490321910765,
      4.395494328385326
    ],
    [
      2.9794022197209844,
      4.457238646114574
    ],
    [
      3.505436854200755,
      6.251251534643966
    ],
    [
      3.7818397604935035,
      7.623728910028457
    ],
    [
      3.416779575954576,
      6.64415667380328
    ],
    [
      3.462005487408479,
      5.764885765648257
    ],
    [
      3.7547513535403962,
      6.7554907082392015
    ],
    [
      4.3421401881785755,
      8.453463186318293
    ],
    [
      4.412877023705379,
      8.284577228456069
    ],
    [
      3.943314108388146,
      6.384746745356339
    ],
    [
      3.7538646327085003,
      6.942899801427572
    ],
    [
      4.212002880155603,
      8.232547432373519
    ],
    [
      4.152165539817642,
      9.187906511677328
    ],
    [
      3.8935837986478914,
      7.283067549305441
    ],
    [
      3.6267774333141145,
      6.240411903541479
    ],
    [
      3.2501563378710436,
      5.859477755839704
    ],
    [
      3.0804923512646356,
      4.847438110563841
    ],
    [
      2.927320151867593,
      4.229908298043644
    ],
    [
      3.2864692275343947,
      5.839223827587508
    ],
    [
      2.858150100671088,
      5.341308494063248
    ],
    [
      2.6542680834108934,
      4.6654059659773
    ],
    [
      2.8818479954490734,
      4.80834743608529
    ],
    [
      2.902477279243677,
      4.6796732555269305
    ],
    [
      2.546417533645704,
      4.3778280727904795
    ],
    [
      2.4645009266043334,
      4.167637532997184
    ],
    [
      2.3930290373443897,
      3.721549454133045
    ],
    [
      2.5037030667845164,
      3.3251091541094335
    ],
    [
      2.501806837718407,
      3.935294563287663
    ],
    [
      2.9811762566154156,
      4.4337824988977514
    ],
    [
      2.3853339177398953,
      3.2780860236454195
    ],
    [
      2.160056892013721,
      3.3320560103719057
    ],
    [
      2.3639176341761923,
      2.930967661861029
    ],
    [
      2.3973230870788678,
      3.500336863954434
    ],
    [
      2.0817719271945347,
      2.8812497756784707
    ],
    [
      2.166143851362627,
      3.1419681428842403
    ],
    [
      2.0447337168414332,
      2.7024128052846597
    ],
    [
      2.0226813580131275,
      2.4811076276442585
    ],
    [
      2.0859772153974703,
      2.6617311730104336
    ],
    [
      1.9160723673832263,
      2.158963296927658
    ]
  ],
  "tau_eff": [
    1094.9980964467004,
    1094.9980964467004,
    1094.9980964467004,
    1094.9980964467004,
    1094.9980964467004,
    1094.9980964467004,
    1094.9980964467004,
    1094.9980964467004,
    1094.9980964467004,
    1094.9980964467004,
    1094.9980964467004,
    1094.9980964467004,
    1094.9980964467004,
    1094.9980964467004,
    1094.9980964467004,
    1094.9980964467004,
    1094.9980964467004,
    1094.9980964467004,
    1094.9980964467004,
    1094.9980964467004,
    1094.9980964467004,
    1094.9980964467004,
    1094.9980964467004,
    1094.9980964467004,
    1094.9980964467004,
    1094.9980964467004,
    1094.9980964467004,
    1094.9980964467004,
    1094.9980964467004,
    1094.9980964467004,
    1094.9980964467004,
    1094.9980964467004,
    1094.9980964467004,
    1094.9980964467004,
    1094.9980964467004,
    1094.9980964467004,
    1094.9980964467004,
    1094.9980964467004,
    1094.9980964467004,
    1094.9980964467004,
    1094.9980964467004,
    1094.9980964467004
  ],