{
  "rounds": [
    1,
    2
  ],
  "accuracy": [
    0.23333333333333334,
    0.23333333333333334
  ],
  "loss": [
    1.599091108640035,
    1.5997174660364786
  ],
  "communication_mb": [
    10.919021606445312,
    10.919021606445312
  ],
  "client_losses": [
    [
      1.6682628949483236,
      1.6353152831395468
    ],
    [
      1.6192140897115073,
      1.604784941673279
    ]
  ],
  "tau_eff": [
    8.0,
    8.0
  ],
  "f1_macro": [
    0.17222222222222222,
    0.17648351648351648
  ],
  "per_class_f1": [
    [
      0.4444444444444444,
      0.0,
      0.16666666666666666,
      0.25,
      0.0
    ],
    [
      0.3,
      0.0,
      0.42857142857142855,
      0.15384615384615385,
      0.0
    ]
  ],
  "round_duration_s": [
    0.10157251358032227,
    0.08305120468139648
  ]
}