{
  "rounds": [
    1,
    2,
    3,
    4,
    5,
    6,
    7,
    8,
    9,
    10,
    11,
    12,
    13,
    14,
    15,
    16,
    17,
    18,
    19,
    20,
    21,
    22,
    23,
    24,
    25,
    26
  ],
  "accuracy": [
    0.044365572315882874,
    0.2904466134279799,
    0.36557231588287487,
    0.09494232475598935,
    0.32416444838805086,
    0.32416444838805086,
    0.16356107660455488,
    0.32416444838805086,
    0.0899142265601893,
    0.09464655427388347,
    0.09464655427388347,
    0.09494232475598935,
    0.13161786453711918,
    0.09494232475598935,
    0.09464655427388347,
    0.09257616089914227,
    0.09464655427388347,
    0.09464655427388347,
    0.09464655427388347,
    0.09464655427388347,
    0.09464655427388347,
    0.09080153800650695,
    0.09464655427388347,
    0.09701271813073055,
    0.09464655427388347,
    0.09464655427388347
  ],
  "loss": [
    57.585297023499024,
    70.84127325618172,
    64.88157334055501,
    516.2061847911294,
    207.1368983894084,
    879.8509641352294,
    873.1906166200771,
    1097.3181789232337,
    1884.3257324615902,
    2540.687303806543,
    3101.256512655164,
    3343.14044339288,
    1489.8948277786828,
    2913.108588637561,
    2340.475262944002,
    1997.5983630013657,
    2969.3944634271425,
    4098.276522149281,
    7403.517388069358,
    4286.924539389465,
    6930.246755334267,
    2675.52032627759,
    7914.093146977711,
    6368.682181835879,
    8791.114966766258,
    10489.528449639876
  ],
  "communication_mb": [
    10.919021606445312,
    10.919021606445312,
    10.919021606445312,
    10.919021606445312,
    10.919021606445312,
    10.919021606445312,
    10.919021606445312,
    10.919021606445312,
    10.919021606445312,
    10.919021606445312,
    10.919021606445312,
    10.919021606445312,
    10.919021606445312,
    10.919021606445312,
    10.919021606445312,
    10.919021606445312,
    10.919021606445312,
    10.919021606445312,
    10.919021606445312,
    10.919021606445312,
    10.919021606445312,
    10.919021606445312,
    10.919021606445312,
    10.919021606445312,
    10.919021606445312,
    10.919021606445312
  ],
  "client_losses": [
    [
      1.4744562379153519,
      1.5537106845300521
    ],
    [
      16.946549721403468,
      41.52550044319176
    ],
    [
      38.01731028876716,
      84.77471517917367
    ],
    [
      82.07012118289947,
      144.10921070991185
    ],
    [
      121.05053121020931,
      248.64957602647615
    ],
    [
      148.16875002606776,
      283.89180425872
    ],
    [
      268.42819164628077,
      520.9662498172822
    ],
    [
      321.4263040439799,
      569.8481213291255
    ],
    [
      378.62512261834536,
      686.2457289718127
    ],
    [
      496.76787507571544,
      835.9747603700096
    ],
    [
      701.566225306174,
      1104.9245439943968
    ],
    [
      729.364959186295,
      1200.395140944183
    ],
    [
      821.4614464936899,
      1315.0351691278954
    ],
    [
      864.1573142995843,
      1328.7358778706246
    ],
    [
      1083.9683741302697,
      1571.6276330913638
    ],
    [
      1164.8187422068054,
      1637.2906137133
    ],
    [
      1169.598178994531,
      1640.4579664144487
    ],
    [
      1414.5117565131973,
      1951.915594093051
    ],
    [
      1354.8547686689221,
      2060.053682417344
    ],
    [
      1648.121612144854,
      2760.4697311473005
    ],
    [
      1786.0733913942033,
      2604.0347357968276
    ],
    [
      2095.7110360788356,
      3200.785447182559
    ],
    [
      1782.3710072599,
      2623.8351647757063
    ],
    [
      1995.2826235242535,
      3027.80828545588
    ],
    [
      2160.0936439910893,
      3494.923156013478
    ],
    [
      2545.981309936956,
      3982.7725446438203
    ]
  ],
  "tau_eff": [
    1094.9980964467004,
    1094.9980964467004,
    1094.9980964467004,
    1094.9980964467004,
    1094.9980964467004,
    1094.9980964467004,
    1094.9980964467004,
    1094.9980964467004,
    1094.9980964467004,
    1094.9980964467004,
    1094.9980964467004,
    1094.9980964467004,
    1094.9980964467004,
    1094.9980964467004,
    1094.9980964467004,
    1094.9980964467004,
    1094.9980964467004,
    1094.9980964467004,
    1094.9980964467004,
    1094.9980964467004,
    1094.9980964467004,
    1094.9980964467004,
    1094.9980964467004,
    1094.9980964467004,
    1094.9980964467004,
    1094.9980964467004
  ],
  "f1_macro": [
    0.02770204586260434,
    0.11012349438822673,
    0.1990198699982842,
    0.034683954619124796,
    0.09792271610453429,
    0.09792271610453429,
    0.09756516081069022,
    0.09792271610453429,
    0.04811841279281065,
    0.03460394701270614,
    0.03458524723047825,
    0.034683954619124796,
    0.08911433272927993,
    0.034683954619124796,
    0.034594594594594595,
    0.04400224187444511,
    0.03463203463203463,
    0.03458524723047825,
    0.03458524723047825,
    0.03458524723047825,
    0.03458524723047825,
    0.04147810665362035,
    0.03458524723047825,
    0.0381648471191577,
    0.03458524723047825,
    0.03458524723047825
  ],
  "per_class_f1": [
    [
      0.11185223191380195,
      0.026657997399219768,
      0.0,
      0.0,
      0.0
    ],
    [
      0.0,
      0.03018867924528302,
      0.06321839080459771,
      0.45721040189125295,
      0.0
    ],
    [
      0.5697544642857143,
      0.0,
      0.20048309178743962,
      0.12064343163538874,
      0.10421836228287841
    ],
    [
      0.0,
      0.0,
      0.0,
      0.0,
      0.17341977309562398
    ],
    [
      0.0,
      0.0,
      0.0,
      0.48961358052267145,
      0.0
    ],
    [
      0.0,
      0.0,
      0.0,
      0.48961358052267145,
      0.0
    ],
    [
      0.0,
      0.0,
      0.11346444780635401,
      0.3743613562470971,
      0.0
    ],
    [
      0.0,
      0.0,
      0.0,
      0.48961358052267145,
      0.0
    ],
    [
      0.0,
      0.0,
      0.16651798988997918,
      0.0,
      0.07407407407407407
    ],
    [
      0.0,
      0.0,
      0.1730197350635307,
      0.0,
      0.0
    ],
    [
      0.0,
      0.0,
      0.17292623615239125,
      0.0,
      0.0
    ],
    [
      0.0,
      0.0,
      0.0,
      0.0,
      0.17341977309562398
    ],
    [
      0.0,
      0.0,
      0.21608448415922016,
      0.0,
      0.22948717948717948
    ],
    [
      0.0,
      0.0,
      0.0,
      0.0,
      0.17341977309562398
    ],
    [
      0.0,
      0.0,
      0.0,
      0.0,
      0.17297297297297298
    ],
    [
      0.0,
      0.047337278106508875,
      0.0,
      0.0,
      0.17267393126571667
    ],
    [
      0.0,
      0.0,
      0.17316017316017315,
      0.0,
      0.0
    ],
    [
      0.0,
      0.0,
      0.17292623615239125,
      0.0,
      0.0
    ],
    [
      0.0,
      0.0,
      0.17292623615239125,
      0.0,
      0.0
    ],
    [
      0.0,
      0.0,
      0.17292623615239125,
      0.0,
      0.0
    ],
    [
      0.0,
      0.0,
      0.17292623615239125,
      0.0,
      0.0
    ],
    [
      0.0,
      0.0,
      0.16629464285714285,
      0.0,
      0.0410958904109589
    ],
    [
      0.0,
      0.0,
      0.17292623615239125,
      0.0,
      0.0
    ],
    [
      0.0,
      0.0,
      0.17296709273864563,
      0.017857142857142856,
      0.0
    ],
    [
      0.0,
      0.0,
      0.17292623615239125,
      0.0,
      0.0
    ],
    [
      0.0,
      0.0,
      0.17292623615239125,
      0.0,
      0.0
    ]
  ],