{
  "rounds": [
    1,
    2,
    3,
    4,
    5,
    6,
    7,
    8,
    9,
    10,
    11,
    12,
    13,
    14,
    15,
    16,
    17,
    18,
    19,
    20,
    21,
    22,
    23
  ],
  "accuracy": [
    0.23129251700680273,
    0.3203194321206744,
    0.22241940254362613,
    0.09494232475598935,
    0.32416444838805086,
    0.32416444838805086,
    0.19165927240461403,
    0.32416444838805086,
    0.09020999704229518,
    0.09464655427388347,
    0.09464655427388347,
    0.09494232475598935,
    0.12895593019816623,
    0.09494232475598935,
    0.09228039041703638,
    0.09020999704229518,
    0.09464655427388347,
    0.09464655427388347,
    0.09464655427388347,
    0.09464655427388347,
    0.09464655427388347,
    0.09346347234545992,
    0.09464655427388347
  ],
  "loss": [
    48.411453662275456,
    86.07425644114961,
    69.11760038089837,
    530.149968361368,
    254.7321184322489,
    954.5997783093367,
    858.7542440284113,
    1047.0118831712373,
    1875.7744013852039,
    2506.6384964056956,
    3087.523532816659,
    3080.015685980999,
    1446.6460115646548,
    2872.7996438045325,
    2326.9248851289835,
    2007.469554703675,
    2898.5771743065857,
    4134.951053487376,
    7312.829658226232,
    4372.797452532303,
    6990.415039351338,
    2668.185335138429,
    7838.945953287905
  ],
  "communication_mb": [
    10.919021606445312,
    10.919021606445312,
    10.919021606445312,
    10.919021606445312,
    10.919021606445312,
    10.919021606445312,
    10.919021606445312,
    10.919021606445312,
    10.919021606445312,
    10.919021606445312,
    10.919021606445312,
    10.919021606445312,
    10.919021606445312,
    10.919021606445312,
    10.919021606445312,
    10.919021606445312,
    10.919021606445312,
    10.919021606445312,
    10.919021606445312,
    10.919021606445312,
    10.919021606445312,
    10.919021606445312,
    10.919021606445312
  ],
  "client_losses": [
    [
      1.439527180842857,
      1.4858372931123538
    ],
    [
      16.405657266187788,
      40.949449377473435
    ],
    [
      39.735384904324185,
      82.55787880978377
    ],
    [
      83.96145645198577,
      143.0673253065445
    ],
    [
      117.09388702478708,
      252.15177005998538
    ],
    [
      148.91263221280727,
      293.8583826919973
    ],
    [
      273.7543707836686,
      524.6099434478347
    ],
    [
      324.9248154838993,
      567.5363132041714
    ],
    [
      378.5829257146659,
      693.45959043674
    ],
    [
      496.6905393093114,
      831.2488994624727
    ],
    [
      713.8025016264456,
      1084.4137338608282
    ],
    [
      727.5288561407434,
      1161.1515269138574
    ],
    [
      813.1056653924134,
      1289.332490589697
    ],
    [
      861.3290109777791,
      1305.9371873570622
    ],
    [
      1082.6030868727687,
      1573.9753107146248
    ],
    [
      1145.0389935416151,
      1647.051835754108
    ],
    [
      1167.580073041786,
      1643.3486303852526
    ],
    [
      1407.1902266760153,
      1911.9596372033905
    ],
    [
      1362.6739542060898,
      2082.881747545244
    ],
    [
      1634.3316526744052,
      2768.450753444534
    ],
    [
      1759.1091739394053,
      2600.043252131123
    ],
    [
      2090.2824887950687,
      3185.6684270277765
    ],
    [
      1783.179584823495,
      2653.8133242021636
    ]
  ],
  "tau_eff": [
    1094.9980964467004,
    1094.9980964467004,
    1094.9980964467004,
    1094.9980964467004,
    1094.9980964467004,
    1094.9980964467004,
    1094.9980964467004,
    1094.9980964467004,
    1094.9980964467004,
    1094.9980964467004,
    1094.9980964467004,
    1094.9980964467004,
    1094.9980964467004,
    1094.9980964467004,
    1094.9980964467004,
    1094.9980964467004,
    1094.9980964467004,
    1094.9980964467004,
    1094.9980964467004,
    1094.9980964467004,
    1094.9980964467004,
    1094.9980964467004,
    1094.9980964467004
  ],
  "f1_macro": [
    0.09783123585204498,
    0.10260908681961314,
    0.15056712956072443,
    0.034683954619124796,
    0.09792271610453429,
    0.09792271610453429,
    0.11191879525377364,
    0.09792271610453429,
    0.038936174751482575,
    0.03458524723047825,
    0.03458524723047825,
    0.034683954619124796,
    0.08569715609771303,
    0.034683954619124796,
    0.03857748809288336,
    0.03791926562316112,
    0.03458524723047825,
    0.03458524723047825,
    0.03458524723047825,
    0.03458524723047825,
    0.03458524723047825,
    0.034544957638699095,
    0.03458524723047825
  ],
  "per_class_f1": [
    [
      0.44815256257449343,
      0.026602176541717048,
      0.0,
      0.0144014401440144,
      0.0
    ],
    [
      0.0,
      0.02631578947368421,
      0.0,
      0.48672964462438145,
      0.0
    ],
    [
      0.2840192806822395,
      0.0,
      0.13903743315508021,
      0.23154215814766274,
      0.0982367758186398
    ],
    [
      0.0,
      0.0,
      0.0,
      0.0,
      0.17341977309562398
    ],
    [
      0.0,
      0.0,
      0.0,
      0.48961358052267145,
      0.0
    ],
    [
      0.0,
      0.0,
      0.0,
      0.48961358052267145,
      0.0
    ],
    [
      0.0,
      0.0,
      0.19776119402985073,
      0.3618327822390175,
      0.0
    ],
    [
      0.0,
      0.0,
      0.0,
      0.48961358052267145,
      0.0
    ],
    [
      0.0,
      0.0,
      0.165834719911259,
      0.0,
      0.028846153846153848
    ],
    [
      0.0,
      0.0,
      0.17292623615239125,
      0.0,
      0.0
    ],
    [
      0.0,
      0.0,
      0.17292623615239125,
      0.0,
      0.0
    ],
    [
      0.0,
      0.0,
      0.0,
      0.0,
      0.17341977309562398
    ],
    [
      0.0,
      0.0,
      0.22593800978792822,
      0.0,
      0.20254777070063695
    ],
    [
      0.0,
      0.0,
      0.0,
      0.0,
      0.17341977309562398
    ],
    [
      0.0,
      0.022988505747126436,
      0.0,
      0.0,
      0.16989893471729037
    ],
    [
      0.0,
      0.017241379310344827,
      0.0,
      0.0,
      0.17235494880546076
    ],
    [
      0.0,
      0.0,
      0.17292623615239125,
      0.0,
      0.0
    ],
    [
      0.0,
      0.0,
      0.17292623615239125,
      0.0,
      0.0
    ],
    [
      0.0,
      0.0,
      0.17292623615239125,
      0.0,
      0.0
    ],
    [
      0.0,
      0.0,
      0.17292623615239125,
      0.0,
      0.0
    ],
    [
      0.0,
      0.0,
      0.17292623615239125,
      0.0,
      0.0
    ],
    [
      0.0,
      0.0,
      0.1727247881934955,
      0.0,
      0.0
    ],
    [
      0.0,
      0.0,
      0.17292623615239125,
      0.0,
      0.0
    ]
  ],
  "round_duration_s": [
    6.195527076721191,
    6.145452976226807,
    6.072372674942017,
    6.078714609146118,
    6.058777570724487,
    6.092126131057739,
    6.047067880630493,
    6.034587621688843,
    6.045090675354004,
    6.043882131576538,
    6.0559258460998535,
    6.1343207359313965,
    6.120948791503906,
    6.030659914016724,
    6.112509727478027,
    6.082866191864014,
    6.126623630523682,
    6.150054693222046,
    6.024244070053101,
    6.008578538894653,
    5.992567300796509,
    5.982004642486572,
    6.075537919998169
  ]
}