{
  "rounds": [
    1,
    2,
    3,
    4,
    5,
    6,
    7,
    8,
    9,
    10,
    11,
    12,
    13,
    14,
    15,
    16,
    17,
    18,
    19,
    20,
    21,
    22,
    23,
    24,
    25,
    26,
    27,
    28,
    29,
    30,
    31,
    32,
    33,
    34,
    35,
    36,
    37,
    38,
    39,
    40,
    41,
    42,
    43,
    44,
    45,
    46,
    47,
    48,
    49,
    50,
    51,
    52,
    53,
    54,
    55,
    56,
    57,
    58,
    59,
    60,
    61,
    62,
    63,
    64,
    65,
    66,
    67,
    68,
    69,
    70,
    71,
    72,
    73,
    74,
    75,
    76,
    77,
    78,
    79,
    80,
    81,
    82,
    83,
    84,
    85,
    86,
    87,
    88,
    89,
    90,
    91,
    92,
    93,
    94,
    95,
    96,
    97,
    98,
    99,
    100,
    101,
    102,
    103,
    104,
    105,
    106,
    107,
    108,
    109,
    110,
    111,
    112,
    113,
    114,
    115,
    116,
    117,
    118,
    119,
    120
  ],
  "accuracy": [
    0.5486542443064182,
    0.5448092280390417,
    0.5427388346643005,
    0.5634427684117125,
    0.5374149659863946,
    0.5536823425022183,
    0.5962732919254659,
    0.5794143744454303,
    0.5578231292517006,
    0.5563442768411713,
    0.5930198166223011,
    0.5530908015380065,
    0.5607808340727596,
    0.6069210292812778,
    0.6329488317065957,
    0.6039633244602188,
    0.5524992605737947,
    0.621709553386572,
    0.559597752144336,
    0.567287784679089,
    0.5471753918958888,
    0.6092871931381248,
    0.60100561963916,
    0.5616681455190772,
    0.6456669624371487,
    0.5516119491274771,
    0.6225968648328897,
    0.6205264714581484,
    0.6305826678497486,
    0.6072167997633836,
    0.6187518485655131,
    0.614019520851819,
    0.6427092576160899,
    0.6128364389233955,
    0.6039633244602188,
    0.60100561963916,
    0.6160899142265602,
    0.6051464063886424,
    0.6359065365276545,
    0.6228926353149956,
    0.6258503401360545,
    0.6069210292812778,
    0.6193433895297249,
    0.6403430937592428,
    0.6013013901212659,
    0.6075125702454895,
    0.6308784383318545,
    0.6308784383318545,
    0.6364980774918663,
    0.6228926353149956,
    0.6143152913339249,
    0.6341319136350192,
    0.6211180124223602,
    0.6403430937592428,
    0.6190476190476191,
    0.6199349304939367,
    0.5785270629991127,
    0.6305826678497486,
    0.6069210292812778,
    0.6169772256728778,
    0.6246672582076309,
    0.6409346347234546,
    0.6323572907423839,
    0.6296953564034309,
    0.6258503401360545,
    0.5977521443359952,
    0.6495119787045253,
    0.6146110618160308,
    0.6214137829044661,
    0.6104702750665484,
    0.6089914226560189,
    0.6131322094055013,
    0.6335403726708074,
    0.6072167997633836,
    0.6323572907423839,
    0.6211180124223602,
    0.6326530612244898,
    0.6066252587991718,
    0.6388642413487134,
    0.6116533569949719,
    0.5965690624075717,
    0.6305826678497486,
    0.6291038154392191,
    0.6388642413487134,
    0.6048506359065365,
    0.6214137829044661,
    0.6276249630286898,
    0.6255545696539485,
    0.6178645371191955,
    0.6323572907423839,
    0.6152026027802425,
    0.6308784383318545,
    0.613723750369713,
    0.645075421472937,
    0.6521739130434783,
    0.5939071280686188,
    0.6149068322981367,
    0.6364980774918663,
    0.6367938479739722,
    0.6098787341023366,
    0.6376811594202898,
    0.6160899142265602,
    0.6072167997633836,
    0.6261461106181603,
    0.6518781425613723,
    0.6190476190476191,
    0.6101745045844424,
    0.6305826678497486,
    0.6095829636202307,
    0.5971606033717834,
    0.6175687666370896,
    0.6288080449571133,
    0.629399585921325,
    0.6341319136350192,
    0.6175687666370896,
    0.6237799467613132,
    0.6125406684412895,
    0.6465542738834664,
    0.6391600118308193,
    0.6341319136350192
  ],
  "loss": [
    1.221555761422183,
    1.1080129672281491,
    1.1994783061737493,
    1.1875668782801432,
    1.2470070411735157,
    1.1998014073158925,
    1.192540832998766,
    1.0959048678063317,
    1.1466722025458047,
    1.174573427789559,
    1.2796195232103083,
    1.1969265354980698,
    1.143105010103453,
    1.1197977323780326,
    1.0592756299921762,
    1.1391948110357046,
    1.1560015409735314,
    1.2233737703259617,
    1.0511079012236981,
    1.189649113181497,
    1.1986761888573416,
    1.1530268757839028,
    1.1719110030036324,
    1.1235118830778725,
    1.0833205915139081,
    1.2477999655180025,
    1.1310344039953097,
    1.1457420810726542,
    1.1090593694124444,
    1.0762483586365215,
    1.1840575753990203,
    1.1694464719143889,
    1.2255289013376605,
    1.180114003794675,
    1.2444486907515009,
    1.1309973448911597,
    1.20063881925562,
    1.180139377885089,
    1.1434746797675037,
    1.1145260657336153,
    1.1970750986560144,
    1.1970516605794659,
    1.230909694196627,
    1.1911461637133645,
    1.21799427128092,
    1.2341427442344184,
    1.2230290178362697,
    1.1906261921845678,
    1.2183558650356678,
    1.1764374462608331,
    1.123821475843606,
    1.1969228360258732,
    1.2100504994639205,
    1.1652638764114853,
    1.1429904654547154,
    1.2780222328976392,
    1.206429001777985,
    1.1869041933106517,
    1.2886927498405905,
    1.2179141269566498,
    1.2324446498624886,
    1.1509586801475338,
    1.1597122785714349,
    1.2062454127024278,
    1.1454591896011435,
    1.2154195541039405,
    1.1472032840207498,
    1.1704508438860655,
    1.1628860846950753,
    1.2190494334969215,
    1.2390950137925056,
    1.1988619459835392,
    1.1657148065104423,
    1.2094650279132264,
    1.1400698303859003,
    1.2368226993440066,
    1.259892581659321,
    1.160743143635366,
    1.149390317920537,
    1.205420417885779,
    1.2451136426719749,
    1.163705179868313,
    1.1430484564549046,
    1.1301977815306494,
    1.1962912549495839,
    1.1870173372061639,
    1.2662316708126142,
    1.1357433379172432,
    1.18214289315598,
    1.195923271174968,
    1.202582126889346,
    1.1654280205162204,
    1.1932606025758985,
    1.1092020517198053,
    1.1367052518485814,
    1.191120988093548,
    1.1801684319144414,
    1.1243293884765886,
    1.1543092456169997,
    1.1672079061763734,
    1.057211967658376,
    1.1513224397668893,
    1.1945856793749723,
    1.1279533230951642,
    1.1837531408590878,
    1.1615450161513898,
    1.1642792232993509,
    1.121113626042332,
    1.0775941600463899,
    1.1758661613912844,
    1.207667030762089,
    1.1623144051761396,
    1.1104193938903222,
    1.1520120971338947,
    1.174976254172383,
    1.174024895463812,
    1.224454346827169,
    1.1971990816059355,
    1.2540198796883522,
    1.1591165035442994
  ],