{
  "rounds": [
    1,
    2,
    3,
    4,
    5,
    6,
    7,
    8,
    9,
    10,
    11,
    12,
    13,
    14,
    15,
    16,
    17,
    18,
    19,
    20,
    21,
    22,
    23,
    24,
    25,
    26,
    27,
    28,
    29,
    30,
    31,
    32,
    33,
    34,
    35,
    36,
    37,
    38,
    39,
    40,
    41,
    42
  ],
  "accuracy": [
    0.11801242236024845,
    0.2443064182194617,
    0.09316770186335403,
    0.3073055309080154,
    0.3167701863354037,
    0.32416444838805086,
    0.30168589174800353,
    0.453416149068323,
    0.18278615794143743,
    0.10825199645075421,
    0.07187222715173026,
    0.07246376811594203,
    0.10322389825495415,
    0.09523809523809523,
    0.09582963620230701,
    0.10115350488021295,
    0.0813368825791186,
    0.09464655427388347,
    0.09464655427388347,
    0.47737355811889975,
    0.09375924282756581,
    0.18337769890564923,
    0.0837030464359657,
    0.4696835255841467,
    0.2732919254658385,
    0.09464655427388347,
    0.29577048210588586,
    0.43774031351671105,
    0.4847678201715469,
    0.4259094942324756,
    0.47293700088731144,
    0.47471162377994675,
    0.47264123040520556,
    0.47264123040520556,
    0.31913635019225084,
    0.323868677905945,
    0.47264123040520556,
    0.481810115350488,
    0.32416444838805086,
    0.32416444838805086,
    0.32416444838805086,
    0.32416444838805086
  ],
  "loss": [
    2.982698228436086,
    5.363415492564678,
    8.232418898328879,
    4.709657656938428,
    12.992394120691092,
    20.90741927128013,
    24.129657611660758,
    3.7162067209676466,
    6.818786380066035,
    22.759585556283007,
    21.538750120042803,
    17.243064770082228,
    10.493379278388893,
    18.459590844168744,
    11.96809889120098,
    10.32460798465511,
    5.401145305340194,
    14.181689234183265,
    5.734371424638037,
    2.650676729692506,
    10.72438157898757,
    3.4830969128866798,
    6.990069074977682,
    2.425754903653993,
    1.880426825767648,
    9.613877485010688,
    1.7223147264213754,
    1.479744020068268,
    1.3414728913706317,
    1.740327530589833,
    2.0019662661582047,
    1.3002994963136236,
    1.271820566492721,
    1.3474885176991753,
    5.590029920850482,
    1.3531619379133277,
    1.3293372821046276,
    1.3768033283203178,
    1.339214988412042,
    1.412990953082412,
    1.5844945216877013,
    1.4878530803780272
  ],
  "communication_mb": [
    10.919021606445312,
    10.919021606445312,
    10.919021606445312,
    10.919021606445312,
    10.919021606445312,
    10.919021606445312,
    10.919021606445312,
    10.919021606445312,
    10.919021606445312,
    10.919021606445312,
    10.919021606445312,
    10.919021606445312,
    10.919021606445312,
    10.919021606445312,
    10.919021606445312,
    10.919021606445312,
    10.919021606445312,
    10.919021606445312,
    10.919021606445312,
    10.919021606445312,
    10.919021606445312,
    10.919021606445312,
    10.919021606445312,
    10.919021606445312,
    10.919021606445312,
    10.919021606445312,
    10.919021606445312,
    10.919021606445312,
    10.919021606445312,
    10.919021606445312,
    10.919021606445312,
    10.919021606445312,
    10.919021606445312,
    10.919021606445312,
    10.919021606445312,
    10.919021606445312,
    10.919021606445312,
    10.919021606445312,
    10.919021606445312,
    10.919021606445312,
    10.919021606445312,
    10.919021606445312
  ],
  "client_losses": [
    [
      1.4735068765349473,
      1.5506713616851284
    ],
    [
      2.045491789120812,
      2.2363610014142465
    ],
    [
      2.5134801706583434,
      3.2858975385309286
    ],
    [
      2.9472978609211706,
      4.304291539480594
    ],
    [
      2.976146202355607,
      4.701752024242082
    ],
    [
      3.4214439912182724,
      6.371094768595808
    ],
    [
      3.806164135352448,
      7.696388146127334
    ],
    [
      3.4082958367721345,
      6.453832032370389
    ],
    [
      3.4654572578843488,
      5.716322805564794
    ],
    [
      3.631556720778661,
      6.69917912840086
    ],
    [
      4.2486853091960555,
      7.986250401596705
    ],
    [
      4.265500385448395,
      7.945676201320228
    ],
    [
      3.8165092004263124,
      6.193149847142837
    ],
    [
      3.517826466503436,
      6.610553749619647
    ],
    [
      4.1175662724369975,
      7.623538655755402
    ],
    [
      3.968185723319183,
      8.810190805773878
    ],
    [
      3.729477910295436,
      6.818852314992492
    ],
    [
      3.525218707733063,
      5.778055028538781
    ],
    [
      3.1250321507019216,
      5.397833128062377
    ],
    [
      2.964765990600403,
      4.812093855431975
    ],
    [
      2.7949384454068524,
      4.125609796108445
    ],
    [
      3.1981218626546934,
      5.489182292871862
    ],
    [
      2.8154202412103606,
      5.076974426109927
    ],
    [
      2.6108361662395874,
      4.423404660023434
    ],
    [
      2.8253409570196815,
      4.405164019437957
    ],
    [
      2.859979881928978,
      4.420414821115918
    ],
    [
      2.544721589340209,
      4.400580164939124
    ],
    [
      2.4152058323123153,
      4.045962290815213
    ],
    [
      2.3855526775584677,
      3.4965476808018594
    ],
    [
      2.391925391536819,
      3.445380502693958
    ],
    [
      2.4647967243261273,
      4.043963681331362
    ],
    [
      2.8843842581367807,
      4.447594935971049
    ],
    [
      2.426566677997684,
      3.3595199642244604
    ],
    [
      2.1849238142885525,
      3.4295616607513257
    ],
    [
      2.3179059803226836,
      2.9347088816942217
    ],
    [
      2.364386563886087,
      3.498112951810437
    ],
    [
      2.103076022877382,
      3.008463719344804
    ],
    [
      2.2086225482715918,
      3.233346420834322
    ],
    [
      2.0698851140695074,
      2.7522359002989587
    ],
    [
      2.0364749219261675,
      2.37507456213491
    ],
    [
      2.089064758476234,
      2.756561533353237
    ],
    [
      1.8772032063314266,
      2.1146784362724493
    ]
  ],
  "tau_eff": [
    1094.9980964467004,
    1094.9980964467004,
    1094.9980964467004,
    1094.9980964467004,
    1094.9980964467004,
    1094.9980964467004,
    1094.9980964467004,
    1094.9980964467004,
    1094.9980964467004,
    1094.9980964467004,
    1094.9980964467004,
    1094.9980964467004,
    1094.9980964467004,
    1094.9980964467004,
    1094.9980964467004,
    1094.9980964467004,
    1094.9980964467004,
    1094.9980964467004,
    1094.9980964467004,
    1094.9980964467004,
    1094.9980964467004,
    1094.9980964467004,
    1094.9980964467004,
    1094.9980964467004,
    1094.9980964467004,
    1094.9980964467004,
    1094.9980964467004,
    1094.9980964467004,
    1094.9980964467004,
    1094.9980964467004,
    1094.9980964467004,
    1094.9980964467004,
    1094.9980964467004,
    1094.9980964467004,
    1094.9980964467004,
    1094.9980964467004,
    1094.9980964467004,
    1094.9980964467004,
    1094.9980964467004,
    1094.9980964467004,
    1094.9980964467004,
    1094.9980964467004
  ],