{
  "rounds": [
    1,
    2,
    3,
    4,
    5,
    6,
    7,
    8,
    9,
    10,
    11,
    12,
    13,
    14,
    15,
    16,
    17,
    18,
    19,
    20,
    21,
    22,
    23,
    24,
    25,
    26,
    27,
    28,
    29,
    30,
    31,
    32,
    33,
    34,
    35,
    36,
    37,
    38,
    39,
    40,
    41,
    42,
    43,
    44,
    45,
    46,
    47,
    48,
    49,
    50,
    51,
    52,
    53
  ],
  "accuracy": [
    0.5773439810706892,
    0.5036971310263235,
    0.5149364093463472,
    0.5522034900916889,
    0.6042590949423248,
    0.5610766045548654,
    0.5669920141969832,
    0.5687666370896185,
    0.6344276841171251,
    0.5403726708074534,
    0.5279503105590062,
    0.541555752735877,
    0.611357586512866,
    0.6231884057971014,
    0.6577935522034901,
    0.4699792960662526,
    0.6131322094055013,
    0.5708370304643596,
    0.6054421768707483,
    0.5036971310263235,
    0.6234841762792074,
    0.6359065365276545,
    0.559597752144336,
    0.5953859804791481,
    0.5666962437148773,
    0.6237799467613132,
    0.5862170955338657,
    0.6471458148476782,
    0.6169772256728778,
    0.6421177166518781,
    0.5249926057379474,
    0.569949719018042,
    0.6317657497781721,
    0.5995267672286306,
    0.6601597160603372,
    0.6240757172434191,
    0.639751552795031,
    0.6302868973676428,
    0.6359065365276545,
    0.5791186039633245,
    0.6172729961549838,
    0.6651878142561373,
    0.577639751552795,
    0.6444838805087252,
    0.6075125702454895,
    0.6394557823129252,
    0.6027802425317953,
    0.6542443064182195,
    0.6264418811002662,
    0.6551316178645371,
    0.640047323277137,
    0.6311742088139604,
    0.6258503401360545
  ],
  "loss": [
    1.2053627997099101,
    1.1525984605858572,
    1.2361024786332273,
    1.1078775149060227,
    1.0251024585967585,
    1.0990783414414775,
    1.0497475541649892,
    1.077015030528624,
    1.0085449182433652,
    1.0599781794154548,
    1.1835138029475354,
    1.0373508662241022,
    0.961506603209093,
    0.9411612498411164,
    0.8962043165561188,
    1.1417699543127326,
    0.8948877948658314,
    0.9976737609596444,
    0.8890490949735667,
    1.1076589398960925,
    0.9249853130206311,
    0.9354128009008607,
    1.0089141122690497,
    1.018039958077188,
    1.0405969179723786,
    1.0442710015873202,
    0.9590830196469748,
    0.9759255158093793,
    0.9309900827712471,
    0.9818204580344804,
    1.0925794603626462,
    0.953673753502876,
    0.9250274365274768,
    0.9834845593539049,
    0.8925481692322328,
    0.923395297612639,
    0.9200427304072973,
    0.9090336006585398,
    0.979932397894872,
    0.9797746235363162,
    0.9755539017928067,
    0.8810679583957088,
    0.9688635582897093,
    0.874560152345492,
    0.9410700289605815,
    0.9019713564336529,
    1.048252094782728,
    0.898588727032493,
    0.9385002416747803,
    0.9530856997894134,
    0.921522519955865,
    0.9706380614089176,
    0.9696844823259604
  ],
  "communication_mb": [
    10.919021606445312,
    10.919021606445312,
    10.919021606445312,
    10.919021606445312,
    10.919021606445312,
    10.919021606445312,
    10.919021606445312,
    10.919021606445312,
    10.919021606445312,
    10.919021606445312,
    10.919021606445312,
    10.919021606445312,
    10.919021606445312,
    10.919021606445312,
    10.919021606445312,
    10.919021606445312,
    10.919021606445312,
    10.919021606445312,
    10.919021606445312,
    10.919021606445312,
    10.919021606445312,
    10.919021606445312,
    10.919021606445312,
    10.919021606445312,
    10.919021606445312,
    10.919021606445312,
    10.919021606445312,
    10.919021606445312,
    10.919021606445312,
    10.919021606445312,
    10.919021606445312,
    10.919021606445312,
    10.919021606445312,
    10.919021606445312,
    10.919021606445312,
    10.919021606445312,
    10.919021606445312,
    10.919021606445312,
    10.919021606445312,
    10.919021606445312,
    10.919021606445312,
    10.919021606445312,
    10.919021606445312,
    10.919021606445312,
    10.919021606445312,
    10.919021606445312,
    10.919021606445312,
    10.919021606445312,
    10.919021606445312,
    10.919021606445312,
    10.919021606445312,
    10.919021606445312,
    10.919021606445312
  ],
  "client_losses": [
    [
      1.4707736887651472,
      1.5548889866128082
    ],
    [
      1.411101978644189,
      1.421633966059291
    ],
    [
      1.4001822712431065,
      1.4282020230018049
    ],
    [
      1.3786474719611586,
      1.377096312624155
    ],
    [
      1.3615772160588637,
      1.3932836047031378
    ],
    [
      1.3558381180900443,
      1.3717160642525663
    ],
    [
      1.3641815799249326,
      1.3669422119897032
    ],
    [
      1.3468427385321102,
      1.3816362651004808
    ],
    [
      1.333076366642697,
      1.3582151842130479
    ],
    [
      1.3279367402047804,
      1.3411182312964076
    ],
    [
      1.3332462441469264,
      1.35208606206393
    ],
    [
      1.3166387380464635,
      1.3426624452893294
    ],
    [
      1.3275107353549063,
      1.3310657834700543
    ],
    [
      1.3266586899560877,
      1.3448700001146938
    ],
    [
      1.332410518817834,
      1.3441308476555516
    ],
    [
      1.3172834077267994,
      1.3467060778885709
    ],
    [
      1.3116839936404945,
      1.3280000842694122
    ],
    [
      1.309580539000416,
      1.3415710404906211
    ],
    [
      1.3122588900355254,
      1.3432300558771029
    ],
    [
      1.3081378056051562,
      1.313693587801727
    ],
    [
      1.3059678284448668,
      1.3229468327403497
    ],
    [
      1.300429125016514,
      1.333687605942787
    ],
    [
      1.2999512731978344,
      1.3323626448784833
    ],
    [
      1.3016290692719994,
      1.3266009802121677
    ],
    [
      1.2935642873295847,
      1.2924791563614004
    ],
    [
      1.2804550931071288,
      1.3301815968197177
    ],
    [
      1.285860108241876,
      1.3155955134653579
    ],
    [
      1.3033111525961043,
      1.303761314206675
    ],
    [
      1.286918691220034,
      1.329674585126968
    ],
    [
      1.2906858280581714,
      1.304078303098481
    ],
    [
      1.2789262907477286,
      1.2598270558580051
    ],
    [
      1.2956436584805553,
      1.2853319198181208
    ],
    [
      1.2726427038725014,
      1.3061200273659177
    ],
    [
      1.2875490234629294,
      1.2651825383926947
    ],
    [
      1.2735095109292407,
      1.294559483862621
    ],
    [
      1.2763537156950482,
      1.2603794697469455
    ],
    [
      1.2890478714394684,
      1.3065044371603076
    ],
    [
      1.2784363520306792,
      1.318422171233998
    ],
    [
      1.2764775034901241,
      1.261310442117524
    ],
    [
      1.2842423538670649,
      1.2892110315978411
    ],
    [
      1.291143675916136,
      1.2656171440880657
    ],
    [
      1.2892805694866813,
      1.2500761854849411
    ],
    [
      1.2749194681385405,
      1.2752019860934762
    ],
    [
      1.2758227666778827,
      1.3156081866210616
    ],
    [
      1.265550189340643,
      1.212739210700304
    ],
    [
      1.2795714023700513,
      1.2813556994795305
    ],
    [
      1.282689392206415,
      1.2875265628716723
    ],
    [
      1.2751063446975015,
      1.3132232051631818
    ],
    [
      1.2869529581503456,
      1.260191913337149
    ],
    [
      1.2775418157462943,
      1.2328445120629472
    ],
    [
      1.2772702024044218,
      1.2658112813378855
    ],
    [
      1.265131263247236,
      1.255592105731685
    ],
    [
      1.2761072943549907,
      1.2803795711831538
    ]
  ],