{
  "rounds": [
    1,
    2,
    3,
    4,
    5,
    6,
    7,
    8,
    9,
    10,
    11,
    12,
    13,
    14,
    15,
    16,
    17,
    18,
    19,
    20,
    21,
    22,
    23,
    24,
    25,
    26,
    27,
    28
  ],
  "accuracy": [
    0.08015380065069506,
    0.24785566400473233,
    0.10381543921916593,
    0.09257616089914227,
    0.3114463176574978,
    0.32416444838805086,
    0.10499852114758947,
    0.32416444838805086,
    0.09937888198757763,
    0.1044069801833777,
    0.09553386572020113,
    0.09494232475598935,
    0.09435078379177758,
    0.09494232475598935,
    0.09494232475598935,
    0.09139307897071872,
    0.09139307897071872,
    0.09464655427388347,
    0.09464655427388347,
    0.09464655427388347,
    0.09464655427388347,
    0.09346347234545992,
    0.09582963620230701,
    0.2942916296953564,
    0.09464655427388347,
    0.09464655427388347,
    0.09464655427388347,
    0.09464655427388347
  ],
  "loss": [
    12.217978081735623,
    16.119302340634157,
    26.233527246434036,
    52.21910866277876,
    44.492005518293,
    116.55463498783196,
    163.64442682139304,
    96.91704804161814,
    188.77710747570725,
    263.0210091208114,
    247.85101459168075,
    309.20837945720916,
    130.5518206799746,
    359.3951490210979,
    256.17692684612484,
    215.98133461068488,
    247.15677352629973,
    286.1186621236364,
    481.04673639369133,
    286.3227452907432,
    590.0736394169696,
    275.34173711253777,
    452.47485888395676,
    432.54344049525383,
    699.2144409919836,
    849.5644080210847,
    877.8279946797418,
    962.4747482159898
  ],
  "communication_mb": [
    10.919021606445312,
    10.919021606445312,
    10.919021606445312,
    10.919021606445312,
    10.919021606445312,
    10.919021606445312,
    10.919021606445312,
    10.919021606445312,
    10.919021606445312,
    10.919021606445312,
    10.919021606445312,
    10.919021606445312,
    10.919021606445312,
    10.919021606445312,
    10.919021606445312,
    10.919021606445312,
    10.919021606445312,
    10.919021606445312,
    10.919021606445312,
    10.919021606445312,
    10.919021606445312,
    10.919021606445312,
    10.919021606445312,
    10.919021606445312,
    10.919021606445312,
    10.919021606445312,
    10.919021606445312,
    10.919021606445312
  ],
  "client_losses": [
    [
      1.4631199596305609,
      1.5609726246072917
    ],
    [
      3.946969171820645,
      6.977061203848884
    ],
    [
      6.072847030315136,
      12.019393042153792
    ],
    [
      9.425562931766127,
      21.63246078354257
    ],
    [
      11.87278829609885,
      28.40335097071941
    ],
    [
      15.32474166376678,
      36.327434995430536
    ],
    [
      21.180905920861694,
      54.00549599374404
    ],
    [
      23.451310895314506,
      58.16030511695421
    ],
    [
      25.796482181553838,
      57.93741160247642
    ],
    [
      34.07816866969924,
      70.15685981480794
    ],
    [
      51.13357113941524,
      101.96094621238508
    ],
    [
      54.16608973100615,
      103.28120570695062
    ],
    [
      54.81859738688957,
      109.17124046972528
    ],
    [
      55.30274089055971,
      120.79208665103485
    ],
    [
      80.89327463890993,
      147.49871612102146
    ],
    [
      88.07149506244062,
      159.5150451702296
    ],
    [
      81.78838668452424,
      144.36007006080794
    ],
    [
      102.07503015872715,
      177.7461543679731
    ],
    [
      74.34646476611455,
      156.3104955151212
    ],
    [
      85.12820434667971,
      180.1430836645683
    ],
    [
      85.54340778727936,
      180.63654631851983
    ],
    [
      108.07945765922094,
      207.02525688409477
    ],
    [
      85.53113667863346,
      181.2405236388267
    ],
    [
      101.01458801483142,
      190.13939941604306
    ],
    [
      100.70129916677347,
      212.35678145886126
    ],
    [
      125.7823593103062,
      272.00418045520126
    ],
    [
      143.9563404435586,
      304.5054605416058
    ],
    [
      158.45669707802247,
      321.0391738246864
    ]
  ],
  "tau_eff": [
    1094.9980964467004,
    1094.9980964467004,
    1094.9980964467004,
    1094.9980964467004,
    1094.9980964467004,
    1094.9980964467004,
    1094.9980964467004,
    1094.9980964467004,
    1094.9980964467004,
    1094.9980964467004,
    1094.9980964467004,
    1094.9980964467004,
    1094.9980964467004,
    1094.9980964467004,
    1094.9980964467004,
    1094.9980964467004,
    1094.9980964467004,
    1094.9980964467004,
    1094.9980964467004,
    1094.9980964467004,
    1094.9980964467004,
    1094.9980964467004,
    1094.9980964467004,
    1094.9980964467004,
    1094.9980964467004,
    1094.9980964467004,
    1094.9980964467004,
    1094.9980964467004
  ],
  "f1_macro": [
    0.0531526133382733,
    0.09938100057948394,
    0.05053144335776448,
    0.034329585961063884,
    0.10384120490997313,
    0.09792271610453429,
    0.05710583425562334,
    0.09792271610453429,
    0.06979795231223802,
    0.0709783157901559,
    0.04238546721413463,
    0.034683954619124796,
    0.03455185486054698,
    0.034683954619124796,
    0.034683954619124796,
    0.04639850160058765,
    0.039448763641942865,
    0.03458524723047825,
    0.03458524723047825,
    0.03458524723047825,
    0.03458524723047825,
    0.04475887207674948,
    0.03618239871696942,
    0.0981795631712504,
    0.03458524723047825,
    0.03458524723047825,
    0.03458524723047825,
    0.03458524723047825
  ],