{
  "rounds": [
    1,
    2,
    3,
    4,
    5,
    6,
    7,
    8,
    9,
    10,
    11,
    12,
    13,
    14,
    15,
    16,
    17,
    18,
    19,
    20,
    21,
    22,
    23,
    24,
    25,
    26,
    27,
    28
  ],
  "accuracy": [
    0.07128068618751848,
    0.2484472049689441,
    0.09760425909494233,
    0.09228039041703638,
    0.3022774327122153,
    0.32416444838805086,
    0.11150547175391896,
    0.32416444838805086,
    0.09997042295178941,
    0.10795622596864833,
    0.09464655427388347,
    0.09494232475598935,
    0.0940550133096717,
    0.09494232475598935,
    0.09494232475598935,
    0.08459035788228335,
    0.08399881691807158,
    0.09464655427388347,
    0.09464655427388347,
    0.09464655427388347,
    0.09464655427388347,
    0.09228039041703638,
    0.09523809523809523,
    0.2839396628216504,
    0.09464655427388347,
    0.09464655427388347,
    0.09464655427388347,
    0.09464655427388347
  ],
  "loss": [
    12.543196535152784,
    15.814563028560663,
    25.383086610425686,
    49.73275526216558,
    43.08754077066299,
    116.21068498531906,
    160.0736950465611,
    98.71018261868585,
    192.63812092598005,
    270.2047273353231,
    263.3967663444241,
    304.7130226331574,
    133.70724499490055,
    363.0574188367815,
    252.2783794341021,
    206.26017355954144,
    239.46191663045354,
    286.92413178889296,
    473.0953765661538,
    288.5519226579686,
    595.3762602153103,
    283.9712831711,
    462.66842661070353,
    415.5571491610401,
    701.3054853076591,
    835.0556336667755,
    863.4602799414178,
    934.4356940200928
  ],
  "communication_mb": [
    10.919021606445312,
    10.919021606445312,
    10.919021606445312,
    10.919021606445312,
    10.919021606445312,
    10.919021606445312,
    10.919021606445312,
    10.919021606445312,
    10.919021606445312,
    10.919021606445312,
    10.919021606445312,
    10.919021606445312,
    10.919021606445312,
    10.919021606445312,
    10.919021606445312,
    10.919021606445312,
    10.919021606445312,
    10.919021606445312,
    10.919021606445312,
    10.919021606445312,
    10.919021606445312,
    10.919021606445312,
    10.919021606445312,
    10.919021606445312,
    10.919021606445312,
    10.919021606445312,
    10.919021606445312,
    10.919021606445312
  ],
  "client_losses": [
    [
      1.4626932022686967,
      1.5611754972215055
    ],
    [
      3.9420596963250856,
      7.163846723877307
    ],
    [
      6.204551035555529,
      12.052893843383494
    ],
    [
      9.793313734955028,
      21.45591345099381
    ],
    [
      11.711845286046477,
      29.057195697690663
    ],
    [
      15.223299064314194,
      37.28285509102649
    ],
    [
      21.466294913032538,
      53.38498748425323
    ],
    [
      23.35211991708806,
      60.69322340911806
    ],
    [
      26.096175935779442,
      56.718938549260876
    ],
    [
      34.88347225755154,
      72.01911492704588
    ],
    [
      52.48857494977169,
      100.13883731550223
    ],
    [
      54.768766616809096,
      105.85121796572943
    ],
    [
      54.392638681961394,
      106.99234197153567
    ],
    [
      56.32904403134298,
      119.14535924579123
    ],
    [
      79.3094360220652,
      144.8672763557929
    ],
    [
      88.13348201128788,
      161.69012109208126
    ],
    [
      82.16161687336361,
      147.22634140347552
    ],
    [
      102.53137653441725,
      174.93971857778342
    ],
    [
      77.24107510920045,
      157.60217013776517
    ],
    [
      86.81813183418669,
      181.35650871801494
    ],
    [
      86.40594727717065,
      183.1029676233527
    ],
    [
      107.60870506149041,
      202.12113613412052
    ],
    [
      87.12310355866883,
      184.71160182410333
    ],
    [
      103.0735174563329,
      187.78394822934754
    ],
    [
      103.17457923220316,
      213.31775111462062
    ],
    [
      126.00617876190532,
      270.36323856879454
    ],
    [
      146.00081595477002,
      302.92388692464465
    ],
    [
      159.4548121087945,
      322.11868517058423
    ]
  ],
  "tau_eff": [
    1094.9980964467004,
    1094.9980964467004,
    1094.9980964467004,
    1094.9980964467004,
    1094.9980964467004,
    1094.9980964467004,
    1094.9980964467004,
    1094.9980964467004,
    1094.9980964467004,
    1094.9980964467004,
    1094.9980964467004,
    1094.9980964467004,
    1094.9980964467004,
    1094.9980964467004,
    1094.9980964467004,
    1094.9980964467004,
    1094.9980964467004,
    1094.9980964467004,
    1094.9980964467004,
    1094.9980964467004,
    1094.9980964467004,
    1094.9980964467004,
    1094.9980964467004,
    1094.9980964467004,
    1094.9980964467004,
    1094.9980964467004,
    1094.9980964467004,
    1094.9980964467004
  ],
  "f1_macro": [
    0.047810188618466656,
    0.09513706939865221,
    0.05019163719174706,
    0.0373553704076608,
    0.10017007689174344,
    0.09792271610453429,
    0.06507939542127861,
    0.09792271610453429,
    0.06882592514570605,
    0.07400846067512734,
    0.03594904096296854,
    0.034683954619124796,
    0.03448088912984549,
    0.034683954619124796,
    0.034683954619124796,
    0.04457249593872652,
    0.03891430017181619,
    0.034594594594594595,
    0.03458524723047825,
    0.03458524723047825,
    0.03458524723047825,
    0.04064995726243237,
    0.03534993975459218,
    0.09738727086366329,
    0.03458524723047825,
    0.03458524723047825,
    0.03458524723047825,
    0.03458524723047825
  ],