{
  "rounds": [
    1,
    2,
    3,
    4,
    5,
    6,
    7,
    8,
    9,
    10,
    11,
    12,
    13,
    14,
    15,
    16,
    17,
    18,
    19,
    20,
    21,
    22,
    23,
    24,
    25,
    26,
    27,
    28,
    29,
    30,
    31,
    32,
    33,
    34,
    35,
    36,
    37,
    38,
    39,
    40,
    41,
    42,
    43,
    44
  ],
  "accuracy": [
    0.6740609287193138,
    0.6296953564034309,
    0.6433007985803016,
    0.6545400769003253,
    0.6521739130434783,
    0.6326530612244898,
    0.6530612244897959,
    0.6418219461697723,
    0.6560189293108548,
    0.6616385684708667,
    0.6699201419698314,
    0.6758355516119491,
    0.6900325347530316,
    0.678793256433008,
    0.6622301094350784,
    0.6873706004140787,
    0.6853002070393375,
    0.678793256433008,
    0.6279207335107956,
    0.6900325347530316,
    0.6719905353445726,
    0.6817509612540669,
    0.6713989943803609,
    0.6716947648624667,
    0.6699201419698314,
    0.6796805678793256,
    0.6935817805383023,
    0.6681455190771961,
    0.7015675835551612,
    0.7116237799467613,
    0.7181307305530908,
    0.6844128955930198,
    0.7172434191067731,
    0.7018633540372671,
    0.7057083703046436,
    0.6850044365572315,
    0.6918071576456669,
    0.6651878142561373,
    0.7151730257320319,
    0.6971310263235729,
    0.7018633540372671,
    0.7080745341614907,
    0.7033422064477965,
    0.7006802721088435
  ],
  "loss": [
    0.8918822003835336,
    0.8937203338850677,
    0.8562321046670842,
    0.8845156962368764,
    0.8513269410158748,
    0.8617113338123937,
    0.8293393581127211,
    0.846054710410326,
    0.8242021015641676,
    0.8172132144733069,
    0.8092036723773249,
    0.8107772569302376,
    0.7975194671914903,
    0.8057990411406118,
    0.8173692851015817,
    0.794160150716517,
    0.7998066377583357,
    0.8046886529646763,
    0.8387768720071438,
    0.8035014877478704,
    0.7942852934448369,
    0.784439427353369,
    0.7810638034636366,
    0.7848911873689949,
    0.8278995107455002,
    0.7846958191216398,
    0.7722784077599358,
    0.7771779875172133,
    0.7539287455615755,
    0.7616043072750286,
    0.7736444595261319,
    0.7799836123740662,
    0.7626188714646687,
    0.7561453412672854,
    0.7600097726767178,
    0.771573431223534,
    0.7686417242614026,
    0.7932309630406534,
    0.7461912019723127,
    0.759116280126487,
    0.7654630518530784,
    0.7580245331489486,
    0.7502937919023086,
    0.7501601288389856
  ],
  "communication_mb": [
    10.919021606445312,
    10.919021606445312,
    10.919021606445312,
    10.919021606445312,
    10.919021606445312,
    10.919021606445312,
    10.919021606445312,
    10.919021606445312,
    10.919021606445312,
    10.919021606445312,
    10.919021606445312,
    10.919021606445312,
    10.919021606445312,
    10.919021606445312,
    10.919021606445312,
    10.919021606445312,
    10.919021606445312,
    10.919021606445312,
    10.919021606445312,
    10.919021606445312,
    10.919021606445312,
    10.919021606445312,
    10.919021606445312,
    10.919021606445312,
    10.919021606445312,
    10.919021606445312,
    10.919021606445312,
    10.919021606445312,
    10.919021606445312,
    10.919021606445312,
    10.919021606445312,
    10.919021606445312,
    10.919021606445312,
    10.919021606445312,
    10.919021606445312,
    10.919021606445312,
    10.919021606445312,
    10.919021606445312,
    10.919021606445312,
    10.919021606445312,
    10.919021606445312,
    10.919021606445312,
    10.919021606445312,
    10.919021606445312
  ],
  "client_losses": [
    [
      1.3318126707512714,
      1.282748538064069
    ],
    [
      1.20720215701008,
      1.1699494494399443
    ],
    [
      1.1864909890541167,
      1.1612367350034505
    ],
    [
      1.170221786692663,
      1.1465233876217036
    ],
    [
      1.1654955329830472,
      1.1357765152167951
    ],
    [
      1.156500036583334,
      1.124161539989478
    ],
    [
      1.1480105317385265,
      1.1172730655436185
    ],
    [
      1.1460596779679688,
      1.101604703154459
    ],
    [
      1.1376764282760685,
      1.103511821437003
    ],
    [
      1.14858673347031,
      1.1036879087260936
    ],
    [
      1.1236401537953296,
      1.0898760394598224
    ],
    [
      1.1222172013394118,
      1.096548781540188
    ],
    [
      1.1107348331541782,
      1.0802056726868785
    ],
    [
      1.1181259188958634,
      1.0855709940043803
    ],
    [
      1.1190219990694785,
      1.075234297366715
    ],
    [
      1.1214338528525003,
      1.088938922385879
    ],
    [
      1.1192082834526165,
      1.072401182784647
    ],
    [
      1.1118160563071973,
      1.0763586285150595
    ],
    [
      1.1076857489377714,
      1.0671541026401035
    ],
    [
      1.1103146876175392,
      1.0673009195101846
    ],
    [
      1.1039228833468029,
      1.0664852744633373
    ],
    [
      1.0890182517305043,
      1.0675065482328385
    ],
    [
      1.1077798126716096,
      1.0592250545617892
    ],
    [
      1.100220173345201,
      1.0605706150156593
    ],
    [
      1.1095442492748073,
      1.0755694231607789
    ],
    [
      1.087026123266333,
      1.0548834682519463
    ],
    [
      1.1012686096472184,
      1.065566044430644
    ],
    [
      1.0758289343612852,
      1.0509428834552088
    ],
    [
      1.0877246746355305,
      1.0507944609308
    ],
    [
      1.0911601390128611,
      1.054178312688108
    ],
    [
      1.0834364486829884,
      1.0482474893684517
    ],
    [
      1.0891077368795972,
      1.048947351071637
    ],
    [
      1.07864221090391,
      1.057820023155051
    ],
    [
      1.0744356261897208,
      1.0465684635183332
    ],
    [
      1.0746942943929618,
      1.0503329213702335
    ],
    [
      1.0884891790585267,
      1.041143258049605
    ],
    [
      1.0752291884519123,
      1.0520356584321424
    ],
    [
      1.073382532334368,
      1.0451728926092234
    ],
    [
      1.068103011267641,
      1.0358550879354202
    ],
    [
      1.0875253378437255,
      1.0482567147756792
    ],
    [
      1.0762344685101066,
      1.0503681714562998
    ],
    [
      1.0740346342779052,
      1.0510880218141172
    ],
    [
      1.0712977468059752,
      1.0321299710249539
    ],
    [
      1.0834725573986719,
      1.0362414235390986
    ]
  ],
  "tau_eff": [
    739.0,
    739.0,
    739.0,
    739.0,
    739.0,
    739.0,
    739.0,
    739.0,
    739.0,
    739.0,
    739.0,
    739.0,
    739.0,
    739.0,
    739.0,
    739.0,
    739.0,
    739.0,
    739.0,
    739.0,
    739.0,
    739.0,
    739.0,
    739.0,
    739.0,
    739.0,
    739.0,
    739.0,
    739.0,
    739.0,
    739.0,
    739.0,
    739.0,
    739.0,
    739.0,
    739.0,
    739.0,
    739.0,
    739.0,
    739.0,
    739.0,
    739.0,
    739.0,
    739.0
  ],
  "f1_macro": [
    0.4746045333528871,
    0.45521193959509565,
    0.47179435380710644,
    0.48126679142308354,
    0.48392914525529696,
    0.46515283569009763,
    0.4763762138608912,
    0.4749907994208664,
    0.48697338481525054,
    0.48831783420791586,
    0.4892418689882964,
    0.5015743263643151,
    0.5132500433809314,
    0.5016071703956181,
    0.49297260209618576,
    0.5045540562168562,
    0.5101110146393218,
    0.5035076473534186,
    0.4568210466104269,
    0.5157272999028569,
    0.5008518062937516,
    0.5042970709999224,
    0.49705906974753333,
    0.4929848905649493,
    0.49130737609431907,
    0.5001977403318084,
    0.5077596808416709,
    0.4936845427165909,
    0.5209510260772638,
    0.5246281902125393,
    0.5275800585830015,
    0.5070097427842926,
    0.528175430329971,
    0.5217055499153362,
    0.5240056754399933,
    0.5152122555873075,
    0.5156372342151982,
    0.4979593470114986,
    0.5297605853122146,
    0.5138494291163649,
    0.5225819299086533,
    0.5251166910544696,
    0.5237036959301711,
    0.5208111490357925
  ],