{
  "rounds": [
    1,
    2
  ],
  "accuracy": [
    0.23333333333333334,
    0.3333333333333333
  ],
  "loss": [
    1.6020984649658203,
    1.6055404901504517
  ],
  "communication_mb": [
    10.919021606445312,
    10.919021606445312
  ],
  "client_losses": [
    [
      1.6682628949483236,
      1.6353152831395468
    ],
    [
      1.6192140897115073,
      1.604784941673279
    ]
  ],
  "tau_eff": [
    8.0,
    8.0
  ],
  "f1_macro": [
    0.23948939948939948,
    0.3221001221001221
  ],
  "per_class_f1": [
    [
      0.2,
      0.2857142857142857,
      0.18181818181818182,
      0.3076923076923077,
      0.2222222222222222
    ],
    [
      0.3333333333333333,
      0.2857142857142857,
      0.2222222222222222,
      0.3076923076923077,
      0.46153846153846156
    ]
  ],
  "round_duration_s": [
    0.7319278717041016,
    0.18314623832702637
  ]
}