{
  "rounds": [
    1
  ],
  "accuracy": [
    0.5131695767978692
  ],
  "loss": [
    1.1625853854193777
  ],
  "communication_mb": [
    10.858474731445312
  ],
  "client_losses": [
    [
      1.4405857464812728,
      1.4154714976972242
    ]
  ]
}