{
  "rounds": [
    1,
    2,
    3,
    4,
    5,
    6,
    7,
    8,
    9,
    10,
    11,
    12,
    13,
    14,
    15,
    16,
    17,
    18,
    19,
    20,
    21,
    22,
    23,
    24,
    25,
    26,
    27,
    28,
    29,
    30,
    31,
    32,
    33,
    34,
    35,
    36,
    37,
    38,
    39,
    40,
    41,
    42
  ],
  "accuracy": [
    0.2023070097604259,
    0.18515232179828453,
    0.26855959775214433,
    0.24371487725524993,
    0.2318840579710145,
    0.21029281277728482,
    0.2191659272404614,
    0.2005323868677906,
    0.27477077787636794,
    0.2277432712215321,
    0.22153209109730848,
    0.27624963028689736,
    0.26974267968056787,
    0.24105294291629695,
    0.3146997929606625,
    0.2670807453416149,
    0.3114463176574978,
    0.3052351375332742,
    0.28512274475007393,
    0.3303756285122745,
    0.32712215320910976,
    0.2656018929310855,
    0.3002070393374741,
    0.28512274475007393,
    0.2889677610174505,
    0.2969535640343094,
    0.310854776693286,
    0.29310854776693285,
    0.2922212363206152,
    0.27003845016267375,
    0.31765749778172137,
    0.29310854776693285,
    0.2821650399290151,
    0.23898254954155576,
    0.30109435078379176,
    0.30967169476486245,
    0.2886719905353446,
    0.30168589174800353,
    0.303164744158533,
    0.27447500739426206,
    0.27861579414374443,
    0.2774327122153209
  ],
  "loss": [
    2.0376493462935175,
    2.360283503057124,
    2.241563716819039,
    2.7333629520571963,
    2.0550680055451864,
    2.5885584863182074,
    2.6127971644868375,
    2.239115463174754,
    2.261197965231847,
    2.2144821189769237,
    2.447816890430535,
    2.7677256956639216,
    2.5374695017153748,
    2.543823155204561,
    2.5236734456827006,
    2.471026147409714,
    2.3853087822772525,
    2.328049377131413,
    2.513307762371651,
    2.432465822253838,
    2.4598562842605736,
    2.452664284761119,
    2.5135094186886637,
    2.6119947599539635,
    2.6515042519153345,
    2.744060687361579,
    2.7494681952303592,
    2.490169456885856,
    2.5845085878549896,
    2.292988082354889,
    2.8751005725161067,
    2.47270090405104,
    2.256356027449986,
    2.4506447436858196,
    2.3474008920664478,
    2.433620055869147,
    2.26136791286508,
    2.2416111335568227,
    2.4471915863703355,
    2.455162386610747,
    2.8245970489569086,
    2.4672071866049845
  ],
  "communication_mb": [
    5.459510803222656,
    5.459510803222656,
    5.459510803222656,
    5.459510803222656,
    5.459510803222656,
    5.459510803222656,
    5.459510803222656,
    5.459510803222656,
    5.459510803222656,
    5.459510803222656,
    5.459510803222656,
    5.459510803222656,
    5.459510803222656,
    5.459510803222656,
    5.459510803222656,
    5.459510803222656,
    5.459510803222656,
    5.459510803222656,
    5.459510803222656,
    5.459510803222656,
    5.459510803222656,
    5.459510803222656,
    5.459510803222656,
    5.459510803222656,
    5.459510803222656,
    5.459510803222656,
    5.459510803222656,
    5.459510803222656,
    5.459510803222656,
    5.459510803222656,
    5.459510803222656,
    5.459510803222656,
    5.459510803222656,
    5.459510803222656,
    5.459510803222656,
    5.459510803222656,
    5.459510803222656,
    5.459510803222656,
    5.459510803222656,
    5.459510803222656,
    5.459510803222656,
    5.459510803222656
  ],
  "client_losses": [
    [
      1.555382977135107
    ],
    [
      1.4136119659221558
    ],
    [
      1.4173159808027451
    ],
    [
      1.394216180341542
    ],
    [
      1.3956414799899628
    ],
    [
      1.4096624888757485
    ],
    [
      1.3693862273461974
    ],
    [
      1.366569407059981
    ],
    [
      1.376802019966271
    ],
    [
      1.3857531351004144
    ],
    [
      1.3769449854516023
    ],
    [
      1.371619771097089
    ],
    [
      1.3516281919481345
    ],
    [
      1.350651572106853
    ],
    [
      1.3209428855873082
    ],
    [
      1.360411272954954
    ],
    [
      1.3136632320005832
    ],
    [
      1.3566694839723004
    ],
    [
      1.342119349132286
    ],
    [
      1.3088818221288436
    ],
    [
      1.3039550485448987
    ],
    [
      1.3425795774010787
    ],
    [
      1.3155816318053166
    ],
    [
      1.3337297836774886
    ],
    [
      1.3094876844953418
    ],
    [
      1.319592389916228
    ],
    [
      1.3099224056140129
    ],
    [
      1.2889720464536283
    ],
    [
      1.3473650707918055
    ],
    [
      1.2979137825886868
    ],
    [
      1.2456187194008026
    ],
    [
      1.3096168393490888
    ],
    [
      1.2901754977788031
    ],
    [
      1.289898216428101
    ],
    [
      1.287399763282048
    ],
    [
      1.2153576645723398
    ],
    [
      1.3349760769233951
    ],
    [
      1.297426105599086
    ],
    [
      1.2307287323906158
    ],
    [
      1.2919884272880628
    ],
    [
      1.2867535142090663
    ],
    [
      1.265155292814919
    ]
  ],
  "tau_eff": [
    227.0,
    227.0,
    227.0,
    227.0,
    227.0,
    227.0,
    227.0,
    227.0,
    227.0,
    227.0,
    227.0,
    227.0,
    227.0,
    227.0,
    227.0,
    227.0,
    227.0,
    227.0,
    227.0,
    227.0,
    227.0,
    227.0,
    227.0,
    227.0,
    227.0,
    227.0,
    227.0,
    227.0,
    227.0,
    227.0,
    227.0,
    227.0,
    227.0,
    227.0,
    227.0,
    227.0,
    227.0,
    227.0,
    227.0,
    227.0,
    227.0,
    227.0
  ],
  "f1_macro": [
    0.16578068541830038,
    0.14252529003910275,
    0.20707330867865345,
    0.22480059745286676,
    0.18271016385569078,
    0.1952534532255902,
    0.18754734088587716,
    0.161837910262081,
    0.19837157272063596,
    0.1793541408404704,
    0.18471598903083858,
    0.23193791021611498,
    0.20479214979012733,
    0.1887834718998251,
    0.20867196444646668,
    0.20081246399412409,
    0.20987747483925298,
    0.21135039518070348,
    0.21060738304257778,
    0.21971300027800694,
    0.22979137239297825,
    0.21006870449369072,
    0.21846493713160137,
    0.2123563952560267,
    0.21888917415922854,
    0.21355343375407987,
    0.22041613310608438,
    0.21352707881558475,
    0.2111112145160904,
    0.19974063096505618,
    0.21097323414329586,
    0.21434953338621807,
    0.20225215522154136,
    0.18720081956454565,
    0.2076050702805463,
    0.21682425602094701,
    0.2015144327788006,
    0.21156576968437907,
    0.20348997301936772,
    0.2073353844158535,
    0.20700068643331923,
    0.20672796868930288
  ],