{
  "rounds": [
    1,
    2,
    3,
    4,
    5,
    6,
    7,
    8,
    9,
    10,
    11,
    12,
    13,
    14,
    15,
    16,
    17,
    18,
    19,
    20,
    21,
    22,
    23,
    24,
    25,
    26,
    27,
    28,
    29,
    30,
    31,
    32,
    33,
    34,
    35,
    36,
    37,
    38,
    39,
    40,
    41,
    42
  ],
  "accuracy": [
    0.2481514344868382,
    0.3070097604259095,
    0.09228039041703638,
    0.29281277728482696,
    0.13664596273291926,
    0.32416444838805086,
    0.2170955338657202,
    0.33067139899438036,
    0.09701271813073055,
    0.0899142265601893,
    0.085477669328601,
    0.08281573498964803,
    0.30612244897959184,
    0.09494232475598935,
    0.08932268559597752,
    0.10973084886128365,
    0.047619047619047616,
    0.09464655427388347,
    0.09464655427388347,
    0.47086660751257026,
    0.09494232475598935,
    0.1254066844128956,
    0.09937888198757763,
    0.4824016563146998,
    0.18840579710144928,
    0.09464655427388347,
    0.3149955634427684,
    0.4720496894409938,
    0.4986690328305235,
    0.3132209405501331,
    0.15409642117716651,
    0.11416740609287193,
    0.471458148476782,
    0.47264123040520556,
    0.3235729074238391,
    0.3220940550133097,
    0.4676131322094055,
    0.453416149068323,
    0.32416444838805086,
    0.32416444838805086,
    0.32416444838805086,
    0.32416444838805086
  ],
  "loss": [
    1.950423165349275,
    7.831444695164416,
    14.519628503343052,
    9.583622740909426,
    12.181649135013052,
    20.209173061480293,
    18.830134295881304,
    4.939073523696588,
    9.324405300938071,
    20.57398513956417,
    17.852389991865184,
    15.09350070809514,
    6.629763602646312,
    22.103858183911832,
    16.957068660773317,
    11.075600271639617,
    8.669735483571786,
    15.970823348326572,
    7.1072147319176535,
    3.058378902633879,
    13.737055022136166,
    8.37696174375054,
    7.557042190147835,
    2.205774105571847,
    2.550267384976757,
    13.856008983229575,
    1.9306685881514551,
    1.31242866157886,
    1.349418634283793,
    2.021003158019866,
    2.8232282809483444,
    2.2603787806075695,
    1.2755440929450075,
    1.3469605907044162,
    6.809608063448184,
    1.3503651312207794,
    1.3279948350206277,
    1.3692414002529936,
    1.3335549202377153,
    1.4030274094931652,
    1.5750651772083597,
    1.4893895064328275
  ],
  "communication_mb": [
    10.919021606445312,
    10.919021606445312,
    10.919021606445312,
    10.919021606445312,
    10.919021606445312,
    10.919021606445312,
    10.919021606445312,
    10.919021606445312,
    10.919021606445312,
    10.919021606445312,
    10.919021606445312,
    10.919021606445312,
    10.919021606445312,
    10.919021606445312,
    10.919021606445312,
    10.919021606445312,
    10.919021606445312,
    10.919021606445312,
    10.919021606445312,
    10.919021606445312,
    10.919021606445312,
    10.919021606445312,
    10.919021606445312,
    10.919021606445312,
    10.919021606445312,
    10.919021606445312,
    10.919021606445312,
    10.919021606445312,
    10.919021606445312,
    10.919021606445312,
    10.919021606445312,
    10.919021606445312,
    10.919021606445312,
    10.919021606445312,
    10.919021606445312,
    10.919021606445312,
    10.919021606445312,
    10.919021606445312,
    10.919021606445312,
    10.919021606445312,
    10.919021606445312,
    10.919021606445312
  ],
  "client_losses": [
    [
      1.4413812609127135,
      1.4893884661776424
    ],
    [
      2.1182657620535132,
      2.3621437032062746
    ],
    [
      2.5495061504119723,
      3.2266179982287815
    ],
    [
      3.0200058062645017,
      4.742098372076731
    ],
    [
      2.9841442119468433,
      5.043567327134881
    ],
    [
      3.714078702640329,
      6.877486741072037
    ],
    [
      3.723866227980921,
      7.625476102347006
    ],
    [
      3.251017975148588,
      5.570784866530011
    ],
    [
      3.380046484847783,
      5.2091507879418915
    ],
    [
      3.660774600583837,
      6.335352469267551
    ],
    [
      4.272644618167417,
      8.260210396801691
    ],
    [
      4.31403801888875,
      8.385756870950331
    ],
    [
      4.003253641861696,
      6.948744132551032
    ],
    [
      3.8635311029288335,
      7.376765219686572
    ],
    [
      4.436587247977611,
      8.584229249646077
    ],
    [
      4.3547659187956675,
      9.365499251127835
    ],
    [
      4.157871822012942,
      7.876560829845261
    ],
    [
      3.9237219257498603,
      6.682348909907432
    ],
    [
      3.3682193330989816,
      5.884570094637699
    ],
    [
      3.1961487444185868,
      5.237134917735132
    ],
    [
      3.1223915317531494,
      4.738929782115238
    ],
    [
      3.4606593272338126,
      6.236155690491051
    ],
    [
      3.0548003384554754,
      5.6930822631464055
    ],
    [
      2.6904370246921316,
      4.934281089364478
    ],
    [
      2.804075903829158,
      4.746188602174919
    ],
    [
      2.8867721732688527,
      4.6243371931896196
    ],
    [
      2.638917284713555,
      4.499455556261115
    ],
    [
      2.446926549298106,
      4.23836128878284
    ],
    [
      2.3654894604716983,
      3.6922742124092376
    ],
    [
      2.471427522962568,
      3.592882330659278
    ],
    [
      2.5318812467018277,
      4.450598922166927
    ],
    [
      2.965581264003506,
      4.75436272992511
    ],
    [
      2.5735155896377333,
      3.661803790200188
    ],
    [
      2.316310135627092,
      3.6100817228410493
    ],
    [
      2.3389607050945376,
      2.9503752623628894
    ],
    [
      2.3969201881798945,
      3.662140300115213
    ],
    [
      2.1432705655120112,
      3.0557944849689043
    ],
    [
      2.192963215716325,
      3.40153035436734
    ],
    [
      2.0900940653017646,
      2.8016377586055548
    ],
    [
      2.020654940159744,
      2.4565800256868715
    ],
    [
      2.086993616773827,
      2.800839438717591
    ],
    [
      1.883892314311025,
      2.1926193283724214
    ]
  ],
  "tau_eff": [
    1094.9980964467004,
    1094.9980964467004,
    1094.9980964467004,
    1094.9980964467004,
    1094.9980964467004,
    1094.9980964467004,
    1094.9980964467004,
    1094.9980964467004,
    1094.9980964467004,
    1094.9980964467004,
    1094.9980964467004,
    1094.9980964467004,
    1094.9980964467004,
    1094.9980964467004,
    1094.9980964467004,
    1094.9980964467004,
    1094.9980964467004,
    1094.9980964467004,
    1094.9980964467004,
    1094.9980964467004,
    1094.9980964467004,
    1094.9980964467004,
    1094.9980964467004,
    1094.9980964467004,
    1094.9980964467004,
    1094.9980964467004,
    1094.9980964467004,
    1094.9980964467004,
    1094.9980964467004,
    1094.9980964467004,
    1094.9980964467004,
    1094.9980964467004,
    1094.9980964467004,
    1094.9980964467004,
    1094.9980964467004,
    1094.9980964467004,
    1094.9980964467004,
    1094.9980964467004,
    1094.9980964467004,
    1094.9980964467004,
    1094.9980964467004,
    1094.9980964467004
  ],