{
  "rounds": [
    1,
    2,
    3,
    4,
    5,
    6,
    7,
    8,
    9,
    10,
    11,
    12,
    13,
    14,
    15,
    16,
    17,
    18,
    19,
    20,
    21,
    22,
    23,
    24,
    25,
    26,
    27,
    28,
    29,
    30,
    31,
    32,
    33,
    34,
    35,
    36,
    37,
    38,
    39,
    40,
    41,
    42,
    43,
    44,
    45,
    46,
    47,
    48,
    49,
    50,
    51,
    52,
    53,
    54,
    55,
    56,
    57,
    58,
    59,
    60,
    61,
    62,
    63,
    64,
    65,
    66,
    67,
    68,
    69,
    70,
    71,
    72,
    73,
    74,
    75,
    76,
    77,
    78,
    79,
    80,
    81,
    82,
    83,
    84,
    85,
    86,
    87,
    88,
    89,
    90,
    91,
    92,
    93,
    94,
    95,
    96,
    97,
    98,
    99,
    100,
    101,
    102,
    103,
    104,
    105,
    106,
    107,
    108,
    109,
    110,
    111,
    112,
    113,
    114,
    115,
    116,
    117,
    118,
    119,
    120
  ],
  "accuracy": [
    0.5758651286601597,
    0.5480627033422064,
    0.5607808340727596,
    0.5729074238391009,
    0.5448092280390417,
    0.528541851523218,
    0.6125406684412895,
    0.6098787341023366,
    0.5560485063590653,
    0.5770482105885832,
    0.5959775214433599,
    0.567583555161195,
    0.5548654244306418,
    0.616681455190772,
    0.6285122744750073,
    0.5998225377107365,
    0.567583555161195,
    0.6240757172434191,
    0.5548654244306418,
    0.5501330967169477,
    0.5448092280390417,
    0.6086956521739131,
    0.6231884057971014,
    0.5634427684117125,
    0.6329488317065957,
    0.5634427684117125,
    0.6196391600118308,
    0.6054421768707483,
    0.5992309967465247,
    0.5944986690328306,
    0.6154983732623485,
    0.6095829636202307,
    0.6276249630286898,
    0.6092871931381248,
    0.6024844720496895,
    0.6042590949423248,
    0.6134279798876072,
    0.5939071280686188,
    0.6231884057971014,
    0.6193433895297249,
    0.624371487725525,
    0.6128364389233955,
    0.5968648328896776,
    0.6131322094055013,
    0.5755693581780539,
    0.5865128660159716,
    0.6190476190476191,
    0.6228926353149956,
    0.6255545696539485,
    0.5947944395149364,
    0.5971606033717834,
    0.6332446021887016,
    0.5959775214433599,
    0.6175687666370896,
    0.6033717834960071,
    0.5968648328896776,
    0.5628512274475007,
    0.6089914226560189,
    0.5891748003549245,
    0.5944986690328306,
    0.5891748003549245,
    0.6261461106181603,
    0.6237799467613132,
    0.621709553386572,
    0.6107660455486542,
    0.5844424726412304,
    0.6438923395445134,
    0.5915409642117717,
    0.6045548654244306,
    0.5936113575865128,
    0.5962732919254659,
    0.5971606033717834,
    0.6157941437444543,
    0.6134279798876072,
    0.6069210292812778,
    0.6160899142265602,
    0.6311742088139604,
    0.5841467021591246,
    0.6344276841171251,
    0.6024844720496895,
    0.5773439810706892,
    0.6317657497781721,
    0.6101745045844424,
    0.6353149955634427,
    0.5986394557823129,
    0.5847382431233363,
    0.6089914226560189,
    0.6004140786749482,
    0.5788228334812185,
    0.6169772256728778,
    0.5980479148181012,
    0.6066252587991718,
    0.5832593907128069,
    0.6146110618160308,
    0.6311742088139604,
    0.5841467021591246,
    0.5995267672286306,
    0.6320615202602781,
    0.626737651582372,
    0.6264418811002662,
    0.6415261756876663,
    0.6258503401360545,
    0.5752735876959479,
    0.5995267672286306,
    0.637385388938184,
    0.6089914226560189,
    0.582963620230701,
    0.6234841762792074,
    0.5989352262644189,
    0.5974563738538894,
    0.6086956521739131,
    0.6187518485655131,
    0.6160899142265602,
    0.627033422064478,
    0.6039633244602188,
    0.6288080449571133,
    0.5962732919254659,
    0.6486246672582077,
    0.6285122744750073,
    0.6208222419402544
  ],
  "loss": [
    1.2643303653256706,
    1.0954627490755864,
    1.166286280542321,
    1.1945773283428993,
    1.233726544762391,
    1.2461708960748925,
    1.1710187889210255,
    1.1197309070210315,
    1.146152790324006,
    1.232521654374146,
    1.2790367249658354,
    1.1873180800307894,
    1.2480267699178738,
    1.1159192458019918,
    1.1150785612305463,
    1.101383429171594,
    1.1474182776747566,
    1.1822320637848207,
    1.1102113092626138,
    1.279593924346389,
    1.2591360690360307,
    1.0944069557308411,
    1.1538806754574553,
    1.200133548337163,
    1.1158456728677713,
    1.2166055291053706,
    1.1233237823132614,
    1.1388131410756148,
    1.1690015117292114,
    1.1407231662231803,
    1.1957520469692606,
    1.164189731288471,
    1.1990630289606357,
    1.1879440323906656,
    1.2839068977200254,
    1.206306479168305,
    1.211517807507226,
    1.173130255696055,
    1.1632843141688358,
    1.168932717814667,
    1.1579763026182484,
    1.1610894906594886,
    1.1304273990017886,
    1.1653558359242022,
    1.1776027933657787,
    1.12701577619842,
    1.200845799125958,
    1.1352173210565453,
    1.1697643295402043,
    1.2032699026112301,
    1.0967424472948744,
    1.1822590487343925,
    1.2068796115526608,
    1.2278564032348998,
    1.1498786298807682,
    1.3743633291700894,
    1.2859343740933749,
    1.2074332981905054,
    1.3373561215732126,
    1.3175413337412476,
    1.290973546483114,
    1.2064979555197137,
    1.1677640761471613,
    1.1798302222200838,
    1.1277311154280636,
    1.1827732213535664,
    1.105227458586322,
    1.1986142758327418,
    1.1963044710675488,
    1.2816385551163234,
    1.232221021838387,
    1.2295252564601453,
    1.1212523727507253,
    1.1215295089274884,
    1.1566008093864104,
    1.1963881088128212,
    1.2306294852338293,
    1.2238847774995287,
    1.129944644429845,
    1.160512517944873,
    1.2206068256133338,
    1.1743820027041385,
    1.1480192133252771,
    1.1269905218109157,
    1.1751556024153675,
    1.2256355804650962,
    1.195418845017046,
    1.13166535482432,
    1.1780477116637524,
    1.1955310592845994,
    1.1785848838131443,
    1.1648461777795105,
    1.1800165695398033,
    1.1559841381801863,
    1.205098829901243,
    1.2898001819981233,
    1.2466698672002112,
    1.2526961929591511,
    1.195375141608084,
    1.2192892143268692,
    1.0915152500170076,
    1.212524458065219,
    1.2588870312750815,
    1.1427991895483853,
    1.0565470881237853,
    1.2384167343016665,
    1.1624101790687946,
    1.2341777085552763,
    1.1410443791621043,
    1.1717980660760379,
    1.283669744712719,
    1.165096413733091,
    1.143184295457977,
    1.180868088652558,
    1.2232785157570645,
    1.1305626823294976,
    1.2204969421148089,
    1.1921888704449424,
    1.1829972536173914,
    1.2225767985775216
  ],