{
  "rounds": [
    1,
    2,
    3,
    4,
    5,
    6,
    7,
    8,
    9,
    10,
    11,
    12,
    13,
    14,
    15,
    16,
    17,
    18,
    19,
    20,
    21,
    22,
    23,
    24,
    25,
    26,
    27,
    28,
    29,
    30,
    31,
    32,
    33,
    34,
    35,
    36,
    37,
    38,
    39
  ],
  "accuracy": [
    0.1750961254066844,
    0.18041999408459036,
    0.26619343389529726,
    0.23425022182786157,
    0.19520851818988466,
    0.20822241940254363,
    0.24578527062999111,
    0.22626441881100265,
    0.22833481218574386,
    0.20141969831410825,
    0.22005323868677906,
    0.2153209109730849,
    0.21620822241940255,
    0.19668737060041408,
    0.2904466134279799,
    0.22301094350783793,
    0.3132209405501331,
    0.2658976634131914,
    0.2463768115942029,
    0.2984324164448388,
    0.3318544809228039,
    0.2587991718426501,
    0.26323572907423837,
    0.2724046140195209,
    0.22034900916888495,
    0.2005323868677906,
    0.28305235137533274,
    0.2522922212363206,
    0.23898254954155576,
    0.2922212363206152,
    0.3152913339248743,
    0.27033422064477963,
    0.29340431824903873,
    0.2718130730553091,
    0.29133392487429755,
    0.2937000887311446,
    0.28660159716060335,
    0.2818692694469092,
    0.3132209405501331
  ],
  "loss": [
    1.9230040621031181,
    2.1583702030424465,
    2.172916066537274,
    2.5007151399480985,
    2.299786664049712,
    2.1989163548168578,
    2.2881951587717055,
    2.376976402826261,
    2.355233862392298,
    2.5280071925355356,
    2.940327205449228,
    2.72833017455301,
    2.5053657883548484,
    2.4094644845395847,
    2.3571081435281966,
    2.352669321566917,
    2.574804651864144,
    2.086810779797188,
    1.9844194619975053,
    2.059983127006445,
    2.372766949516258,
    2.4836089364243343,
    2.3928695015567394,
    2.6315457039562,
    2.8838151215590235,
    2.6744389792794627,
    2.6845545432370854,
    2.439958579791999,
    2.476457555454111,
    2.13143618043024,
    2.8486266248291745,
    2.668019477924769,
    2.836397476536182,
    2.5302594465392825,
    2.6479886278391094,
    2.59943327322686,
    2.1931244455050942,
    2.197023874660527,
    2.3263046785206245
  ],
  "communication_mb": [
    5.459510803222656,
    5.459510803222656,
    5.459510803222656,
    5.459510803222656,
    5.459510803222656,
    5.459510803222656,
    5.459510803222656,
    5.459510803222656,
    5.459510803222656,
    5.459510803222656,
    5.459510803222656,
    5.459510803222656,
    5.459510803222656,
    5.459510803222656,
    5.459510803222656,
    5.459510803222656,
    5.459510803222656,
    5.459510803222656,
    5.459510803222656,
    5.459510803222656,
    5.459510803222656,
    5.459510803222656,
    5.459510803222656,
    5.459510803222656,
    5.459510803222656,
    5.459510803222656,
    5.459510803222656,
    5.459510803222656,
    5.459510803222656,
    5.459510803222656,
    5.459510803222656,
    5.459510803222656,
    5.459510803222656,
    5.459510803222656,
    5.459510803222656,
    5.459510803222656,
    5.459510803222656,
    5.459510803222656,
    5.459510803222656
  ],
  "client_losses": [
    [
      1.5573487623196813
    ],
    [
      1.428861094916996
    ],
    [
      1.4267794242783562
    ],
    [
      1.4174869702653112
    ],
    [
      1.4002330248459898
    ],
    [
      1.3928949507321156
    ],
    [
      1.3661462833327636
    ],
    [
      1.3894953251345912
    ],
    [
      1.3900107808680668
    ],
    [
      1.3831192320534222
    ],
    [
      1.358012674625853
    ],
    [
      1.3645667194892148
    ],
    [
      1.3265574243525649
    ],
    [
      1.3160052725176428
    ],
    [
      1.31457525162498
    ],
    [
      1.3392943852812307
    ],
    [
      1.313154367642059
    ],
    [
      1.3442899440408773
    ],
    [
      1.3436390927271828
    ],
    [
      1.2984224178619195
    ],
    [
      1.3132434531128627
    ],
    [
      1.3281484698926636
    ],
    [
      1.293017623372514
    ],
    [
      1.3049111004133838
    ],
    [
      1.3057489967978286
    ],
    [
      1.3134674112364193
    ],
    [
      1.325381664537126
    ],
    [
      1.2629691161888141
    ],
    [
      1.3209188593352443
    ],
    [
      1.3044262569736165
    ],
    [
      1.2456339748647784
    ],
    [
      1.3057045779054384
    ],
    [
      1.2970956082635083
    ],
    [
      1.3136950813581587
    ],
    [
      1.2836230780267808
    ],
    [
      1.2800247158934417
    ],
    [
      1.2965135265864973
    ],
    [
      1.256940104987074
    ],
    [
      1.2590138144468082
    ]
  ],
  "tau_eff": [
    227.0,
    227.0,
    227.0,
    227.0,
    227.0,
    227.0,
    227.0,
    227.0,
    227.0,
    227.0,
    227.0,
    227.0,
    227.0,
    227.0,
    227.0,
    227.0,
    227.0,
    227.0,
    227.0,
    227.0,
    227.0,
    227.0,
    227.0,
    227.0,
    227.0,
    227.0,
    227.0,
    227.0,
    227.0,
    227.0,
    227.0,
    227.0,
    227.0,
    227.0,
    227.0,
    227.0,
    227.0,
    227.0,
    227.0
  ],
  "f1_macro": [
    0.13381443768989182,
    0.13833370277123763,
    0.19544235054989928,
    0.2187352493539978,
    0.15901084496726656,
    0.166703981401734,
    0.1914292800311455,
    0.17915121108083176,
    0.18285041185379353,
    0.1731804146107494,
    0.20430812714599114,
    0.20239565895206518,
    0.17781151833903516,
    0.15387668711920122,
    0.20445131089370655,
    0.17611318390176006,
    0.22229153016205827,
    0.19850446592276008,
    0.1923418127458853,
    0.21061416715872383,
    0.2478665520580518,
    0.22745487333709677,
    0.20761819842760354,
    0.22105732215366766,
    0.21713759214333642,
    0.18910448368511334,
    0.2352261031815417,
    0.2095022052218229,
    0.1911965166758769,
    0.21241818680679767,
    0.20637335922258454,
    0.20808258868550483,
    0.22410336511154233,
    0.23549537138243898,
    0.22145873951406236,
    0.20934119352557926,
    0.21229220115003997,
    0.21515633310463073,
    0.21825552419639335
  ],