{
  "rounds": [
    1,
    2,
    3,
    4,
    5,
    6,
    7,
    8,
    9,
    10,
    11,
    12,
    13,
    14,
    15,
    16,
    17,
    18,
    19,
    20,
    21,
    22,
    23,
    24,
    25,
    26,
    27,
    28,
    29,
    30,
    31,
    32,
    33,
    34,
    35,
    36,
    37,
    38,
    39,
    40,
    41,
    42,
    43,
    44,
    45,
    46,
    47,
    48,
    49,
    50,
    51,
    52,
    53,
    54,
    55,
    56,
    57,
    58,
    59,
    60,
    61,
    62,
    63,
    64,
    65,
    66,
    67,
    68,
    69,
    70,
    71,
    72,
    73,
    74,
    75,
    76,
    77,
    78,
    79,
    80,
    81,
    82,
    83,
    84,
    85,
    86,
    87,
    88,
    89,
    90,
    91,
    92,
    93,
    94,
    95,
    96,
    97,
    98,
    99,
    100,
    101,
    102,
    103,
    104,
    105,
    106,
    107,
    108,
    109,
    110,
    111,
    112,
    113,
    114,
    115,
    116,
    117,
    118,
    119,
    120
  ],
  "accuracy": [
    0.3132209405501331,
    0.4303460514640639,
    0.5013309671694764,
    0.5643300798580302,
    0.5075421472937001,
    0.5394853593611357,
    0.6302868973676428,
    0.5593019816622301,
    0.530908015380065,
    0.5306122448979592,
    0.4548950014788524,
    0.5347530316474416,
    0.5202602780242532,
    0.6086956521739131,
    0.5690624075717243,
    0.5998225377107365,
    0.556935817805383,
    0.590653652765454,
    0.5992309967465247,
    0.4738243123336291,
    0.5847382431233363,
    0.4152617568766637,
    0.642413487133984,
    0.5740905057675244,
    0.6539485359361136,
    0.5282460810411121,
    0.6184560780834073,
    0.6072167997633836,
    0.5628512274475007,
    0.6326530612244898,
    0.5326826382727003,
    0.6125406684412895,
    0.49127477077787635,
    0.5989352262644189,
    0.5220349009168885,
    0.6190476190476191,
    0.6447796509908311,
    0.6323572907423839,
    0.5980479148181012,
    0.5808932268559598,
    0.5998225377107365,
    0.6060337178349601,
    0.6406388642413487,
    0.6826382727003845,
    0.6533569949719018,
    0.6273291925465838,
    0.6051464063886424,
    0.5965690624075717,
    0.6332446021887016,
    0.627033422064478,
    0.6045548654244306,
    0.6320615202602781,
    0.6353149955634427,
    0.6291038154392191,
    0.54924578527063,
    0.5998225377107365,
    0.6004140786749482,
    0.5936113575865128,
    0.6199349304939367,
    0.6350192250813369,
    0.6415261756876663,
    0.6184560780834073,
    0.6240757172434191,
    0.6311742088139604,
    0.6069210292812778,
    0.6054421768707483,
    0.6711032238982549,
    0.6489204377403135,
    0.6746524696835255,
    0.6231884057971014,
    0.6199349304939367,
    0.5956817509612541,
    0.6548358473824313,
    0.6282165039929015,
    0.6388642413487134,
    0.626737651582372,
    0.634723454599231,
    0.5723158828748891,
    0.6959479443951494,
    0.5918367346938775,
    0.6409346347234546,
    0.5939071280686188,
    0.6285122744750073,
    0.6489204377403135,
    0.5817805383022774,
    0.6057379473528541,
    0.6228926353149956,
    0.6542443064182195,
    0.6249630286897367,
    0.6225968648328897,
    0.6542443064182195,
    0.6092871931381248,
    0.6625258799171843,
    0.6172729961549838,
    0.6462585034013606,
    0.6382727003845017,
    0.6199349304939367,
    0.6853002070393375,
    0.5661047027506655,
    0.5968648328896776,
    0.5944986690328306,
    0.5944986690328306,
    0.6311742088139604,
    0.6625258799171843,
    0.6853002070393375,
    0.6172729961549838,
    0.5959775214433599,
    0.6669624371487726,
    0.6492162082224194,
    0.6382727003845017,
    0.6228926353149956,
    0.6592724046140195,
    0.6205264714581484,
    0.6782017154687963,
    0.6258503401360545,
    0.554569653948536,
    0.6521739130434783,
    0.614019520851819,
    0.6486246672582077,
    0.6314699792960663
  ],
  "loss": [
    1.3403431350964126,
    1.2609877363883049,
    1.120342801393612,
    1.1145780003659649,
    1.1447903523957084,
    1.134351451733309,
    1.043376879098323,
    1.0581739134987371,
    1.1649688902214341,
    1.1228392500385171,
    1.1757618646867103,
    1.062612782512604,
    1.0148948812865535,
    0.9456383164060853,
    1.0723639423414928,
    0.9936989575439359,
    1.025091891809174,
    1.0352240703014959,
    0.9496214004777233,
    1.1501235437971429,
    0.9564863530815935,
    1.2276075971581393,
    0.924447823191352,
    0.98299613104033,
    0.8536762287545507,
    1.0748234176663949,
    0.873791460224384,
    0.9672953538977863,
    1.0311064585465999,
    0.8775912023302861,
    1.0537055534076776,
    0.878428635777753,
    1.1121974651082245,
    0.9053170865402177,
    1.0958717650684582,
    0.908314032725278,
    0.8849792493338134,
    0.9166772345825258,
    0.9780473779623623,
    0.9574891036870529,
    0.9039530917336622,
    0.9547359450827404,
    0.8977390122956618,
    0.8116768702921943,
    0.8600192048147,
    0.9075222074262703,
    0.9282151350640785,
    0.9566197853333779,
    0.8620919696468815,
    0.8952728261682488,
    0.9420308045331136,
    0.9194274698619622,
    0.8759465220763605,
    0.9081431222504958,
    1.0130263790862866,
    0.9391455392589304,
    0.9543751799400937,
    0.9349281225145233,
    0.9005245801014014,
    0.8953612748774789,
    0.8958199445893165,
    0.8738690170089509,
    0.8731886781344432,
    0.9328748404151129,
    0.8964845029534196,
    0.9396028625862869,
    0.8444179635328571,
    0.8537148624367701,
    0.8292288922480809,
    0.8954622251188498,
    0.9045092850456362,
    0.9322777905784321,
    0.8260812960725957,
    0.8860644993433688,
    0.8616518907665466,
    0.8737770269975547,
    0.8921769287627818,
    1.008943618560324,
    0.7901480700870267,
    0.9619602121146111,
    0.8390621691898141,
    0.9463106225983203,
    0.918888680224798,
    0.8571371480016023,
    1.0011962380715285,
    0.9110604101509359,
    0.9045358155825123,
    0.8760528400676979,
    0.8678594900637256,
    0.9308380191053239,
    0.8448254160893736,
    0.9195193314263187,
    0.8169552842670205,
    0.8757094959647159,
    0.8420297468389079,
    0.880649368602896,
    0.8410576781518571,
    0.8142739773431286,
    1.0750677023932482,
    0.900429664790648,
    0.9413961949908356,
    0.9593824722540516,
    0.8459868102833845,
    0.8419410925721036,
    0.8483533735847868,
    0.8769071794621023,
    0.9356479177951672,
    0.8143571870491301,
    0.8565377828391548,
    0.8818514084752513,
    0.9207677201948304,
    0.8363064513408162,
    0.8801306764320028,
    0.8346768828828953,
    0.8714024570699769,
    1.0879115697301658,
    0.8347677559021908,
    0.9457402915441224,
    0.8362218280474627,
    0.9071492047677975
  ],