{
  "rounds": [
    1
  ],
  "accuracy": [
    0.23333333333333334
  ],
  "loss": [
    1.6020984649658203
  ],
  "communication_mb": [
    10.919021606445312
  ],
  "client_losses": [
    [
      1.6682628949483236,
      1.6353152831395468
    ]
  ],
  "tau_eff": [
    8.0
  ],
  "f1_macro": [
    0.23948939948939948
  ],
  "per_class_f1": [
    [
      0.2,
      0.2857142857142857,
      0.18181818181818182,
      0.3076923076923077,
      0.2222222222222222
    ]
  ],
  "round_duration_s": [
    0.6351828575134277
  ]
}