{
  "round": 9,
  "loss": 0.8238173212084297,
  "accuracy": 0.6610395379831187,
  "timestamp": "2026-07-06T23:00:11.785017",
  "converged": false,
  "convergence_round": null
}