{
  "round": 4,
  "loss": 0.9015553695492157,
  "accuracy": 0.6706648896786613,
  "timestamp": "2026-07-06T22:51:41.370801",
  "converged": false,
  "convergence_round": null
}