{
  "round": 2,
  "loss": 1.499127447605133,
  "accuracy": 0.375,
  "f1_macro": 0.3239473684210526,
  "per_class_f1": [
    0.5,
    0.375,
    0.0,
    0.35,
    0.39473684210526316
  ],
  "timestamp": "2026-07-12T23:01:47.519315",
  "converged": false,
  "convergence_round": null
}