{
  "round": 7,
  "loss": 0.961623300389327,
  "accuracy": 0.6034355101436398,
  "timestamp": "2026-07-06T22:56:42.686797",
  "converged": false,
  "convergence_round": null
}