{
  "round": 10,
  "loss": 0.8261197774688809,
  "accuracy": 0.6993928624315119,
  "timestamp": "2026-07-06T23:01:51.901516",
  "converged": false,
  "convergence_round": null
}