{
  "round": 6,
  "loss": 0.9026682059332015,
  "accuracy": 0.6225381312009477,
  "timestamp": "2026-07-06T22:54:56.583804",
  "converged": false,
  "convergence_round": null
}