{
  "round": 1,
  "loss": 1.6028556525707245,
  "accuracy": 0.1875,
  "f1_macro": 0.15041666666666664,
  "per_class_f1": [
    0.125,
    0.0,
    0.0,
    0.5333333333333333,
    0.09375
  ],
  "timestamp": "2026-07-12T23:05:55.042879",
  "converged": false,
  "convergence_round": null
}