{
  "round": 5,
  "loss": 0.9144598678334738,
  "accuracy": 0.6629646083222271,
  "timestamp": "2026-07-06T22:53:18.530644",
  "converged": false,
  "convergence_round": null
}